sample_id,record_id,group_id,dataset,source_index,true_label_original,true_label_stage1,raw_feature_hash,scaled_feature_hash,raw_output,interpreted_probability,threshold,predicted_label,correct
stage2_multiclass:V:166,,,stage2_multiclass,166,V,1,c04e62b2a92591ac5d85aaa486c4db23c402c94c760aa9d38d1f232dbc05dd8e,fe0c8ac56dd3c640cc9100169219f868f788f5832610581fab2ed8deeb99c087,"[0.8243659138679504,0.17563413083553314]",0.17563413083553314,0.5800000000000001,0,False
stage2_multiclass:S:5039,,,stage2_multiclass,5039,S,1,5be9d4e069052fdd0ba229de53489544acd591724bc72c4b067e6a8191655e94,59b64d0af5059feaaed233b939f1609ed25a0ec67f4978e1196c3aea4a7d18c1,"[0.9154908657073975,0.08450910449028015]",0.08450910449028015,0.5800000000000001,0,False
stage2_multiclass:F:4550,,,stage2_multiclass,4550,F,1,235615b33d56eeb091a690ff27339e6fa9cf6303cdda6bd9b67cf0a6308d1a10,8ac0161e00512fca844ba48f8d6ed1bc4ab815ccdb239f5dce2b01ba11ba83e0,"[0.507088840007782,0.4929112493991852]",0.4929112493991852,0.5800000000000001,0,False
stage2_multiclass:V:168,,,stage2_multiclass,168,V,1,0e59f32da274905f2549bec46987a3e572f8f338db911967a0eb73eee8dc0745,33e76ccef6b837118fb45bea3289741aa76e289587be670e70eb64813ea18ab6,"[0.8247315287590027,0.1752685308456421]",0.1752685308456421,0.5800000000000001,0,False
stage2_multiclass:S:2552,,,stage2_multiclass,2552,S,1,e015c6636ab68f1a42fa8a2b54ba54dd89a0cf74b0fec4b0cf0f2750cfe216d7,b580df4327ce0d70006952a20fb44e2e15433d231633f57bd110f01d33f86fa0,"[0.8211288452148438,0.17887119948863983]",0.17887119948863983,0.5800000000000001,0,False
stage2_multiclass:V:637,,,stage2_multiclass,637,V,1,4f0b39559d594aaec17410e213ddcac1d7f763e862c1a1292a12cc9449c0d297,b53cb82174c3f61b9ae18c62c60a6bbd7dababf0c6b7b2e8f585d29e6a78adec,"[0.49864697456359863,0.5013530254364014]",0.5013530254364014,0.5800000000000001,0,False
stage2_multiclass:V:447,,,stage2_multiclass,447,V,1,d0c074b6c717fac95d90c9568be98f2741e9da27c04a4cdb9b7206e8a577798c,752962c1c742803cd0343483f04dd66ed8bcda9ec96d3fa2d9ddbabe9232c17f,"[0.8866109848022461,0.11338896304368973]",0.11338896304368973,0.5800000000000001,0,False
stage2_multiclass:S:3570,,,stage2_multiclass,3570,S,1,e9bf194532d7cb9096616b16e08221bb81adb7e4e20d1fd19080b1b6e10e30e2,6c4650da39bf46496f81b555460e260458a74a6e13ab791482b33bd8b1faa1fa,"[0.6305436491966248,0.36945635080337524]",0.36945635080337524,0.5800000000000001,0,False
stage2_multiclass:F:5859,,,stage2_multiclass,5859,F,1,b10c50af798798b652f0a047b3a5a19a1c42d74feae04a5a6436e2874fa865e2,f64beb3eddca65e56531947408e40d27df015113cf4bb42b0d5320daf03211ce,"[0.779779851436615,0.22022020816802979]",0.22022020816802979,0.5800000000000001,0,False
stage2_multiclass:V:657,,,stage2_multiclass,657,V,1,54676358ae97dfa0a70d30a4522e7925e85496ab2aa6a99f70598c039ab238a5,04332130379c3742e66de20ad3823a1615054b7bdf9aa205e2ef8d2d0626bbb6,"[0.5354682207107544,0.4645317792892456]",0.4645317792892456,0.5800000000000001,0,False
stage2_multiclass:S:5035,,,stage2_multiclass,5035,S,1,98784f0ffb39613ec20b4c4d203662df557481302aa3c0307ac92fecae86c751,ef1e504eca17cab048bb1f8a12fae31d1ab6c3a419581ed9a07492c62fe4fe32,"[0.916737973690033,0.08326206356287003]",0.08326206356287003,0.5800000000000001,0,False
stage2_multiclass:V:583,,,stage2_multiclass,583,V,1,f708409a4b682e98fc0256ec72cc4f938e2c68b4739fcd2a1961c38df13de99b,60fd17c1be0d341ccf396a26ca8b81337c55818fb83e5ff0ecfc5204709ebbdd,"[0.7894088625907898,0.21059119701385498]",0.21059119701385498,0.5800000000000001,0,False
stage2_multiclass:F:4806,,,stage2_multiclass,4806,F,1,52e5877f4901e9319f98a06e7fb9ab9f7c696a44dc60c3a4e2e5d9ee13e8c7aa,2c157845fea6b8147b0c4467deeedc158afe2784eaf53304cf93798aee1b4a68,"[0.3878924548625946,0.612107515335083]",0.612107515335083,0.5800000000000001,1,True
stage2_multiclass:V:341,,,stage2_multiclass,341,V,1,7da97a37e0eb008e764d31b7c8e0166c8c28a575c3e0ef1b39923f66b67792b6,e102053357afa310a99b148a5bf05f68e0940d186c7a6b1ba895337fe03c3bf1,"[0.9111146330833435,0.08888529986143112]",0.08888529986143112,0.5800000000000001,0,False
stage2_multiclass:F:4122,,,stage2_multiclass,4122,F,1,ebf46ffdc993f6a9e20fb8c918e0a651406e2b56c9541b2ae49b44dda1c463e5,559bfc5f2d3841e9522878ab1551524fb57428338adc13039e1898345e299a4d,"[0.42942652106285095,0.5705733895301819]",0.5705733895301819,0.5800000000000001,0,False
stage2_multiclass:V:227,,,stage2_multiclass,227,V,1,3a5d5baab2f7d466009c3a6b6b961fe0698b0f2ca0aa73829efa56359668dde6,1f81dd92b207828bb211349b53d622626ba1f4592bec96791a1c701021f82f8e,"[0.9103024005889893,0.08969753980636597]",0.08969753980636597,0.5800000000000001,0,False
stage2_multiclass:V:567,,,stage2_multiclass,567,V,1,acb3010753bf70d8de05a26999d65e6b8ed08b7409a0b91cbdc86ee1d8f4ca05,233524559d6716d66388e9d8e3735dd3dbc09716a316aa785159f335a2fd56e6,"[0.7734701037406921,0.22652986645698547]",0.22652986645698547,0.5800000000000001,0,False
stage2_multiclass:F:4900,,,stage2_multiclass,4900,F,1,53e418add51465410c36bf64a45d3f34b91fcc3a6f0c8993374f96164a26ff32,1b3302ac1a671649a0a18277746bff03439050b65502d3d4f3afcd0d07b37954,"[0.685865044593811,0.31413495540618896]",0.31413495540618896,0.5800000000000001,0,False
stage2_multiclass:S:3609,,,stage2_multiclass,3609,S,1,7157632107ec09f661746fca21df398747794d2f35db70ef0c7896cb9fa80667,610851be242cb4afeebe696970c74e611613926b902c709523d790e006acc9f9,"[0.8054158091545105,0.19458413124084473]",0.19458413124084473,0.5800000000000001,0,False
stage2_multiclass:F:4272,,,stage2_multiclass,4272,F,1,48c3791327b45a12d047331d3709eb92184f949bfa416296fbcd98c21a5153f3,82b36bf87cfc46763c7976985408f09dd58f24afaebfd413a114d3b09b2b4267,"[0.39796924591064453,0.6020306944847107]",0.6020306944847107,0.5800000000000001,1,True
stage2_multiclass:S:5131,,,stage2_multiclass,5131,S,1,514cb98ddfc7a80f7f7eb1818ff4d5e56ecb891414383a1b1f69f5509a31a6cc,ade1915299cf7cc45281956960f5e6b56a82d9211537bcd9e3c25f8106da0c9e,"[0.8897583484649658,0.11024167388677597]",0.11024167388677597,0.5800000000000001,0,False
stage2_multiclass:F:3711,,,stage2_multiclass,3711,F,1,7c006f8e0887923f259a8a066d0bafa8b8c669c4e9d7ac49535f9fa2fc951391,08deeb527466ceae1d8d326944002feb0c18064608ca895595291cc6a4361a5a,"[0.8533698916435242,0.1466301530599594]",0.1466301530599594,0.5800000000000001,0,False
stage2_multiclass:S:2292,,,stage2_multiclass,2292,S,1,fbf23f0c7e32db69776aacc41e8f8d9820b42cd8077ee71384681404727d80ed,4738beeb7bc27623a519a589acad4640a555f7b7d587550240a528f30524cb51,"[0.49407267570495605,0.505927324295044]",0.505927324295044,0.5800000000000001,0,False
stage2_multiclass:S:2693,,,stage2_multiclass,2693,S,1,f587ef8a71a9c6dfa96dd08a4504f5eed91deced9787c4e013de190ed3166cca,6936062bdd5a97bf5d1e4f95455d1ee138e147212b7df994cdf6dee049e43f64,"[0.802289605140686,0.19771036505699158]",0.19771036505699158,0.5800000000000001,0,False
stage2_multiclass:S:975,,,stage2_multiclass,975,S,1,e8cd6536325493245d85c90271a54782576ff19d92bcb6301566fb8e3f6ba62e,0a5be51bfbc959dff23974951f880a5d991824521250eaa86de198c3cd52fb2e,"[0.7248061895370483,0.27519381046295166]",0.27519381046295166,0.5800000000000001,0,False
stage2_multiclass:V:415,,,stage2_multiclass,415,V,1,da8f009e7441eff9845c20e6b5af432fe88285fb3ab7ca14e3db958f3101924f,66f837a1354da856a20b0bba213408cfb27c5eead1081671d5237e95f3fd5bb9,"[0.9256368279457092,0.07436320185661316]",0.07436320185661316,0.5800000000000001,0,False
stage2_multiclass:V:606,,,stage2_multiclass,606,V,1,1dc09da36db555a156111ac7ae31d0491c75e68b4b65c43b34e43c94ba23e2ba,11896d0406dce300117e0f9fb5d4370daafd3f4ce6ace45e380e2873006167fe,"[0.4337930977344513,0.5662069320678711]",0.5662069320678711,0.5800000000000001,0,False
stage2_multiclass:V:313,,,stage2_multiclass,313,V,1,4e18e0cd7f759ff814a643266e5031c83677f9037510283ea7750d384c856566,6e9a783f54ba463f4d6439ab8d92f184d9e21a0c1c00ab761f493c596e2fbdcd,"[0.6778939962387085,0.3221060037612915]",0.3221060037612915,0.5800000000000001,0,False
stage2_multiclass:V:235,,,stage2_multiclass,235,V,1,d4373392f3b82bf870bfd6e0c17f0e1624f459f0b0ed23366e05c043fd60f8ad,7a97172f57a6105209f6495ea03257523d4b9431f8f3d4d367677adaea00ea71,"[0.8171399235725403,0.18286004662513733]",0.18286004662513733,0.5800000000000001,0,False
stage2_multiclass:F:4466,,,stage2_multiclass,4466,F,1,3cc3b4643942f9ddc982b748b1eacc46ce55d01d3d421c614327f4e18b38df22,e0b3f061a3153d1408e44e9a93013ed2ccf86c8192c4992698134f3bd5c0102d,"[0.8599576950073242,0.1400422900915146]",0.1400422900915146,0.5800000000000001,0,False
stage2_multiclass:F:5812,,,stage2_multiclass,5812,F,1,cdec113db732e0fd2d5dd6a6ed2e8526d7a509987fd57a04fbfafeca548d20c6,4bf432c4400fc753fe0b51a1c0011697408b7719d85f0bbbc39b7711570b90e1,"[0.8864266276359558,0.11357332020998001]",0.11357332020998001,0.5800000000000001,0,False
stage2_multiclass:V:193,,,stage2_multiclass,193,V,1,efe7e08946ef0a0c4f25b557cb1496a3db67d6f9d88306482860ff4d44b1fe80,b3cc4854fb0d781f1058ceeef00d5002c34895c39271a4073c78a1c414166ea3,"[0.9414455890655518,0.05855434387922287]",0.05855434387922287,0.5800000000000001,0,False
stage2_multiclass:V:371,,,stage2_multiclass,371,V,1,e5c83b89db9e191f5b592335eacf312b0d28e90802c8edc88af2785d9ec3b0b0,71a2d6d5aaeb845144d89e574975e0e711b80f82929b5de3687d35290ae51ff3,"[0.4441863000392914,0.5558136701583862]",0.5558136701583862,0.5800000000000001,0,False
stage2_multiclass:V:543,,,stage2_multiclass,543,V,1,35419f1a314fe5bb1dea18ec3b3cd2f7b7852fedbba38e574895bec7f2140c5d,a41cc77bce9adc344d6331f7a61e450de6fe1c9ac2fe9246f1d726767ed49e95,"[0.8102284073829651,0.1897715926170349]",0.1897715926170349,0.5800000000000001,0,False
stage1_binary:N:49,,,stage1_binary,49,N,0,7146b2c83c0d8cf5a54ccc76b93f10e85bd93149c699eb9a025ce7ca9059bc0d,c2f4e4b758281987e1521f40e9eed9afc4ec2bd7f8e9b96c7c521605716da06d,"[0.5574694871902466,0.4425305128097534]",0.4425305128097534,0.5800000000000001,0,True
stage2_multiclass:V:124,,,stage2_multiclass,124,V,1,df6f99fd7c4d3dfdfebb03c4c539124b557685d954d6b15efc8b35b9261a80e7,cea47b95a15aca8ff6820e1c2a2b9b14422df7f790b01366b5c64fbbaf34ff9e,"[0.639430582523346,0.36056944727897644]",0.36056944727897644,0.5800000000000001,0,False
stage2_multiclass:S:5097,,,stage2_multiclass,5097,S,1,d38808af4d6a4aa0d071b4b74bf6c08fe6e654fc417452f68a43be178b0963d3,e5d1d74199224623e62814cab5934524fb1e2d542fb94e634fc08fe6993d8036,"[0.8988769054412842,0.10112304985523224]",0.10112304985523224,0.5800000000000001,0,False
stage2_multiclass:S:2578,,,stage2_multiclass,2578,S,1,cd97f535af7e81bb2c901f31a925c72b87539abbb17b776e79d81f7ce21da155,47a6e054fd7a5968b58df218bf54f096b439ba2391a91755fdec3a8dd5b2c234,"[0.7830321192741394,0.2169678807258606]",0.2169678807258606,0.5800000000000001,0,False
stage2_multiclass:S:3607,,,stage2_multiclass,3607,S,1,261e2e646811d3eda88bb86e88eecba9a6ff5a5a883919658796945fa6610cdb,f65e86d87594b6def2fecdea1b468fca4bfe4f954585deb215ec37ee540ed61f,"[0.6143099665641785,0.38569000363349915]",0.38569000363349915,0.5800000000000001,0,False
stage2_multiclass:F:5850,,,stage2_multiclass,5850,F,1,3bd318ea73397b139b1d4894e4be562f6755a3fed52e7802294f98fb55cd4bd6,0e364c467b45a84baaeae90e79cd9f34fdde109569c9f3424a02f3e04a7bce5f,"[0.41225388646125793,0.5877461433410645]",0.5877461433410645,0.5800000000000001,1,True
stage2_multiclass:V:212,,,stage2_multiclass,212,V,1,551e155da1d66277fb9c58beaeaafbd2e94c49defc1feb7d3ae82a9521e8327d,3802052d14d3a52c2bdeb3c35ac1cbfea829a37639ab3b66af06aaf40afb741b,"[0.9330266118049622,0.06697339564561844]",0.06697339564561844,0.5800000000000001,0,False
stage2_multiclass:S:5074,,,stage2_multiclass,5074,S,1,440876e191f96ff47ac00642589117d2065e905b8c0999026c7a923995ca0af3,914bf95d137d7572bea3975f7fab05124547e46575f0f45e532443715a290fd4,"[0.9199821352958679,0.08001784235239029]",0.08001784235239029,0.5800000000000001,0,False
stage2_multiclass:S:5093,,,stage2_multiclass,5093,S,1,83698485ec5cca0769bc5cb643cd03ee4d3bb05a0701b6bb50c1edd3d6f2aa06,47922be56ba2b049fa48a7c693347fe76a44414778728214dd41601743471ab4,"[0.8433470129966736,0.1566530168056488]",0.1566530168056488,0.5800000000000001,0,False
stage2_multiclass:V:589,,,stage2_multiclass,589,V,1,6693c1dc9ad900a70b221aa2dead475933cf55b18c6ab6ebd5a14f98acc0655b,6936c0f3495aead983f0100034451cdeab43dc6da11cccdaaa897aef3b668cd4,"[0.7729281783103943,0.22707180678844452]",0.22707180678844452,0.5800000000000001,0,False
stage2_multiclass:S:3623,,,stage2_multiclass,3623,S,1,ca0451aa36d849d8d06abffa12e220a5dbdf8baeb9e2ed567830c880662b4b5c,4874fb38cb934d9e7fc4ccbdb2f9a3a17b6f71c69fcc24e57a839c5f12ba2239,"[0.4349100589752197,0.5650899410247803]",0.5650899410247803,0.5800000000000001,0,False
stage2_multiclass:S:31,,,stage2_multiclass,31,S,1,168f6cb5fb20fa0e1b034d0a91bc8820cc82e5a00ddee239edfa14d029a965e2,797bb83e094173966d5f872178799aab91d32263dccbd7ce15c60b58a3ebd760,"[0.5734732747077942,0.4265267252922058]",0.4265267252922058,0.5800000000000001,0,False
stage2_multiclass:V:494,,,stage2_multiclass,494,V,1,8eb4905f502540153559caa201ec5748eea943b91979f10e31bac9e41ec23598,aeff572057f23c5408d5d0bad9c03a71db932066013c85d6b1ca165fdbdea2ab,"[0.8461806178092957,0.15381939709186554]",0.15381939709186554,0.5800000000000001,0,False
stage2_multiclass:S:3624,,,stage2_multiclass,3624,S,1,be026df5553b08225c1357541241eb47259d1e078d65e2400e3a469e027d84e6,5b0d7ea236a2515c4353a1d13d2f155f21f530f278d382510974539a866ad6bd,"[0.6228734254837036,0.3771264851093292]",0.3771264851093292,0.5800000000000001,0,False
stage2_multiclass:F:3753,,,stage2_multiclass,3753,F,1,38b8e1e7b77c0a92156d0ff66c1bcd98617a8f4172187f6f6cad55b50bace10e,ecb6a1718bac7c1486ab72f43664b9bbaf500b0770bbf7c27a1e0e76048225cb,"[0.8497731685638428,0.15022681653499603]",0.15022681653499603,0.5800000000000001,0,False
stage2_multiclass:V:382,,,stage2_multiclass,382,V,1,ae903f89b3e66076b0175f50bcb14040c47e14d2e71c58038a7073ad0d98ce46,802819267f8d220f2179a9f262a30096fe3448a80f1e4b20fef2a3616ed4e254,"[0.7694698572158813,0.23053012788295746]",0.23053012788295746,0.5800000000000001,0,False
stage2_multiclass:F:5790,,,stage2_multiclass,5790,F,1,3f94d505d0b68dfacfb6ed453edcdabe66830ceda05e298d03d763ffdd791a61,f8462350d5b282f26f52ea51d5d42a82676c040ea8aae843853ba21973a49fcb,"[0.6908795237541199,0.3091204762458801]",0.3091204762458801,0.5800000000000001,0,False
stage2_multiclass:V:62,,,stage2_multiclass,62,V,1,cc779b35ad4756a3685cf7bbdfb0c4ecbe5e3d13545683aa34dd7837c1c899c0,e068bc302deade51cc364566d931f1e35eb3631e0f1419a215e3dbbf42295691,"[0.821968674659729,0.17803128063678741]",0.17803128063678741,0.5800000000000001,0,False
stage2_multiclass:F:5722,,,stage2_multiclass,5722,F,1,3c670c396fe6df91f551726090093e6ed0b1196361c2d5372ce2b73a7d3cb430,80653d6c71f13cf6c49c90b6937468adc729db9c92e036d81707640c0a261282,"[0.8006570339202881,0.19934292137622833]",0.19934292137622833,0.5800000000000001,0,False
stage2_multiclass:V:297,,,stage2_multiclass,297,V,1,f784764175e627a54a09a8bcb3322dd74e4d82ac98915dd50b614b53b91a5d77,7b72f8d77088fe78a200b74adf685f577699b06cbc7e21b14c8871430c04989c,"[0.7999868988990784,0.2000131756067276]",0.2000131756067276,0.5800000000000001,0,False
stage2_multiclass:F:5971,,,stage2_multiclass,5971,F,1,e6c5fce1db28dfb3b903c7c8648ed72eb857b6ec086e7076ad55769196c27270,3e1b04ee4f90efe18983b045587be8378233816b22e0737244f0f07a968d7d68,"[0.8035492897033691,0.19645065069198608]",0.19645065069198608,0.5800000000000001,0,False
stage2_multiclass:F:4847,,,stage2_multiclass,4847,F,1,c2070e1aaa89672a7ccea1dfd6db4988578ff701eb7ec3eb62b38c2007e8f659,a3e181d7ed5773c41eff08388ee9ceb4345a8df10649dde8d456f486bb735e8a,"[0.8757681846618652,0.12423178553581238]",0.12423178553581238,0.5800000000000001,0,False
stage2_multiclass:V:603,,,stage2_multiclass,603,V,1,16d6178aaa76d753f332d4623be4b0f656d9aec8f555771f0de7ca525e33343c,3038a7af452e16c4646fc3a263d589c4b3e748d901575b0fe4790db31372fd9f,"[0.9419000744819641,0.05809991806745529]",0.05809991806745529,0.5800000000000001,0,False
stage2_multiclass:F:4242,,,stage2_multiclass,4242,F,1,c27bd3c8d70be8eedaebf439dadb89dbc4ebf9082d3241a8b628a4728afe6515,cc88e7e97c4104022755958c28cb8fae761e7bf736caeebdd5caa82d571a2ddf,"[0.905534029006958,0.09446605294942856]",0.09446605294942856,0.5800000000000001,0,False
stage2_multiclass:S:3597,,,stage2_multiclass,3597,S,1,a61c0500327fabe532aaeef8392e43670423456a866e0e3362837550ecb9de89,5c3af09a04f9f47ac107442c6f56a2c8ccd8d0d31d785f3c42ef136ff0954b97,"[0.6260029673576355,0.3739970624446869]",0.3739970624446869,0.5800000000000001,0,False
stage2_multiclass:S:3,,,stage2_multiclass,3,S,1,38e8e2cf6d6c2af6defaba120a0121e1e21ebba9e6095e006829d8efd019372b,59d3875fc61109561f6c73fbb4629c86991837ee76b3f749da5fbaa5458ab9af,"[0.5390959978103638,0.46090394258499146]",0.46090394258499146,0.5800000000000001,0,False
stage2_multiclass:S:3567,,,stage2_multiclass,3567,S,1,fed3f77d37a18375a064a4cb4718b04bc74c97938720665db8963fb72d33de07,8cade21dfb50616a3524e3f01c1cb75eed28427a8d7ae8c1b43be9fcd61702c8,"[0.6340728998184204,0.36592715978622437]",0.36592715978622437,0.5800000000000001,0,False
stage2_multiclass:S:5102,,,stage2_multiclass,5102,S,1,d5c1ed9443a94a9c9e243ddd5ef95111344dca8223e0ee868e4e8cfff38c4851,d1ea47f1154531b3e5131ba57f19a1086aa0379945b751d6b8992dbd6030e48b,"[0.9127662181854248,0.0872337594628334]",0.0872337594628334,0.5800000000000001,0,False
stage2_multiclass:S:674,,,stage2_multiclass,674,S,1,045fb96c20ab299e60dfea8f724f5cafc1c4db53fa0523150dda6fde73600dc5,afe3b5c951d9794c0e838732dce851fe1b11b60e728d75978ae097f8c7bfc488,"[0.8373249769210815,0.16267502307891846]",0.16267502307891846,0.5800000000000001,0,False
stage2_multiclass:V:441,,,stage2_multiclass,441,V,1,0f2a00501c4df36908499b678a9a94a2d4efee34295028b061ef2843a4303ede,9dd9076c165c4e88c815d3b6a6287e57236ead2c67685e32e49d89b9a3c89cce,"[0.7818170785903931,0.21818293631076813]",0.21818293631076813,0.5800000000000001,0,False
stage2_multiclass:F:3852,,,stage2_multiclass,3852,F,1,e73c3dae786e25e75327e6b787b184190c934d803fe6e8e9928064896c88a79f,139c2936ea4a537f91749740950ffe853c7a797016898eacc7f9084d6c5b26c1,"[0.45421046018600464,0.5457895994186401]",0.5457895994186401,0.5800000000000001,0,False
stage2_multiclass:F:4775,,,stage2_multiclass,4775,F,1,12d71749140b0acb5389bd8e8c1e13c600ccb7fdcec561c11a8d079a549a7790,c0ddd602084076db3a5c3ac93bb85d01dc7dabc113ef8b6a80b5ac7dd77c2cb1,"[0.42644554376602173,0.5735543966293335]",0.5735543966293335,0.5800000000000001,0,False
stage2_multiclass:F:4530,,,stage2_multiclass,4530,F,1,83e96aac077a6bcf2e4afa44bd57a566fb31ff108a19d6f22adfc6131bda7924,0dd72d6c12eaba942f4bb5907ae3b63715eaff483f51e24f087d17a7f867da0a,"[0.6874003410339355,0.31259965896606445]",0.31259965896606445,0.5800000000000001,0,False
stage2_multiclass:V:40,,,stage2_multiclass,40,V,1,e907ee855690308dcf6b92d2dc5746e8f6428d559c6e0b89f446944f26cd35ab,ae58d2efbc16631e275f14bc84fe011a7244ab15cae059043d7c27f1712dacba,"[0.8693242073059082,0.1306757926940918]",0.1306757926940918,0.5800000000000001,0,False
stage2_multiclass:S:5043,,,stage2_multiclass,5043,S,1,40e558e16e7a47aa69b5d9a3fbe7526b51048e37890590030825ca05ced5a08d,fb088805cd4cb493b9c9085d66f9edb0b673c6a74b8d483da2aa79de5df7aa2b,"[0.6439157128334045,0.35608434677124023]",0.35608434677124023,0.5800000000000001,0,False
stage2_multiclass:S:986,,,stage2_multiclass,986,S,1,25211018922da47cfb0e2b48bdfb142be624ac080b821b8a4caf52f361247b16,31387062bfa0837790ba1884d2db5b743be83d543beb840fd7591f917aea1d7f,"[0.5815165638923645,0.4184834361076355]",0.4184834361076355,0.5800000000000001,0,False
stage2_multiclass:V:648,,,stage2_multiclass,648,V,1,9e6b54626edc15a9846ede1c52bad4ea4ff7f5da632dcf1dc9c3e5fb3dddf34e,a6522cfd70afb8e8fa0ce2c1cd69d5bbe85d573707423e017635eea5f5606a69,"[0.427279531955719,0.572720468044281]",0.572720468044281,0.5800000000000001,0,False
stage2_multiclass:F:3812,,,stage2_multiclass,3812,F,1,f6baa2493b39eca4c01ce5eebdb8d5cabad3ece270540a37dfa2bb588b1ae75b,e572a149ced60e3aac0739214b43f15279c2fafe2f2ec4a177b8841075ad4bf8,"[0.8755182027816772,0.12448178976774216]",0.12448178976774216,0.5800000000000001,0,False
stage1_binary:N:108,,,stage1_binary,108,N,0,2e598d78e3c962eac42129f699dedfb5b456f90981031cfa08601ac5dc7d928e,d08192c16ac3da04abf987b05339bad1e6d64ea6b4e670e3d230d29755db508f,"[0.525136411190033,0.47486355900764465]",0.47486355900764465,0.5800000000000001,0,True
stage2_multiclass:V:386,,,stage2_multiclass,386,V,1,69ba4d97a2ef1264213682f9dc937231c33fb45b0dce14526dd1ebdbdb4045dd,d7beb072718d11c965e1028469da6539ceef075223d52c19c56dd8a8c12bf912,"[0.8490274548530579,0.15097250044345856]",0.15097250044345856,0.5800000000000001,0,False
stage2_multiclass:S:5040,,,stage2_multiclass,5040,S,1,09277c4fd4c013117ede835f4e5e291e51cb15fc35b7fd292070a582f2f12e14,b0f750bd8370817e5c4ce510910faff0b6d904f957e2cf74c61daec0818fad5c,"[0.909683108329773,0.09031691402196884]",0.09031691402196884,0.5800000000000001,0,False
stage2_multiclass:S:2427,,,stage2_multiclass,2427,S,1,bc6f2d75f459ed7d5997ae12c7577d9ca4392ad1c3c957e44541deeea9f2e5ae,d9674e0ffe0dc12b86dda9fd5b68cb1a69348f8c6f11c3800b9923975a3d2041,"[0.8169586062431335,0.18304139375686646]",0.18304139375686646,0.5800000000000001,0,False
stage2_multiclass:V:430,,,stage2_multiclass,430,V,1,3101449fba48ca52dab6c717c13c844694c39736ed14799e26f5ea17269e07d0,51f8e355677145b828c61ffc88348e0094e476195c01e273308f0c715a7d4f38,"[0.3892561197280884,0.6107438206672668]",0.6107438206672668,0.5800000000000001,1,True
stage1_binary:N:48,,,stage1_binary,48,N,0,9875677b58aa072a0fcfcd806fc7b0c47cbe5ca6336614affed158c363a748cb,764a8b862acadb73eda53053a184f0f0ab15fd47d217d07c1c41caf15671a42e,"[0.5677550435066223,0.4322449862957001]",0.4322449862957001,0.5800000000000001,0,True
stage2_multiclass:V:380,,,stage2_multiclass,380,V,1,418d23677271801f250310c8805579d2e390bdb59acce124179d5606dc4b912d,d81752a7e017c4863669ee6949c307c09c2b5386d2e98941ac74c9b7e0cc14ad,"[0.8154991865158081,0.18450085818767548]",0.18450085818767548,0.5800000000000001,0,False
stage2_multiclass:F:5757,,,stage2_multiclass,5757,F,1,43f7f49aa9a26719855b3c169222e6d7af8f75881f628b76d1b4db974e0b3c96,3914ee5f1378462d4e7960b3ea7120d0e38b97f72c7fdaea85b22116d9e03698,"[0.41911810636520386,0.5808818936347961]",0.5808818936347961,0.5800000000000001,1,True
stage2_multiclass:V:55,,,stage2_multiclass,55,V,1,65c1fe5d26077a01c9ba5db0aae7b03d90f8d1021ab0572655a7733a0638fbf4,3fa8cf976b4b99a5b19bfc1bc472115c162f87f0b79d75696ba6fd65a80baf7b,"[0.7874534130096436,0.21254660189151764]",0.21254660189151764,0.5800000000000001,0,False
stage2_multiclass:V:246,,,stage2_multiclass,246,V,1,b5fc6980c018f171d0ea25ce1bfaf0d452abb1414189e67019c84d8ca4afcbb3,d63ceba3618ae427027c8721409419a6dc42ccd23cd2a0f6ae8db588aa8eb9df,"[0.9196597933769226,0.08034014701843262]",0.08034014701843262,0.5800000000000001,0,False
stage2_multiclass:F:4378,,,stage2_multiclass,4378,F,1,57258c94d5f131ea68ac9bc6fba1088dbacb6e936a44431434c0567e9291df1f,032e51ff4b6b69e6018cdf33d5c350d4e9908dcddcac964c02c50ebdd11a1dd9,"[0.941539466381073,0.058460552245378494]",0.058460552245378494,0.5800000000000001,0,False
stage2_multiclass:S:1013,,,stage2_multiclass,1013,S,1,c453899bf31c0f16614a64959eca3b944587c76f4128ff281acde293091da89a,063266c9846b95a45ecdb42fafd7625708c7585a54ff39205d54e45efcf81661,"[0.8227882981300354,0.17721174657344818]",0.17721174657344818,0.5800000000000001,0,False
stage2_multiclass:V:299,,,stage2_multiclass,299,V,1,641401372a10c735abc8134317bec3cb53f4ec96d437e5265e201c6438c94e8a,91193704224b43d062d77b010189e3a2143a92ad561cd402b7ad129f519596b0,"[0.9414367079734802,0.05856329947710037]",0.05856329947710037,0.5800000000000001,0,False
stage2_multiclass:F:5785,,,stage2_multiclass,5785,F,1,2dc5d5071d2830c6a31c82c78e03040bf95c5b8fac69bd669a31ac9f023ad460,fcbfc3fd6b5e2e4094b38ece739e172c659400bcabc5c5e9667cb0a5a3c12957,"[0.7648811340332031,0.23511889576911926]",0.23511889576911926,0.5800000000000001,0,False
stage2_multiclass:S:1016,,,stage2_multiclass,1016,S,1,d246b28a4fe2682fd65629024319880908228efaacf9eadc4edb36673208723b,0430bbb3842748855e82a61b28b8a2c39a8d7d48f54f9733fd91d9a8d8e2f151,"[0.7053283452987671,0.2946717143058777]",0.2946717143058777,0.5800000000000001,0,False
stage2_multiclass:S:733,,,stage2_multiclass,733,S,1,b2c171b48920e8e898bd887153337d5011f588f2e6a17e12a0b5bd14469033b5,1514ec53a7892fb434eb015238e7daacc78d0ada29249d65cb7184f5a0da863f,"[0.9361425638198853,0.06385740637779236]",0.06385740637779236,0.5800000000000001,0,False
stage2_multiclass:F:4188,,,stage2_multiclass,4188,F,1,e5ae9470f89b508dc0d1690575fad60b9dc816767e7cf2ef6692204a0a4e093e,9efdc16cf0cac30fa2ddde6c4348749127ae4b099f5bed3eb3336977552bf27a,"[0.8580780625343323,0.14192195236682892]",0.14192195236682892,0.5800000000000001,0,False
stage2_multiclass:V:547,,,stage2_multiclass,547,V,1,c1a45dd04640bbd4c30dda3cbea3075c8ecb9bfceb696c0d9cd416ce643075b6,aa9ff8dd1110b7867193d3123e2f7029b0e787f275e7c444c936db4e2fdc711e,"[0.8087707161903381,0.19122929871082306]",0.19122929871082306,0.5800000000000001,0,False
stage2_multiclass:F:4396,,,stage2_multiclass,4396,F,1,d191e16acb25b2ac7edaeaf1eebabe4b451f520f5648484e8709d5f91ceae94d,9af705ef52d9e43e5c1c12c2b5679541762645fe02b5bbafc6cc40d627d47467,"[0.37879326939582825,0.6212067604064941]",0.6212067604064941,0.5800000000000001,1,True
stage2_multiclass:F:5736,,,stage2_multiclass,5736,F,1,f0ede6504ee29069909c43aee6cd932d4844c2a83c4198cd40b6d441c33dccf4,f5a986cf387400a026c82c74b6b28c92e904231ec348761893e4a718a59b4671,"[0.7177439332008362,0.2822560667991638]",0.2822560667991638,0.5800000000000001,0,False
stage2_multiclass:F:3676,,,stage2_multiclass,3676,F,1,bc6f161aa5dddb4586052124977f214b818fa32fe894f8c6c58ada96e32f107b,1efe62fdefef588e58f948d5e5eb72fa01d75116cd6a20ec08fa47e5a85cebd1,"[0.8591389060020447,0.1408611536026001]",0.1408611536026001,0.5800000000000001,0,False
stage2_multiclass:V:149,,,stage2_multiclass,149,V,1,35dd3c4ef355aaf02fdf28da4f2a641104521af71ea1315ba2ef412e8c4a08a7,4aade7a176b34b67c9c8237aa0ef170c974407d8008b96e532159b01eb51c0b6,"[0.8326115608215332,0.1673884391784668]",0.1673884391784668,0.5800000000000001,0,False
stage2_multiclass:V:65,,,stage2_multiclass,65,V,1,e9c7d98e1e877cc905e2ef43945e03496a00f5afa8104d5d7d58fce728699cae,9e455939e3a75b4b46b94039c311d9d3cf20d76d48e97561b075802e24f1e037,"[0.8060646057128906,0.193935364484787]",0.193935364484787,0.5800000000000001,0,False
stage2_multiclass:S:5141,,,stage2_multiclass,5141,S,1,f183894dc1e927fbde0e100d0c0673c335903986df8b88b6e54b1bad6fa48e1f,df3fb7e1ac7f50e4966cb1fa973940cf6ae45759de1d86c9cdecff815cd2684e,"[0.8961247205734253,0.1038753092288971]",0.1038753092288971,0.5800000000000001,0,False
stage2_multiclass:S:2731,,,stage2_multiclass,2731,S,1,846f2ca2d5ebe296b51c13b5c3ae2f5a25a157aa4d4bcc8f782e932c190159dc,dc7e00ddfccf0d5d60e7ad80b4a805268208a3a5917c7b6bdc25a0a679d41634,"[0.8202847838401794,0.17971515655517578]",0.17971515655517578,0.5800000000000001,0,False
stage2_multiclass:S:2692,,,stage2_multiclass,2692,S,1,51e36dde8aca4dab0298f0aa30c20f4dae28f731a30a46e7e841694a2ad20290,de6b6fce497756b4e1693f854edfeb534f8060c7803553117f639118ed98e82b,"[0.7842579483985901,0.21574202179908752]",0.21574202179908752,0.5800000000000001,0,False
stage1_binary:N:29,,,stage1_binary,29,N,0,04da4bbee0b522e14e700f1c15402f0a33b2e46d7df7690a5dc00c56a51b14b7,436a7afcd2ed95de91dd01144df0301d9761d09cbd2dc490987bb6d21882f0af,"[0.5367320775985718,0.4632679522037506]",0.4632679522037506,0.5800000000000001,0,True
stage2_multiclass:F:4164,,,stage2_multiclass,4164,F,1,bc6bb5e0e1baaa6c748b68ae223f7cb6ecb5a9367ecbf071b6b11c66f4895829,6e65ac95e379da444db54224e38f559ecf90af3d3e1998a4524905606cb79f72,"[0.43121179938316345,0.5687881112098694]",0.5687881112098694,0.5800000000000001,0,False
stage2_multiclass:F:4234,,,stage2_multiclass,4234,F,1,953c85c44f41aeb20f2f55c93fc95c232aa257b34149edb3794c96f88bac9748,d733efe7be373ce3860e14b987451fbf7e29674d09c7a5f640dc2400f75342dd,"[0.5823668837547302,0.4176330864429474]",0.4176330864429474,0.5800000000000001,0,False
stage2_multiclass:V:354,,,stage2_multiclass,354,V,1,30f5f68fa21ad2252f21f0149a3527535d6551cb3f3ae71fdb4e11db6ef615fb,593ceee326f803964e7000d9fe96e1713085ec4d6cb9760f0b85650fd1c22ccd,"[0.39894211292266846,0.6010578870773315]",0.6010578870773315,0.5800000000000001,1,True
stage2_multiclass:V:542,,,stage2_multiclass,542,V,1,18d2ffd7dbe370bb1b701c5f423f33cb9bacca73d317a7a46e9c4e1731eebd1e,8b540e648be57dccca34636abdef96fbaa075728db94f8b7a7a941956d035ded,"[0.8217588663101196,0.17824117839336395]",0.17824117839336395,0.5800000000000001,0,False
stage1_binary:N:39,,,stage1_binary,39,N,0,75b3e72771deca70febd15a4e184465068a60132ed45f0362290f2d9fb34c0ba,9d2a7b21967e5ea70294158d8d76c13d8299a2897a7897e5a117cbf06d377a40,"[0.5735000967979431,0.4264999330043793]",0.4264999330043793,0.5800000000000001,0,True
stage2_multiclass:V:640,,,stage2_multiclass,640,V,1,fe48b78956a31f0917a837a5332a6a1c54592f9297f14d736c1d3dc3de6eb0bd,c6fb17e95a520b0768877916915cb91b9c594eb4d0386a1fb85a0a57979e31f6,"[0.4556632339954376,0.54433673620224]",0.54433673620224,0.5800000000000001,0,False
stage1_binary:N:81,,,stage1_binary,81,N,0,2709aa4daac2911b7da809a6430fc481b7583cdd4c346aa112a989fcd42d797a,60daaee7eaaab341729bc300f1813b4601bb7515f75e7a82e3fd3807e0ed17d1,"[0.5842785239219666,0.41572144627571106]",0.41572144627571106,0.5800000000000001,0,True
stage1_binary:N:71,,,stage1_binary,71,N,0,69e63e6547e14e6a1d3157cdc60784eb44168fe4be2df83581016d07f5f025a8,07b6e91531741c89490aa470e235e6642fe98ff71fba3bc479483355bc37b874,"[0.5718101263046265,0.42818987369537354]",0.42818987369537354,0.5800000000000001,0,True
stage2_multiclass:V:536,,,stage2_multiclass,536,V,1,2bbea33d70a1b4f70cd3767fe9440f533b6a07d9a3fa12bbca6114f4a70d47f5,c74a1f2605b363dc4bdc2bcf536c22991b30428d4ecef416c04bc74983bb45fa,"[0.8555895686149597,0.14441050589084625]",0.14441050589084625,0.5800000000000001,0,False
stage2_multiclass:S:2342,,,stage2_multiclass,2342,S,1,e5e41007c936793305abcb1dd743cb4e1b8d8e09c493475b3bb422ca4739e218,722b18870deae9a8378fd8bdbaa4267e4041c5130f202bc15fca03e897b92588,"[0.8490816950798035,0.15091829001903534]",0.15091829001903534,0.5800000000000001,0,False
stage1_binary:N:1,,,stage1_binary,1,N,0,543b785822a1a1494c3392bbe9b6e23f5c40439a7a241a276b5511b79029b0d8,87717d4a102bcb63f73167e46ab1e2b8a479a58df1d72f96a79a7fe339f88815,"[0.5144484043121338,0.4855515658855438]",0.4855515658855438,0.5800000000000001,0,True
stage2_multiclass:V:487,,,stage2_multiclass,487,V,1,f632f25a6aa2d4cde82bc8d24605110f69ffd2b6259ccd3a965fab828e6f8197,451660997c1910f03f5abe7c919f80d9c768943a4404937795fe011f073db8ea,"[0.8385096192359924,0.1614903211593628]",0.1614903211593628,0.5800000000000001,0,False
stage2_multiclass:S:776,,,stage2_multiclass,776,S,1,a62a51c1785380dfffd8022522fbf20d237a7a4e3182eca2610086173962c461,a0420e387d8db0010e16843d81739acce3bafd689676c1aeca9d4de5152a96b3,"[0.853512167930603,0.14648781716823578]",0.14648781716823578,0.5800000000000001,0,False
stage2_multiclass:F:5849,,,stage2_multiclass,5849,F,1,44ffd07f0ff26b305e0e13d6f1798b93d4aaf1619139013ce581375517bcd422,c80bcc6c9c636434455216558b90f31c54de486018d9632984b1247a6b379f85,"[0.7481115460395813,0.2518884241580963]",0.2518884241580963,0.5800000000000001,0,False
stage2_multiclass:S:2420,,,stage2_multiclass,2420,S,1,ca8d82419e8e56940e719df2e9b512b76cfa7e213f0e787393d5adac16d993e5,3b114ed6f031da409dc870317f4ee6360f292812dbea912af668ea4feac06121,"[0.8192295432090759,0.18077050149440765]",0.18077050149440765,0.5800000000000001,0,False
stage2_multiclass:S:2792,,,stage2_multiclass,2792,S,1,029228f928df05c2aa674807219bbeb26f2ca9ea676035f237bd04c3c7bf5d32,fdd6c2adf3983b40d26f3371c18ed039d5da8455514338e4c203be8d0487a9d3,"[0.7714970707893372,0.22850295901298523]",0.22850295901298523,0.5800000000000001,0,False
stage2_multiclass:F:4424,,,stage2_multiclass,4424,F,1,38a0ce6feb98addadad40a036013943f613f79dc3d7fd8d280f1be2fed2a1545,f9282b6df6c931a9131403c5c78feef0f1ca2ad863d6e075cf564844fb362a02,"[0.4261466860771179,0.5738533139228821]",0.5738533139228821,0.5800000000000001,0,False
stage2_multiclass:V:255,,,stage2_multiclass,255,V,1,10627530db38f81eeb45171b08cf287e8317605e701f5a446a93453c3395e450,f528f20e7b1cae82b7e02efa26b5926d1b8b31f381a57a95933ec1ef94a26bcf,"[0.8184987902641296,0.18150123953819275]",0.18150123953819275,0.5800000000000001,0,False
stage2_multiclass:S:5139,,,stage2_multiclass,5139,S,1,1a3c00fbc775b1b9f70663813064594815c360f78f8568f70ba0867a9adbd190,fa293d32c0cc1c74762e2ea1549b92325901ee9f05c2e1e001c8e1d6e606c35f,"[0.8888100385665894,0.11118995398283005]",0.11118995398283005,0.5800000000000001,0,False
stage2_multiclass:S:2383,,,stage2_multiclass,2383,S,1,70fad971740c91ed89fa8a3432879f577e75370cf6f8e36830e431fe68f49e9d,1dff2c12e9a635917112e625ca73722d5edd42a3d27cb488e7464ea4f9d2518a,"[0.509428858757019,0.4905710816383362]",0.4905710816383362,0.5800000000000001,0,False
stage2_multiclass:V:396,,,stage2_multiclass,396,V,1,74084b05e5fb13f6dfdd964b420cce0fa50f39ff4a43e3422f49bf220181c584,020920ae44690ee2b1ad844c39e00c04c0ed4e3b0ccc582cc2f5b56d98c39f1b,"[0.7753699421882629,0.22463008761405945]",0.22463008761405945,0.5800000000000001,0,False
stage2_multiclass:F:5738,,,stage2_multiclass,5738,F,1,7dea18442cd008fbd214ffac36b3c071264b2c4a478bd1fe0a113f4d3db370e0,edee7febf1eb0f9d8027b7e85254f8738b77825aa8490bf16f0ad367a35e59a2,"[0.7215191125869751,0.2784808874130249]",0.2784808874130249,0.5800000000000001,0,False
stage2_multiclass:V:308,,,stage2_multiclass,308,V,1,081b739c47aaa4c5b72365c4c0e93620227236af30eff538a7ae89883c2f4217,a0598e007ecc96d49c1f95af54cc891ee17d1d9ec0b94762fd5249cc072a409f,"[0.8390893936157227,0.16091065108776093]",0.16091065108776093,0.5800000000000001,0,False
stage2_multiclass:F:4354,,,stage2_multiclass,4354,F,1,253692fda4c0e75d5c68cd36604ac4b976e764a78160caae6ef1508d6782ceed,41ca18818f3bf4d3eb86d6f88453aa691b22beb94e0760f46bea12dae1de0ba1,"[0.4140974283218384,0.5859026312828064]",0.5859026312828064,0.5800000000000001,1,True
stage2_multiclass:V:678,,,stage2_multiclass,678,V,1,5afd409be717101158c51675e2334e2bf4c5fb8e6235fee7d9dd2a8f795aa423,12628f7ec99c557f03bcfb741231f99909843d2a58ab339458b859b55fdf5bc0,"[0.8467796444892883,0.15322038531303406]",0.15322038531303406,0.5800000000000001,0,False
stage2_multiclass:S:953,,,stage2_multiclass,953,S,1,55fc92deae127bbb42aa20e1fa8cc26c2f60e016458ee1afa954ebec5ec8ce4e,8a99142b13cca4e6256be67e69dda9d3b6c214c6b0dc766b9690166af104d40a,"[0.4578085243701935,0.5421914458274841]",0.5421914458274841,0.5800000000000001,0,False
stage2_multiclass:V:429,,,stage2_multiclass,429,V,1,5c09afdaf309aecea83b59e82c841737090deb6ead863111f2461f594e5f1e1e,c0cb6db0011070d183bd2d27100addb5f335c6b2a93ee73cbaf4339933835bcb,"[0.8858391642570496,0.11416085809469223]",0.11416085809469223,0.5800000000000001,0,False
stage2_multiclass:F:3740,,,stage2_multiclass,3740,F,1,2c3908f5cdd9502a82fb901e3d23d0eec416292b69e34e832f8fea771d515423,7df1282e90d74f031820c0625655b3bc6f63ec08b8bf8f641a3e1cfb0ed49aa1,"[0.84639573097229,0.15360425412654877]",0.15360425412654877,0.5800000000000001,0,False
stage2_multiclass:S:5100,,,stage2_multiclass,5100,S,1,bf2423b39989078e6634d3866cfcfadb2b73963890bad524903bbcce8dde939f,082aecc18d4ed2c1a1c7dd5b3472bc46a9c72cfd176a8764c26936a8d1d61ca2,"[0.9173201322555542,0.0826798751950264]",0.0826798751950264,0.5800000000000001,0,False
stage2_multiclass:V:402,,,stage2_multiclass,402,V,1,e203b2530a26935d5726d12a21d25e2350bda4edcb7ced926266cede747e26f5,3cffebccba439f65b123e95becc9dfb15b469bfb81dcb99c11c0c63c35aefe41,"[0.9250578880310059,0.07494212687015533]",0.07494212687015533,0.5800000000000001,0,False
stage2_multiclass:S:5042,,,stage2_multiclass,5042,S,1,7260d99be1287f971a192cb089e9dd9c7e3ada9e52cb74dff19654cddcee80aa,14f9acb06d8fb0148d79ccb868f9f276faf97b4e663375598effcfd7212045bc,"[0.8418785929679871,0.15812140703201294]",0.15812140703201294,0.5800000000000001,0,False
stage2_multiclass:F:5641,,,stage2_multiclass,5641,F,1,fdeaa1f95177d2ef1f44e8deb5b448e57e923265444802c27f8591ffa28731a8,ea0282a88fcc5394a44b72c516832cbd1f3bfded25b0a0575a14158e4980d577,"[0.7736057043075562,0.22639431059360504]",0.22639431059360504,0.5800000000000001,0,False
stage2_multiclass:V:217,,,stage2_multiclass,217,V,1,91963cfea379c4bb1e3759472504b608f770993a00b7e06f18d2701a50ac0c1f,0e389c456bdbc1fe4663b613bcc9543c29bceca1adeee730505d71d308f25c7b,"[0.9308547377586365,0.06914520263671875]",0.06914520263671875,0.5800000000000001,0,False
stage2_multiclass:V:565,,,stage2_multiclass,565,V,1,6f9ef06d5fe4b02746f0b9598477a37b31f2c9c72ae8d1bfa9a5643e100ba9c6,52000e2b72b2deabbd58c234787cd7c19d8831dcd9883dca6fd51fa17f44e1db,"[0.8522686958312988,0.1477312594652176]",0.1477312594652176,0.5800000000000001,0,False
stage2_multiclass:S:957,,,stage2_multiclass,957,S,1,884d9ad10bc915f28148b140c4625a1b9f622398ba707559c130f7c04507756e,4160a58e2f4c6e25280213e7d4a09e179ef79a7e0eb70e47cc813c8f847933dc,"[0.8028351664543152,0.1971648633480072]",0.1971648633480072,0.5800000000000001,0,False
stage2_multiclass:S:781,,,stage2_multiclass,781,S,1,8898743ccae2dd592e05495af06f15207f710cf63d76edca8dabe3d07acde014,e4b76e07c1d43491d4ed3fac114317896799e5c839c51134d8c760481e2ff93e,"[0.8589475750923157,0.14105243980884552]",0.14105243980884552,0.5800000000000001,0,False
stage2_multiclass:V:596,,,stage2_multiclass,596,V,1,fae3e7143c6a018baf36425422616ff2696dd1444bb971cb30891ff54456b5b4,4983983eec9cfc0b859653f5c31ce5e751acbb6bd2f4feb70df05c645ede2daf,"[0.7742120027542114,0.22578799724578857]",0.22578799724578857,0.5800000000000001,0,False
stage2_multiclass:F:4360,,,stage2_multiclass,4360,F,1,d1e5789b774cd9fe86f771a12af2db3b46c4f32c804975593c4927a8345add60,57f014b40834448c6ed5a92b0154a36e92100a7c5cfa0cf18cf66c83f2a5d556,"[0.4321556091308594,0.5678444504737854]",0.5678444504737854,0.5800000000000001,0,False
stage2_multiclass:S:977,,,stage2_multiclass,977,S,1,1bf4a89b5e91c5190cebc047e0c44e5c66c07aea3f7f5d6b37c6b12120c17ba8,f2660474d60f50e4b2d6538541d5ad51ba214eb46b3e0639724d5bf3f73a4003,"[0.789985716342926,0.21001429855823517]",0.21001429855823517,0.5800000000000001,0,False
stage2_multiclass:V:56,,,stage2_multiclass,56,V,1,17fa942222e82731e37419817eded7874cb2ed1f77bb21f0ec09eca84284695d,75d5d9051d39096e6c49208cccbad9a3a0ea20a9c2519f3071a2ba9a505c0f82,"[0.7387130856513977,0.2612868845462799]",0.2612868845462799,0.5800000000000001,0,False
stage2_multiclass:S:926,,,stage2_multiclass,926,S,1,7a7ef3df1d895cdfb28495473d5ae698a4457d8f247ea3485198e7e8af3550e3,064159f047f85b5ad2ed4686bb08b8f6a82e4b3295a79a22a1abd6174cc74a4c,"[0.7107569575309753,0.28924307227134705]",0.28924307227134705,0.5800000000000001,0,False
stage2_multiclass:F:2804,,,stage2_multiclass,2804,F,1,660d8e37a2b85e087f907066864216dfec0226c1c0fdee2075a2b8af1f3a39b6,0d02ae6b60571d561e48d2ab144900e735367752c7b0594474c2fa3078d77337,"[0.8365646600723267,0.16343533992767334]",0.16343533992767334,0.5800000000000001,0,False
stage2_multiclass:V:546,,,stage2_multiclass,546,V,1,2a131f525a97aeb3668dc6184d0883709c823a6607adde3c512dff0d000a028b,b9d298be3597e0dff7142575a198cb29b9a6ade7d5379209bc2ad9873892542f,"[0.5715745687484741,0.42842549085617065]",0.42842549085617065,0.5800000000000001,0,False
stage2_multiclass:F:4166,,,stage2_multiclass,4166,F,1,c086559e495498c2c4bb1dcec4580ff627919db49d7c30452ef4388b8ebf120c,9fd19fb86d289943355dacd6db7ff6649061c43ae8bbaa79fbd399f83b3b86e6,"[0.45059773325920105,0.5494021773338318]",0.5494021773338318,0.5800000000000001,0,False
stage2_multiclass:F:4202,,,stage2_multiclass,4202,F,1,009a14e43383bcf7c16b29fdfbdd366941af1abcd6494768d90101c32780562a,b2a4ff44e0a04f449fd21e2b8b93408522231063197d7683160fb55dbc435555,"[0.8832883238792419,0.11671164631843567]",0.11671164631843567,0.5800000000000001,0,False
stage2_multiclass:F:3921,,,stage2_multiclass,3921,F,1,a0bc7e104a9414d85ee57018d7b422bcc89edd6b64f3e5122736a1c7538ccad9,f45bed9f68fdc89bb37ed168a0d7cddee42c500f7685a66ca60af73304772271,"[0.8447432518005371,0.1552567183971405]",0.1552567183971405,0.5800000000000001,0,False
stage2_multiclass:V:486,,,stage2_multiclass,486,V,1,267f2257c91ddd67ba981ae9ca4664c1b817fd17623922be0c43b9252ffa3542,9a33e6a07bbee8345a0fd65e4c1a3c3515a8daf216ed44d9918567c166d4aeb9,"[0.7913596034049988,0.2086404263973236]",0.2086404263973236,0.5800000000000001,0,False
stage1_binary:N:112,,,stage1_binary,112,N,0,bb62d55105b420af42ad882010a1d78b7a6afd5528dc0b36448fa796ee0cc8a5,fd30ee75dce9da728218808ce00259207e31769b22668e9b9884cc96161f87f1,"[0.53475421667099,0.46524572372436523]",0.46524572372436523,0.5800000000000001,0,True
stage2_multiclass:V:658,,,stage2_multiclass,658,V,1,d5d09643d6ed46c5f962413262d3084fc0404f84e2b08cdb7338816955f8d828,34a957d66f7afcccf6d994ddaec398a2f260622caed085f4090e52713efafa70,"[0.46808210015296936,0.5319178700447083]",0.5319178700447083,0.5800000000000001,0,False
stage2_multiclass:F:5697,,,stage2_multiclass,5697,F,1,b94a822c4ba6d82180a19cac747eb45ce10805537f23bb835bd28873676cfc0d,7cf27663a6e04967842936276148b199a9eab06c1aa8e2f97fd71965929cf733,"[0.8395787477493286,0.1604212373495102]",0.1604212373495102,0.5800000000000001,0,False
stage2_multiclass:S:2409,,,stage2_multiclass,2409,S,1,5dedc3303bbd07da99593ad8b0eddc6e88353d4ee0b978e1b040bc4dec96665f,b718873473a9614e0762447630e14f5cd004a649271b13b185af5d23d2e7ff75,"[0.811903715133667,0.18809624016284943]",0.18809624016284943,0.5800000000000001,0,False
stage2_multiclass:S:2593,,,stage2_multiclass,2593,S,1,3919f2070a4973f8800384193f8af4ee2b9728c33c9be10462ee1334bf61c0e5,5c0bfcce45de9a2ab38e344597f69e8dbad928a75e399a4a030056cabebd30ac,"[0.7871562838554382,0.21284376084804535]",0.21284376084804535,0.5800000000000001,0,False
stage2_multiclass:S:2771,,,stage2_multiclass,2771,S,1,e76a9c8c25a724fab4002ceba99de9db1bf337f0671c4b96152a3f7ab1d94baa,57305f6e72ca78efae225c753a3e742dff858d858b323f329a254333d61580ca,"[0.7874611616134644,0.21253879368305206]",0.21253879368305206,0.5800000000000001,0,False
stage2_multiclass:V:680,,,stage2_multiclass,680,V,1,2a9517110f93689e7e1763f4956e95e8c8c459f15e5f83143e25c37460f4a64a,1114289e2e7a091893c2353179bf5596d6f67535911efea8d6da8769b9661c63,"[0.8465554714202881,0.15344452857971191]",0.15344452857971191,0.5800000000000001,0,False
stage2_multiclass:F:5789,,,stage2_multiclass,5789,F,1,e9af662959f99dfb3fef9782849a4caf1fe1a6025ca733e32f4974db08746669,8e630b30f40ef3b39bdbc4ec7f67108feb36adfd3366d3295f121121332cbe42,"[0.8139287233352661,0.18607133626937866]",0.18607133626937866,0.5800000000000001,0,False
stage2_multiclass:S:18,,,stage2_multiclass,18,S,1,5a513611bd648d9c95c5ff8d8999826801fa3075d2c85d050e59f28eaa21e500,98dd2853559b656aa32fa3a29e1b9371a47b46f9ec7557fc17ce4e5c7e3fa2ae,"[0.5985159277915955,0.40148401260375977]",0.40148401260375977,0.5800000000000001,0,False
stage1_binary:N:37,,,stage1_binary,37,N,0,9317b47d6064c32f0c6890f8c859a33c071bc2ea0e8d4b89e375677cd4c4ff3f,ecffc34a225112d81456bd359d932140a67278c9ef68899c524e37f1725a315e,"[0.5249857306480408,0.475014328956604]",0.475014328956604,0.5800000000000001,0,True
stage2_multiclass:S:3563,,,stage2_multiclass,3563,S,1,a7f12cc56b66024076db6b977bc9c01edd45311116664c0a187b2bdfc9363904,be3d51a31cde9ae3b68fac1300398e8bb5b7f42ed232bcf14c0cd56f3a4f65e3,"[0.4816475212574005,0.5183525681495667]",0.5183525681495667,0.5800000000000001,0,False
stage2_multiclass:V:181,,,stage2_multiclass,181,V,1,b280c0167af3a20456fc18fcb4f7af2d86e90aa16446d2ce73a94b9c1e07f169,137899ca8f4f5f2ea173213f8ca18c0bf64a4551ea76997327268daa89abec15,"[0.7778690457344055,0.22213099896907806]",0.22213099896907806,0.5800000000000001,0,False
stage2_multiclass:V:241,,,stage2_multiclass,241,V,1,e16cf2e745498e7d863fcca377a3b43667712bcd6e8906a91bd16f94f91a3056,1de8726500d298e601ded286eac928117f49e4841520578a0ebaea25d8092694,"[0.8047428131103516,0.19525714218616486]",0.19525714218616486,0.5800000000000001,0,False
stage2_multiclass:F:4503,,,stage2_multiclass,4503,F,1,a0d980c625c6fe03e462eee2b9e3f1f457eb02b9d66805496915ff18e4487cca,a9f3086a060e292449a719d0cc02989a20a26eca1061143904f83eda1c69eefe,"[0.5130977630615234,0.4869021773338318]",0.4869021773338318,0.5800000000000001,0,False
stage2_multiclass:S:3618,,,stage2_multiclass,3618,S,1,c3f0b294d0549a79bd1bc2bbb49e82bf585bc743b5d22eefd13bf03fcebb51d0,564b66e08eb8a0eee38162528922073dc6ee8149fbee6509409bf884f5769210,"[0.5965420603752136,0.40345796942710876]",0.40345796942710876,0.5800000000000001,0,False
stage2_multiclass:V:499,,,stage2_multiclass,499,V,1,d763a0de1056462a03416fbb374fc61da922d72219855b7f5d34ac379e37edc5,92fbcaa312ad0da1bbd6da66d01f32a57b25891f6462cff0325bc2bdac71d4b2,"[0.7398262619972229,0.2601737380027771]",0.2601737380027771,0.5800000000000001,0,False
stage2_multiclass:V:453,,,stage2_multiclass,453,V,1,1640f42d481993e26b754dafac9e839778a4bb9687ba79ae8add8e395b128dd0,f2c53d06f98ad9d65b488c10d9f11b60bd8f3b21f9deb301990e18da485fc8dc,"[0.40569305419921875,0.5943069458007812]",0.5943069458007812,0.5800000000000001,1,True
stage2_multiclass:S:3611,,,stage2_multiclass,3611,S,1,294925c787c12b5768e3a53511634b25f86a22dc07f16e2f202423d53a97423c,479541771191ae663a974a88fcced3ff3276be6f01e874ad778c0edbf0460e57,"[0.6261687874794006,0.37383121252059937]",0.37383121252059937,0.5800000000000001,0,False
stage2_multiclass:V:324,,,stage2_multiclass,324,V,1,ad9c35a72a8dce21e83f6c66734a788793955d26613ac090b27dd3996ea5388a,e0dde34124db49af751df347f4db7d17d688713523efca276a5d005080225e08,"[0.7637293338775635,0.2362707257270813]",0.2362707257270813,0.5800000000000001,0,False
stage2_multiclass:S:1484,,,stage2_multiclass,1484,S,1,89ad44f30f6ad4a2015b2e579af754f3d1fdf24def26559992edd38e9c9252be,f5a371fbed4901ee7d046f74f2514717344623769fc007ea5290832dcd6d258d,"[0.8709253072738647,0.12907472252845764]",0.12907472252845764,0.5800000000000001,0,False
stage2_multiclass:V:679,,,stage2_multiclass,679,V,1,7fcb004c598e9030c21491582e3713f352135a05e13f0eb687d7a2640ca25d95,cecae89e63cc9550ae0c5ab402b2e6b1871954973c58b7954c1f118a94fa2ab8,"[0.8006160855293274,0.199383944272995]",0.199383944272995,0.5800000000000001,0,False
stage2_multiclass:F:4214,,,stage2_multiclass,4214,F,1,8089e30a3965818048ce024553332ce3e7d2304c38b8d6fdf8497cdf4ac4d48d,4c31938ebb3ba6bb16775d79184c772b9fe1c1692470953f1b29137baf64369a,"[0.3939793109893799,0.6060206294059753]",0.6060206294059753,0.5800000000000001,1,True
stage2_multiclass:S:2682,,,stage2_multiclass,2682,S,1,b3eb96046495052e1a46fcc6eb022a31bd9ebda72402815199c2d8233481959e,67b3177d0696b8366174367acd3138de8a0917713c2be82cf852063084a40bc7,"[0.7764555215835571,0.22354450821876526]",0.22354450821876526,0.5800000000000001,0,False
stage2_multiclass:F:5829,,,stage2_multiclass,5829,F,1,65e6298d08ff1e3c66db2729ae0ae3909842f5d8fa3d538abf214e893a5be9a6,5a536b5c11df2556cff330f37a1610e85a9f5c7d804206634dc369bed5704507,"[0.4712068438529968,0.5287931561470032]",0.5287931561470032,0.5800000000000001,0,False
stage2_multiclass:F:6000,,,stage2_multiclass,6000,F,1,31b267856ea7ad1cf1bfe2fe29638811c10f2ffcbc00005687d783df09d55a7b,b910802ee17fddc48be9714c33add5843b059102bfc90c4de469b8264fa59bdd,"[0.41491037607192993,0.5850896239280701]",0.5850896239280701,0.5800000000000001,1,True
stage2_multiclass:S:1481,,,stage2_multiclass,1481,S,1,baeead94d12259a589c7683e85faefc39f5b51f9b4aa6e9f61994d4575723ace,7153865775120e266d980c701442ebf70b2f129d853da842aea319725f1b2f5b,"[0.8533635139465332,0.1466364860534668]",0.1466364860534668,0.5800000000000001,0,False
stage1_binary:N:104,,,stage1_binary,104,N,0,efe990c929fd2551e77224b7141528c0c30adebad43b3e3c3ad992ebaa7791f5,3d6c6dbce0bb43339e461d77ee4ad81a334066ce8fdda9d4115210392bcbfacd,"[0.5537564158439636,0.446243554353714]",0.446243554353714,0.5800000000000001,0,True
stage2_multiclass:F:4294,,,stage2_multiclass,4294,F,1,b5c3e6e00c90dfcca1c5404ff4e7a526c21240e7c4e37b6fc3bcbf96c82c5868,6572825a319a4d854bab3d58a21481a087b012cd3c61f0102065250efd11caf7,"[0.851894199848175,0.14810578525066376]",0.14810578525066376,0.5800000000000001,0,False
stage2_multiclass:S:3656,,,stage2_multiclass,3656,S,1,ea84950115cc428806ad3e4cc51ad69dfe0cb4360ad92156ede9163bcb563ae5,fafaaeca8c5a85c30f41a2da8cdefeeb85e502f6fd4844eba3a1e741f86b231c,"[0.5721020698547363,0.42789795994758606]",0.42789795994758606,0.5800000000000001,0,False
stage2_multiclass:F:3703,,,stage2_multiclass,3703,F,1,c7912400932e7fd826d19cd660a6fe484780e454812f89d2511f8deb65da6389,11092ebe5804f44ea02fad7ea43b7286cee90715760ea34aefe8e051347ebc1f,"[0.8676590919494629,0.1323409080505371]",0.1323409080505371,0.5800000000000001,0,False
stage2_multiclass:F:3816,,,stage2_multiclass,3816,F,1,31199c0d588c90a886d71f2cd3b458170e31b4c0206b6320e808a28ed494b822,2845a70c70a26f78428a1efb083c5f8e344b8d6b95a07a5090ec2b38b554ebbd,"[0.4579813480377197,0.5420186519622803]",0.5420186519622803,0.5800000000000001,0,False
stage2_multiclass:V:581,,,stage2_multiclass,581,V,1,00a149f2b3aa0c74076bb29affb0ee1ac7838d8b90ca92c37862c144d8de3b75,7ae2ee89822b01310879b93920aa86520251cb8d0102a543a02463cb6e0ac9de,"[0.4119393527507782,0.5880606770515442]",0.5880606770515442,0.5800000000000001,1,True
stage2_multiclass:V:516,,,stage2_multiclass,516,V,1,20ac2033373b91af64f9abaf27d15c83a8d44a18f675cc69e191e3832f771105,7af3147032524485c5150406b6a4f9226ae6f64e6b4b99833b5fc5e9be75652b,"[0.8855502009391785,0.11444977670907974]",0.11444977670907974,0.5800000000000001,0,False
stage2_multiclass:S:22,,,stage2_multiclass,22,S,1,e9ecc902d88060dc9b21c144e3c75d8e212d48bed2a12318c8bb0100b19c2940,952fc4d0074e18ffa9bac66b46b797b0588fca7aee2009a112d5e6b9ddfee593,"[0.5882628560066223,0.4117371737957001]",0.4117371737957001,0.5800000000000001,0,False
stage2_multiclass:F:3936,,,stage2_multiclass,3936,F,1,479692ce72b49d1660f27068e38c705d5bcbd28ef148044b9297a51cc5486ebf,d6d4648777bbbc1653b52741676d5f117775fba424cda5440d745a9b42f4c21e,"[0.8281993269920349,0.17180071771144867]",0.17180071771144867,0.5800000000000001,0,False
stage2_multiclass:F:3782,,,stage2_multiclass,3782,F,1,139f2775eb036ef425dcf989c2b323ae8736372ac92279bc41ca1bf77ff503ee,99ffae3cb5cf0c7180d1c885e2574d92688cb5e8e01f72718b8eeaf0f771766b,"[0.4436010420322418,0.5563989877700806]",0.5563989877700806,0.5800000000000001,0,False
stage2_multiclass:V:63,,,stage2_multiclass,63,V,1,59a0f9e60f9a6d2fc863a96cc69a8633feab6d842d6b3565e7d423fde60245ad,828cf6a59a9df315275fa6ebf436e42f79565df5feba3a6fda376633610ef5d1,"[0.7554247975349426,0.24457518756389618]",0.24457518756389618,0.5800000000000001,0,False
stage2_multiclass:V:60,,,stage2_multiclass,60,V,1,53f54717c26aa20afb5ca23f70fef7bb24ac63ddb1a215a7613a7bec96b77589,9418741f00bcb16e261c1dfac3b8d97a12f16f74e661614e9d001dce95243177,"[0.8018284440040588,0.19817160069942474]",0.19817160069942474,0.5800000000000001,0,False
stage2_multiclass:F:4266,,,stage2_multiclass,4266,F,1,d265cb91b4e5b9f53191308c68f323d9ae36290537bf60a784c19b05f102f7ec,7075c41e47fe790dbbf65f3f3e01e03119e07588c9428b95e7be570435d20e69,"[0.8960435390472412,0.1039564460515976]",0.1039564460515976,0.5800000000000001,0,False
stage2_multiclass:V:373,,,stage2_multiclass,373,V,1,c8d99380331f387888836d5b4eadba8f77aba1d6dfa8d504440e18ff277b7ee8,a29b3d89fc7d91c8079194e5db070690d314ff414d3a97345bdfbfb53544468d,"[0.9133776426315308,0.08662241697311401]",0.08662241697311401,0.5800000000000001,0,False
stage2_multiclass:F:4330,,,stage2_multiclass,4330,F,1,69af383c6fdb6d19769f9fd0bf1fc25313c44ac23968147918401e962e12be86,349dcfbf5242476fe1cbac13e379adf84785fde4b2bfb89291c9892cf33159d6,"[0.8663503527641296,0.13364963233470917]",0.13364963233470917,0.5800000000000001,0,False
stage2_multiclass:V:507,,,stage2_multiclass,507,V,1,d7e9f045336c399c1ded9a276edfe3c89b42c69d93bcf70814b2f59ecf6badf4,4ab52ed89b6105197c891ded68e914abb53708757a7f9f1c4967df4677adc67c,"[0.9593554735183716,0.04064455255866051]",0.04064455255866051,0.5800000000000001,0,False
stage2_multiclass:F:4452,,,stage2_multiclass,4452,F,1,c4d6be9b1a0449c28d2c5244374aa6c0b1591127c2c878623d78a0f7ebb8d5ee,c013c513e1c640547f87446afeee3e6e242b4241fad288466214c9ef21118075,"[0.8292047381401062,0.17079535126686096]",0.17079535126686096,0.5800000000000001,0,False
stage2_multiclass:S:734,,,stage2_multiclass,734,S,1,aa4c9872d8d12fb1e12dca7f762ba6fad31596eef9e5860036e284c90289794f,63f685532bba2dc0d48b4f1dcf5b04aee2871cd3f6979bfd3d45c6513db230f5,"[0.9147650599479675,0.0852348729968071]",0.0852348729968071,0.5800000000000001,0,False
stage2_multiclass:V:385,,,stage2_multiclass,385,V,1,28c2ab394d9510657390ae8513cc89ad5cafb44641749dd754a37797f7d83a67,6caece30d96cdcf0ae0e879b67c7bae3214dfe52fc5ddf6bd984209f4de0e32e,"[0.750111997127533,0.24988804757595062]",0.24988804757595062,0.5800000000000001,0,False
stage2_multiclass:S:990,,,stage2_multiclass,990,S,1,3f11af7741ff86873c7ae3b17aa110c2f1c6836f569ca798013b3c0c50cf2673,0c29824ca6b7f1f2bd3694b61df44560fcc4e88887be6c30ee88e928c6c51ff0,"[0.6414374709129333,0.35856249928474426]",0.35856249928474426,0.5800000000000001,0,False
stage2_multiclass:V:461,,,stage2_multiclass,461,V,1,000f0a32bd385cb695d9f519b5bca3d5e8543c26af4410bc0e0516f319f32e16,51075bd6f3e2261abf70df1dd9fda24f47f981a5f310c22964b5ca0de9189343,"[0.7820061445236206,0.2179938107728958]",0.2179938107728958,0.5800000000000001,0,False
stage2_multiclass:V:82,,,stage2_multiclass,82,V,1,32b213ccd2713862f13a863ab812b7f08e5f03c5e821d41e420ccb39fe6824bd,e2951a0137ce9b84a9247a6a5c637a5f11029b0f69a1e0f5ca0078593d7ce7a4,"[0.862590491771698,0.1374095231294632]",0.1374095231294632,0.5800000000000001,0,False
stage2_multiclass:F:5958,,,stage2_multiclass,5958,F,1,311f73b77c298c9619d99b996186e6a8f0b2d92979c869abf1ed28dfd8655edb,b3bcd6e7c793f2395de0ec3d6d8b40ceb280040ebfac1e05e902c70cc6049432,"[0.6370925903320312,0.36290740966796875]",0.36290740966796875,0.5800000000000001,0,False
stage2_multiclass:S:3595,,,stage2_multiclass,3595,S,1,781e3b9638dbc0e1743fe61de017bab126a57c97fd395c188367bd612b2b2d81,d4ea38d4dbb4efffcacd5a7564bef93021eae09427e4fe4807a16c28a11a960c,"[0.8035664558410645,0.19643355906009674]",0.19643355906009674,0.5800000000000001,0,False
stage2_multiclass:V:593,,,stage2_multiclass,593,V,1,0656638907b7b2d595ff17f3c256e291f358c7cb4f54510e77cb0e833e1833fb,6d7eb3320f989d10ca5fe2786ad815a2f280f424e9675f8ed96594debba8bfac,"[0.930211067199707,0.06978897005319595]",0.06978897005319595,0.5800000000000001,0,False
stage2_multiclass:S:2729,,,stage2_multiclass,2729,S,1,79a4af4a73c53a790cc2c8d4828eb09fae3a1d24bdd25f9ed7421c8660d1ca99,fdacaa7e7c4d5156d98a1e7259e6add2adfdf58edc90cb2ce55cde6d3f5bfb5c,"[0.7851256728172302,0.21487431228160858]",0.21487431228160858,0.5800000000000001,0,False
stage2_multiclass:S:2705,,,stage2_multiclass,2705,S,1,b2c9337c7816e50ac01372572e539f1e689da306f4f63088730cb5231da11490,02662d2105991e7eec0abb567d65989c1b7cf06c60c90e81e966a1a55d324b33,"[0.4265948235988617,0.5734051465988159]",0.5734051465988159,0.5800000000000001,0,False
stage2_multiclass:F:4753,,,stage2_multiclass,4753,F,1,eca2f7ab5d253f68165e25911532a0962ef2665b23648ea570d29e464fcd1d2a,b13f997225aa796c56c479736999cf9a836aca66cb674888871b319e2ad5db32,"[0.487648069858551,0.5123519897460938]",0.5123519897460938,0.5800000000000001,0,False
stage2_multiclass:F:3832,,,stage2_multiclass,3832,F,1,82335d84d1be67091873f302825d36348268b99b90cd6be7c2594f81e4e88d87,c5840a8af1deddecdfadd6d6ac5a78fd892a49e28e093e5d42cd93dac7addc17,"[0.3941463530063629,0.6058536767959595]",0.6058536767959595,0.5800000000000001,1,True
stage2_multiclass:F:5728,,,stage2_multiclass,5728,F,1,66570a88a83cc4decbc6faa6e256112ec918f7bd43289c20d1b5a01d5a1a821c,c453074e078bce4992fb79c35b80d51cea64bd9bae91b491f881557b6cfd0a1d,"[0.7842901349067688,0.21570985019207]",0.21570985019207,0.5800000000000001,0,False
stage2_multiclass:F:5979,,,stage2_multiclass,5979,F,1,80aa3f5c00fa7a55d9448252eb23574cdc14293be331029cb3be3211f4885c1e,0c13038af4e8bd80f82c24c7f62fcf7f8ebdd0894c724ce6d54162c0043f1828,"[0.47509241104125977,0.5249075889587402]",0.5249075889587402,0.5800000000000001,0,False
stage2_multiclass:V:475,,,stage2_multiclass,475,V,1,a27d05b437fe0e82738545bebb0ec99ed7a1d441a4db6666af7979415186b57c,cf55f96312c9d3512bc8a6f12da833a4524cf1710663edcd0d58fecb3ebc4713,"[0.783178985118866,0.21682108938694]",0.21682108938694,0.5800000000000001,0,False
stage2_multiclass:F:4685,,,stage2_multiclass,4685,F,1,12e6cb68cd1660343d6be5d72df5d31726bc7b2fd66b324774a1fa820d7f7583,8dfa623cc0eb4953cac3a04b2377bba48c7a2aca6a434299d308d89157ce76a4,"[0.37889525294303894,0.6211047768592834]",0.6211047768592834,0.5800000000000001,1,True
stage2_multiclass:F:3979,,,stage2_multiclass,3979,F,1,26bff58006d11c4502f96d3d1adc516a4fb828999d137da015fada5f37dd0590,56547fb5406068880c7befe54f8bcac27a73900b39c34b3d2061fe746ad67e29,"[0.8674362301826477,0.1325637251138687]",0.1325637251138687,0.5800000000000001,0,False
stage1_binary:N:126,,,stage1_binary,126,N,0,f99ab091309b51e6ae825c528ac7933c67b400484a8545600d890cf7831a0760,45f789374892f093e63be40a4b14d56b0ccc9cb3b09bb038aa11c5880d94d7dd,"[0.5248311758041382,0.47516873478889465]",0.47516873478889465,0.5800000000000001,0,True
stage2_multiclass:V:263,,,stage2_multiclass,263,V,1,0fd7c381352cb299f524b88cd194972d7f35652cda090399b7c4d616e2bc721d,4f3f41fda7d4053f5ad084d7867111257f84e2916ad684dbfddc1b8b6b3b74f1,"[0.8102089762687683,0.18979105353355408]",0.18979105353355408,0.5800000000000001,0,False
stage2_multiclass:S:1014,,,stage2_multiclass,1014,S,1,e0a73237afa278665ca322760b449b6e52f4daa4fcc88ad44e4db1e9f7b72924,e307a38791471bb886f0409140e654f84388c5e40992c34378973201e32c2e2a,"[0.789235532283783,0.21076442301273346]",0.21076442301273346,0.5800000000000001,0,False
stage2_multiclass:S:2778,,,stage2_multiclass,2778,S,1,f9f26a3eb0317353e666a4c495f9ad0648bdb3a8193298185d07df56696d96f9,4c516a164c985e74425848195b2dc30e14b5cdc94f6144d5c3dcce159a98d2eb,"[0.39224377274513245,0.6077561974525452]",0.6077561974525452,0.5800000000000001,1,True
stage2_multiclass:V:170,,,stage2_multiclass,170,V,1,bd29ff5a46d4be588465bf16ef819183851c05a3199e63435002d0cb1c1c49cc,c35cfec95aa26448c052bf91add4f3890c234c54ab30626b5c5cb3cea5946ba6,"[0.8461921811103821,0.1538078337907791]",0.1538078337907791,0.5800000000000001,0,False
stage2_multiclass:V:598,,,stage2_multiclass,598,V,1,ca30596fbc4fc6c40836bf85759e0945449744937bdc3569543720d8be13bda8,ef53f0a7a68c1c864f4018706fd85ec87f76043f4f8e463172c739f9de70ffc7,"[0.7705650925636292,0.22943490743637085]",0.22943490743637085,0.5800000000000001,0,False
stage2_multiclass:F:5879,,,stage2_multiclass,5879,F,1,340056f97e0744de9e07d5e8de8adb3d3812fdec8cba46352eeaca6ea1433a49,8b3bdb21fdcaa4c317860fa5e3b5f90b13266c6ac742a78a593d037fa6014341,"[0.42472153902053833,0.5752785205841064]",0.5752785205841064,0.5800000000000001,0,False
stage2_multiclass:S:5083,,,stage2_multiclass,5083,S,1,cec8b0a7caed4a13a6a3f8fff74da1d6c2fa9bf7807019fae7c768dd383c79f5,e4a2d65a9f4e33b1da9c36ed04075510e5b3b5c5cb77efa983bcf418e42ddaea,"[0.8879719376564026,0.11202804744243622]",0.11202804744243622,0.5800000000000001,0,False
stage2_multiclass:S:2679,,,stage2_multiclass,2679,S,1,b99faf86b7ab4aa84a992a77d98742f5b6d634ed4c7d57808be8dd66b2e9c213,14665ed97414c81ed2cb4d2fdebdb79e7199bb469153bab155cee08ae3a44d7e,"[0.7890051603317261,0.21099485456943512]",0.21099485456943512,0.5800000000000001,0,False
stage2_multiclass:V:101,,,stage2_multiclass,101,V,1,a1da4381b8d4864c8a94f4fc43e029048469585605d534c8a44e227eac2ab2c9,b6a7239bc2d6d3ee3abc66d706876b3db37cbdaa8f4791fe02ce13d8f1ce5e84,"[0.7945361733436584,0.20546378195285797]",0.20546378195285797,0.5800000000000001,0,False
stage2_multiclass:S:5135,,,stage2_multiclass,5135,S,1,83360cbfe4d63723daa518bdceb34fb952cc95f618fd0c0ccea175f424bf1d76,1738693223c7af2b9d6466ef0573e4ddce061f9cac63f9e6a85574256b397a7f,"[0.8757015466690063,0.12429843097925186]",0.12429843097925186,0.5800000000000001,0,False
stage1_binary:N:76,,,stage1_binary,76,N,0,3e19f0c1e7b292c5a1cb599818d4f4b02417545e39a48827e38382874e402950,e7cc8c7defc8af7298d41c3dbd526734648c02b6820063dddf92e8326fc78e04,"[0.5569908022880554,0.4430091381072998]",0.4430091381072998,0.5800000000000001,0,True
stage2_multiclass:S:2794,,,stage2_multiclass,2794,S,1,6faa4a159379d8dc77f96f75a87cf09fb49a2ca84d6222ea3a2237c5615158e8,88e40b69dbef050d2b090570151e6018d2b3a1a7920f9b9fb68ad7802c200592,"[0.8411374092102051,0.15886259078979492]",0.15886259078979492,0.5800000000000001,0,False
stage2_multiclass:F:5915,,,stage2_multiclass,5915,F,1,0869303453f6f20d705dbb7b6f0673cbed0a0242f60c75b9aaee8679fb29c2e9,6c46aa1ddc2fe02258678c2a2795d5ceb0bdce8e6b7c0e442a510aaed21ac5bd,"[0.8084983229637146,0.19150175154209137]",0.19150175154209137,0.5800000000000001,0,False
stage2_multiclass:F:4093,,,stage2_multiclass,4093,F,1,8ec8639775c47a5df7dd87a74beb310db84ee4055cd4de5c2f59916bd25e6311,b6773ebdbfe93948a4133e6cd4a7a39ee7ee97ca3988df384a78f9aed962117e,"[0.6149058938026428,0.3850940465927124]",0.3850940465927124,0.5800000000000001,0,False
stage2_multiclass:S:3601,,,stage2_multiclass,3601,S,1,59d0c23af9ff1c9fe2eb96f4db46ee537f8b002692b6c718a916af0e53957429,1926ef9e44cf9a35d649e53a854c789fec7b81e1ebcfe595c7916ceec652e219,"[0.807948887348175,0.19205105304718018]",0.19205105304718018,0.5800000000000001,0,False
stage2_multiclass:S:12,,,stage2_multiclass,12,S,1,b272de677ed1280345f465a1b06d76cae510b08d1c9b73cb7916a4b529386cb5,ddf2be824cb9643053b7ed60102acf0127cb320f069c7d65f98705d5f6dbfaed,"[0.5724612474441528,0.4275387227535248]",0.4275387227535248,0.5800000000000001,0,False
stage2_multiclass:V:376,,,stage2_multiclass,376,V,1,0a8794da5a15fbd8a7cf264f5c6b2813ef5429f549df83b687d63d59416d3a6c,3051b617d6419717d3226ae46ec57860472f4b1b525662e62530a329aa59150f,"[0.48006996512413025,0.5199300050735474]",0.5199300050735474,0.5800000000000001,0,False
stage2_multiclass:F:4264,,,stage2_multiclass,4264,F,1,f26f2d13905b458cb447fbfe3a8bd77708b929d5d42d984cfc04c7da18696be6,6d9c66c22f2e80b15ee7a4d08f1f6d620e3089ec3e4c287e32a836af3678d784,"[0.4181070327758789,0.5818929076194763]",0.5818929076194763,0.5800000000000001,1,True
stage2_multiclass:F:5710,,,stage2_multiclass,5710,F,1,a7f09210a1f5c328b0e115e7b58473f221a64e9075b7f95408ff413a38156e20,9f3d482ef5b3d183e7607db3dfab3435a435607237cd7a307d8d225182ea7a82,"[0.38121330738067627,0.618786633014679]",0.618786633014679,0.5800000000000001,1,True
stage2_multiclass:F:3923,,,stage2_multiclass,3923,F,1,8eba364a9d7d346ff9f813e0d6ec8972451e0c30c0719c3583db3ff1db699800,b250dfe677a8bd4c0cc5942810aa0d9f287a702e549e02675726a4e8feb56645,"[0.8383644819259644,0.16163554787635803]",0.16163554787635803,0.5800000000000001,0,False
stage2_multiclass:V:627,,,stage2_multiclass,627,V,1,6b43f4a6fd4f02a28cc90bd46db685c74f83ac6f53f99c510f88b3d63a012074,0feea7e093d7e61a37c8aea518445ce805fd3b4067fe5f36b39b6e2b7796f2f2,"[0.8597360253334045,0.14026395976543427]",0.14026395976543427,0.5800000000000001,0,False
stage2_multiclass:F:4844,,,stage2_multiclass,4844,F,1,785d0491fd324cff45b19b22146a173467389b7c0ecaa204d8ea1c962d09832f,a3b7d8f53fdbd683444c59ca691e5bb267d1bcc29d221cf23c3b5944f85986ef,"[0.5439291596412659,0.4560708701610565]",0.4560708701610565,0.5800000000000001,0,False
stage2_multiclass:S:24,,,stage2_multiclass,24,S,1,5a1e4b8e48d82d3aefa4ef8829072b8c38c2a45bad0a773cb798aa3aab4fcab5,9c78f135ddc6c9036e02a41a8c81d37da1413f02da4bcf35d3134b0fb15021a2,"[0.5965716242790222,0.4034283459186554]",0.4034283459186554,0.5800000000000001,0,False
stage2_multiclass:S:2712,,,stage2_multiclass,2712,S,1,3b783eadaf1a10949c9fc46a41ed2262a1f82cb1674014aa154e328f4340a6d4,722613711c7d481798ee53a4a9c8d0ecb8ce831de8b4934ccf28bbf2abae6015,"[0.8307903409004211,0.16920967400074005]",0.16920967400074005,0.5800000000000001,0,False
stage2_multiclass:S:3596,,,stage2_multiclass,3596,S,1,318b16447d195bb0df6905fffd2cfc8c8da42ec7c21bd101c711de7487cf5833,fc41d39a4c748c6d9a38485742c9bcc9eaf302d88efefd058ceb00af365bdcd5,"[0.606689989566803,0.39330998063087463]",0.39330998063087463,0.5800000000000001,0,False
stage2_multiclass:V:160,,,stage2_multiclass,160,V,1,5939fb479a6bc62701ca85259722f9b56459ac5afbbe316cbad566fa08c75f9f,3b4326f3b18d42bda19afec017d0f61dcadafd52bc2d0f9951d8f72b5e4d8248,"[0.8367642760276794,0.16323570907115936]",0.16323570907115936,0.5800000000000001,0,False
stage2_multiclass:F:4590,,,stage2_multiclass,4590,F,1,017822327a535c08134418fbc9771701b137799cf721135ffc5b68427e416edb,9808abb2f52e958b10052a3f38b205f727951d65a17fa3fe51f8e87f97406ab2,"[0.8569126129150391,0.14308740198612213]",0.14308740198612213,0.5800000000000001,0,False
stage2_multiclass:S:972,,,stage2_multiclass,972,S,1,fd2cd83f6b136514900d2c520637fa9392b0a6f794dd586717ed66adb82f63a3,e247b8af3b0e270e20459265c1c4e234a510f56857fb2b4aeccc9bc8afbfeb34,"[0.45285701751708984,0.5471429824829102]",0.5471429824829102,0.5800000000000001,0,False
stage2_multiclass:S:5108,,,stage2_multiclass,5108,S,1,94ec82295f2babb46520e90fc2abc168a5048d5aef2995bc17b1719d5b57bb62,45240378b34ff2d8dae91610f77a13fde8036e7fc711b78772d5d508f2af0d96,"[0.9000937938690186,0.09990619122982025]",0.09990619122982025,0.5800000000000001,0,False
stage2_multiclass:V:284,,,stage2_multiclass,284,V,1,1ee9e578154d188e2c5f68c74af3b4dcc05cc1f16d91b09fae08615cedb6f9fe,9785bcf3b00eb8cf51434899ac4bde28fd18ffebf90ecbc2ff8aca057818ac14,"[0.818531334400177,0.1814686805009842]",0.1814686805009842,0.5800000000000001,0,False
stage2_multiclass:V:465,,,stage2_multiclass,465,V,1,06666b19ffc9efa97bcaa8c87f3d4a8329ca3ed1d095e316b1a202bec83a5403,e0863a20dcc2dc87bb18268a18ea3cae54b97f8c7a5db6a65b2d8b3fb99055c3,"[0.7872189283370972,0.21278102695941925]",0.21278102695941925,0.5800000000000001,0,False
stage2_multiclass:S:934,,,stage2_multiclass,934,S,1,2a94958db96469a05c4e21b062285c6f581be60c24f9fa4f4b8bae83e30002c3,6d353fa62a8f8963b4c67744df48b9e09083c476a78eaf1f0b5996391f1b2d46,"[0.7432634830474854,0.25673648715019226]",0.25673648715019226,0.5800000000000001,0,False
stage2_multiclass:S:3626,,,stage2_multiclass,3626,S,1,f87b9918bcb44214414db251a89d2d8e0f313c2fed37a8b9c390adf68fb15367,418645562b7f0f5775de6fd49cb7fe9236821282c3b32103171e4ab3452ce826,"[0.6080586314201355,0.3919413983821869]",0.3919413983821869,0.5800000000000001,0,False
stage2_multiclass:S:2735,,,stage2_multiclass,2735,S,1,4e94fa05861952bb34dd34b215cec02cf0fea60f8796091ecd19b6cf58f61ed4,b19bde3ae77cf5680624cc2f8deaacf58926f27080dc32703e8e3cf95bef626d,"[0.779851496219635,0.22014856338500977]",0.22014856338500977,0.5800000000000001,0,False
stage2_multiclass:S:1477,,,stage2_multiclass,1477,S,1,2b5b38408f1cae706af272359dd4a5258d5ebccc78f11d85b426f44445e42c21,7972f0e74a7e4fbd904ba4b0171ebd2cf59c2c8cc6aefbcc33763958673daa70,"[0.8545143008232117,0.14548571407794952]",0.14548571407794952,0.5800000000000001,0,False
stage2_multiclass:F:5880,,,stage2_multiclass,5880,F,1,741f892cb3f2c7fafbeba00978f72647900fb8869e5485af448987a26b52110e,82b53f7cb0223b4b3a205212fa5a2f64c123001facce356fc0c39cbcd0a49a3d,"[0.776999831199646,0.2230001538991928]",0.2230001538991928,0.5800000000000001,0,False
stage2_multiclass:V:450,,,stage2_multiclass,450,V,1,dfbdfe2cd16871c1f6224538eab5b0b46689f19afdefd050c623b42efa7691fb,1c83621a557f9c926a14d34e33822a895119aadb257c4bfa71433956880e6980,"[0.7949124574661255,0.20508752763271332]",0.20508752763271332,0.5800000000000001,0,False
stage2_multiclass:V:360,,,stage2_multiclass,360,V,1,4e5e0a2baf8aa9bbbc7f15ec14eeabe7636bf2404957b9ce5213a550579a46a7,9a91e975709381e57645b0636672d0aaaf6dd2dfcc1ce159afd2b3bce1c70398,"[0.9130823612213135,0.0869177058339119]",0.0869177058339119,0.5800000000000001,0,False
stage2_multiclass:F:5837,,,stage2_multiclass,5837,F,1,59ca205cdd0324c49566b97853796b39e2fb5ad396b0b2d145d5fd9202ae430b,dc9920edea6b50af7160d5913c2a2ed94a2ce2501cac8341908fcb92b4e0fc1d,"[0.8191198706626892,0.18088018894195557]",0.18088018894195557,0.5800000000000001,0,False
stage2_multiclass:F:3682,,,stage2_multiclass,3682,F,1,27b5de0510498f81198af9d25b0f97c021da175a0ee683be62a869b4d5ee3fc6,399c856aa04d5373d9144ad4ca5e6958650ea0da8422177c5bec6250aa96ea56,"[0.46037158370018005,0.5396283268928528]",0.5396283268928528,0.5800000000000001,0,False
stage1_binary:N:31,,,stage1_binary,31,N,0,2e2452473ad412922400cc46ae469f8929e8617c680cca4c7105a88c5218698e,f054ff8efb5a4752e93ff07d97a6825d555d4dc829729d82fa02494800b14fa6,"[0.5905721187591553,0.4094278812408447]",0.4094278812408447,0.5800000000000001,0,True
stage2_multiclass:F:5721,,,stage2_multiclass,5721,F,1,694ffe90057610aa4ebfa62bc7ff9d68723cf1c858679630ee42c70698d8bb32,3fd4a8aa5453e7d4eeff0bed5dd5c20e3f246c0905c3f856baae9b5b0ea8dbd9,"[0.7087481021881104,0.29125189781188965]",0.29125189781188965,0.5800000000000001,0,False
stage2_multiclass:V:39,,,stage2_multiclass,39,V,1,2f45cab4e0db3272c8e09de1567e2fa852aef940a64e70032a14d3c1d0659e58,24ab5194e475268d264e32c3a5757d50193bde148a43ebbe9aac0b5385df44c3,"[0.8602222800254822,0.13977769017219543]",0.13977769017219543,0.5800000000000001,0,False
stage2_multiclass:V:355,,,stage2_multiclass,355,V,1,e159fa8fc035fe9b0925e319443671e1f7d0d62cb4eb1e31b5f769a13c31c818,60547553cefc6d990ce9bf8a8026cd572e78881da1a1cf9917041e3a7928fa24,"[0.9242755174636841,0.07572444528341293]",0.07572444528341293,0.5800000000000001,0,False
stage2_multiclass:V:342,,,stage2_multiclass,342,V,1,789947d57e467a87a10b7ed1caea52191e8d404d15a37b21e129104c7c1f6caa,d9bafe10e9b49b2c3a9356ce5bd6203c76810bec4f5c62f8cc6d8e514789ed67,"[0.40886369347572327,0.5911363363265991]",0.5911363363265991,0.5800000000000001,1,True
stage2_multiclass:F:4669,,,stage2_multiclass,4669,F,1,579de487920b1b32baca238b3bf20191546c70442808ae0d64e6c5109ea39ed7,93661cad37da8b24db4010396bbd8982be384a4938cf3765a61169c6fa2701dc,"[0.44935283064842224,0.5506471991539001]",0.5506471991539001,0.5800000000000001,0,False
stage2_multiclass:F:5883,,,stage2_multiclass,5883,F,1,1dc54368b5c252f7a7933680eccc26918c8e760f0b0e3a7d14fc1adfafd206ba,a88262a1133b48ce5d615aba43766e54421f31c54329f40d5a2314ddebffe93f,"[0.8759728074073792,0.12402716279029846]",0.12402716279029846,0.5800000000000001,0,False
stage2_multiclass:V:118,,,stage2_multiclass,118,V,1,bf095a01ad833822082d5f0e070514b5320ebe25dd4f44f5dec0cfe7b584e8cd,c4baf3b0cddb6936d93901321beb86f1228f9c8abe0dc5e56749bcc125a4463f,"[0.6657097935676575,0.33429020643234253]",0.33429020643234253,0.5800000000000001,0,False
stage2_multiclass:V:563,,,stage2_multiclass,563,V,1,1f82b909ca8873584ae34457367e45a73826cd3efdc5754a8b3a026a9cc93729,c301850d7d06f95fea667d186d957e76dc2ad6e8dd66b02469fe944061f94a60,"[0.808976948261261,0.191023051738739]",0.191023051738739,0.5800000000000001,0,False
stage2_multiclass:F:4665,,,stage2_multiclass,4665,F,1,024a9028c1a4d54685456e4d49f4d573655e91a311f93accf5d8c3fb7c54acb8,b3850e3316a759b9f0076c17aedea8158509a9dd363a707bee99828284871505,"[0.5504078269004822,0.4495922327041626]",0.4495922327041626,0.5800000000000001,0,False
stage2_multiclass:V:560,,,stage2_multiclass,560,V,1,be8409b75e1731a694d0300a4844436b0c2356dd4a68b1d66e8391d2c3c1b5b9,fc9d7f3d9db68997f12cda8612222cd60aca4162b62ddff6db7799ebcb9229c1,"[0.8457141518592834,0.15428584814071655]",0.15428584814071655,0.5800000000000001,0,False
stage2_multiclass:S:5127,,,stage2_multiclass,5127,S,1,4b7595e99048cd0cef446cdd24f421ee0c8af724c48a5e62a5a784ee2b3d9aff,8ac215ee61ed2197695d7f59151d8c9fe050e25082f7cc4b369e853068cf41ae,"[0.8410467505455017,0.1589532345533371]",0.1589532345533371,0.5800000000000001,0,False
stage2_multiclass:S:915,,,stage2_multiclass,915,S,1,a1f2151ffef2f35532fd7c2734c7230312e21b46f1adc72a2d00523f9661e503,df4b755b111ddacd356a88507f612b0377d1692ded6273262f29081528fc9985,"[0.6807142496109009,0.31928572058677673]",0.31928572058677673,0.5800000000000001,0,False
stage2_multiclass:F:5699,,,stage2_multiclass,5699,F,1,5d9c5d1be9377cf5f4ebfd27149ff1e902e944d7c2b5d9a131298c2634cacc51,5760e704f79a424cad78eb08386ab95bc2b979a4df01567466ff0ffbf7f1e680,"[0.416124165058136,0.583875834941864]",0.583875834941864,0.5800000000000001,1,True
stage2_multiclass:S:5078,,,stage2_multiclass,5078,S,1,9dc481bd85ce53998fd43e5176fa6cf3b5e0ad8e95e3fb9eb082c42aa8ee0628,1f2a22255b700fb720799484872810773b1ce1690a069cee90040b9ebc215907,"[0.9255478978157043,0.07445205748081207]",0.07445205748081207,0.5800000000000001,0,False
stage2_multiclass:S:5106,,,stage2_multiclass,5106,S,1,85661383625fead5623ec084f348cbbef2bf1f4fff7c803b4b3036dc2edd98d0,9a4edaeb7f5177828f80bb01beae3cf68e5cbf3d9dee33dd6fa5837b2a3503ee,"[0.8953769207000732,0.10462312400341034]",0.10462312400341034,0.5800000000000001,0,False
stage2_multiclass:S:962,,,stage2_multiclass,962,S,1,90d5c956f734bc19160c27a17283305f89bd2eb1978e8b89986386154e1eea76,24e561512db1c7a2bfe2f831cfc1b0b3dab8f39e4866b613c1dbfa70b0aadc70,"[0.7883610129356384,0.21163898706436157]",0.21163898706436157,0.5800000000000001,0,False
stage2_multiclass:S:2296,,,stage2_multiclass,2296,S,1,e0938754c9daba3683458b82ec64c9a150ce0cfc8506e5ee8987cb11ece8e416,b351cdbf6af18c4637dd8c7c73e8d4c64bc32392ef38558501274312ec664c97,"[0.5238416790962219,0.47615838050842285]",0.47615838050842285,0.5800000000000001,0,False
stage2_multiclass:F:4778,,,stage2_multiclass,4778,F,1,d5a1b0c8d7d811ba8eb13a7ee7db78d32dc607f08413b8349d155f431167ab7e,43c6599ab0b64f95e15b9ed3ef1a6e34b0688033e4314398ca639c411df92da2,"[0.39539462327957153,0.6046053767204285]",0.6046053767204285,0.5800000000000001,1,True
stage2_multiclass:V:146,,,stage2_multiclass,146,V,1,f88339b1a8b0dec62560b89ab2056dfe2e47d37abde8fb1b4a52549f482c4b0d,cc6edc72be88413621e93820b8ff3319396112381f8fd0b39d2cfc0dd1f0ecee,"[0.9431986808776855,0.05680133029818535]",0.05680133029818535,0.5800000000000001,0,False
stage1_binary:N:83,,,stage1_binary,83,N,0,f2573606165a83e9592e10c8aff00a316db14269553e78e3fecae3033038079f,36012b7bbf840c5441adad956183f504a015aeab605e423518635653a827746b,"[0.5855720043182373,0.4144279658794403]",0.4144279658794403,0.5800000000000001,0,True
stage2_multiclass:S:5036,,,stage2_multiclass,5036,S,1,c7c7ac4de6ef0a7ce00f442f62e5a63a6709aed9723f6063a2180382fffecc6c,d726f089e2b8940a1acad3d84f03202102a021eee406f72d466c30012567d256,"[0.8967790007591248,0.10322099179029465]",0.10322099179029465,0.5800000000000001,0,False
stage2_multiclass:F:3692,,,stage2_multiclass,3692,F,1,fbaf7aaf8d166b8c4829243a349e6a5c965d6ac4413e2d00a5652e041c82c674,63c1d76f83382c7488a6bb3dc4eeeb57eb85364c8a372e152e5ea4b54fc5f419,"[0.44036296010017395,0.5596369504928589]",0.5596369504928589,0.5800000000000001,0,False
stage2_multiclass:V:191,,,stage2_multiclass,191,V,1,34c50572781a6064b836efe2df1fa87f5f18e2b56719b4d87d903d34fccb06f7,7a4cf52e73f7e4a876acccd6864ec37bf708fa34fc7aed4d43c51c6bab985c4e,"[0.7867351174354553,0.21326488256454468]",0.21326488256454468,0.5800000000000001,0,False
stage2_multiclass:S:2352,,,stage2_multiclass,2352,S,1,d90572fc054290e05f0c81f69e53c6709ee6fe7d234adbc5c3386770e686c42b,235fea24d27f88a755e9eec8df77041309c31b4e63f01158dbfc8e29afa2c026,"[0.5081803798675537,0.4918195605278015]",0.4918195605278015,0.5800000000000001,0,False
stage2_multiclass:S:3647,,,stage2_multiclass,3647,S,1,10f18eae8f5d08499bc4a32824f75e6f4ab17d7ca79a18059e4d2f5d05ef39d1,308119ca1fc0a78114597bcc2115f7065841aec3246f8cb777ba58d12b925f00,"[0.81036376953125,0.1896362453699112]",0.1896362453699112,0.5800000000000001,0,False
stage2_multiclass:V:210,,,stage2_multiclass,210,V,1,1955c1f2fea75ba835a348a555b5fbcd71a5f6552702f84602f16fb3d7e18474,991cbaa56b5b0a37af84d73d473a230279864f1f00c4d0e8a31db7c964f8921b,"[0.8961898684501648,0.10381011664867401]",0.10381011664867401,0.5800000000000001,0,False
stage2_multiclass:S:5031,,,stage2_multiclass,5031,S,1,ccbd3a9e34b2d31dd6af7daace393efa407119145ce54eef02957d862ceee5bb,bbc90c51eeb50eec535ae3c6f6f35b4379fe207a505d399f7fe0f63e05c555bb,"[0.9112032055854797,0.08879679441452026]",0.08879679441452026,0.5800000000000001,0,False
stage2_multiclass:S:2811,,,stage2_multiclass,2811,S,1,1ca673dca36bd4890fd8329295791939f61915c16e67133113cb919b71e53f64,c9952f8720bd9f8458240c507fae0fb967180977534295f8e4d4a2c287610db4,"[0.8283962607383728,0.171603724360466]",0.171603724360466,0.5800000000000001,0,False
stage2_multiclass:S:958,,,stage2_multiclass,958,S,1,e313a1853bae63d67c647572371d39962d7965223cc2c20a373645b38a2977da,d67cc85647d7ed41407886d88e50e03607d0ea422f1c18d853e425232d1c895c,"[0.8570351004600525,0.1429649442434311]",0.1429649442434311,0.5800000000000001,0,False
stage2_multiclass:S:945,,,stage2_multiclass,945,S,1,d91af081e60c69086b6330fee84a437e95c4ad62a49ca2d6f300e9c4cbd69fb2,ea67e390aba2fdc86e802365b6bd9e28aad19cde094eafb0debeba20a9add905,"[0.7435159683227539,0.2564840316772461]",0.2564840316772461,0.5800000000000001,0,False
stage2_multiclass:F:5961,,,stage2_multiclass,5961,F,1,d887db1cd11868b726310c0fe7fde823cfaf0c328db6972f37fbff9b4a1bbdbe,a622ef6eeb3147bdc7e8cb0a8918794a07e8c110fa3f2508f9e99ec4dda89a23,"[0.38341814279556274,0.616581916809082]",0.616581916809082,0.5800000000000001,1,True
stage2_multiclass:F:5021,,,stage2_multiclass,5021,F,1,fa486b6ba478bedc81c5cdc89ac8ef9c6b31873691fb7cec1cab8d40be5dab5c,68c78c15542c56fe60a95d6acd63cba97eac226b02830f85952d5a31ea06d375,"[0.9333575367927551,0.06664246320724487]",0.06664246320724487,0.5800000000000001,0,False
stage2_multiclass:F:5734,,,stage2_multiclass,5734,F,1,b82b936066b659cc8505d756be826c7e32de59e1fa125658d74da7c84c58e3e7,4ad2f484b976d2e17d986f91cd2549ea1c9644f7237500c5844d71f0b1920787,"[0.7510007619857788,0.24899917840957642]",0.24899917840957642,0.5800000000000001,0,False
stage2_multiclass:V:555,,,stage2_multiclass,555,V,1,92450b61c9f1fe09f88ae2466ecb8b1ff427551f44073b82fd26ad9974a526b6,32fbb4b1b7d73944095b1b5ce14706f68cd47675f46080f90f30671a534e4e53,"[0.8081338405609131,0.19186611473560333]",0.19186611473560333,0.5800000000000001,0,False
stage2_multiclass:F:3933,,,stage2_multiclass,3933,F,1,d96db8056dd8586954a27801361594d974b60d0a365d53b328c1e804f63b0d56,5a9400e199155326cf8630a565012a0e1e78c031514b08749ad39e643f8c8215,"[0.41497787833213806,0.5850221514701843]",0.5850221514701843,0.5800000000000001,1,True
stage2_multiclass:S:2765,,,stage2_multiclass,2765,S,1,0cc057f68ec5e0898f018e6b8147f6f9d14c33368f4690a3a2d690510f54cd72,75c7e6b23fd999dcfce8da7f3d16ccf37b18b2aa00efd95d6f23495a70ea4e1f,"[0.8194360733032227,0.18056391179561615]",0.18056391179561615,0.5800000000000001,0,False
stage2_multiclass:V:500,,,stage2_multiclass,500,V,1,55d5551e3c6e9daeca7f4282e19da909f4fb2e87ba27344b42c45549beb43a34,fc4e96e919f901115b35a77f2f6f0539fb0a4c0ee122ab96678bcda34e833155,"[0.925504207611084,0.07449580729007721]",0.07449580729007721,0.5800000000000001,0,False
stage2_multiclass:S:2757,,,stage2_multiclass,2757,S,1,20b088a8ba43ed156b5441e5f891da33de2dbf576a603e294a3bf8fd3dbcaad6,80bd7d421c6cb71d2db8512fc43b6eb1f7018df2855410034bb2059e77866d97,"[0.7862064838409424,0.2137935310602188]",0.2137935310602188,0.5800000000000001,0,False
stage2_multiclass:S:5066,,,stage2_multiclass,5066,S,1,1f3a1df2191a9ee808b09db14ff2abc6b534a015ec8f57efbb8521d6dd911b40,766dcf64127bbab53bcb4952a1bcd2f6a328a9739b1cddd53cd1d0883476ad37,"[0.8915900588035583,0.10840994119644165]",0.10840994119644165,0.5800000000000001,0,False
stage2_multiclass:F:5653,,,stage2_multiclass,5653,F,1,24d2878f120802b17ad5cdc2306449a2e2e64052ee3668069172a18ccee869e7,919ff0d5cf1281dcd51582ca79a22b7a098ba586183625d447a8938b87e2e275,"[0.794789731502533,0.20521026849746704]",0.20521026849746704,0.5800000000000001,0,False
stage2_multiclass:F:3792,,,stage2_multiclass,3792,F,1,cf1aed481bc8856f20c3dbfc2e8e90c2ec615195309da7c9198ce5f4745058c5,1fc1b0d393fc616a7b04bde8e977638b25581aad00da95917010e0be8be1ec55,"[0.8558509945869446,0.144149050116539]",0.144149050116539,0.5800000000000001,0,False
stage2_multiclass:V:676,,,stage2_multiclass,676,V,1,86179d18d1bf9360925d5e2b9445630e41ba6fad56b448c3052aceea2c932c58,fa1cb4f8e98fa7cec42aac3efdd7b8be3b92e93e160d9cdcbe500a748165879f,"[0.6493185758590698,0.3506813645362854]",0.3506813645362854,0.5800000000000001,0,False
stage2_multiclass:V:237,,,stage2_multiclass,237,V,1,f4ea1db82a96a3c0ee5fee8baa7c214ed61d768375ca7a69b4dc440c0e99b31e,e2079fd0525c00f964b189f0b6cf1e2c68130e9f5441d06f14ce3c27eebcc91a,"[0.92396080493927,0.07603918015956879]",0.07603918015956879,0.5800000000000001,0,False
stage2_multiclass:S:2599,,,stage2_multiclass,2599,S,1,4ecb4ffeffb2d10ab6e78bce1e6046ecf08374cd350be23bc802a52b3e3829a7,7b74db118f9076bfbf62098cbb12c6f197be1ac6636e2d90fdb4a02ab8e25c4d,"[0.7769694924354553,0.22303049266338348]",0.22303049266338348,0.5800000000000001,0,False
stage2_multiclass:F:4673,,,stage2_multiclass,4673,F,1,9ecc76cb415aa6faf9467abf5605afa9d56729cecf29514e66b4a62cb3837322,45b47e763adf2b7c47ca31fa98bcf3bffa69a7b963b248c14f081e355ec8275c,"[0.9018716216087341,0.09812843054533005]",0.09812843054533005,0.5800000000000001,0,False
stage2_multiclass:V:305,,,stage2_multiclass,305,V,1,d78f9919e06b01826ce3990ede9f5ac884aab902ca513d7bdb6934a76d8e1d20,70a6bb88d212e799dfe46219d13c14a6329a0ace2841401c24fb18896f0ac51e,"[0.8197873830795288,0.18021266162395477]",0.18021266162395477,0.5800000000000001,0,False
stage2_multiclass:V:322,,,stage2_multiclass,322,V,1,18a267a268e9808642eed05b60995927e55b1ca6cbb6d63e80c2ddb9b369316e,3c9c3b125e49b2d171713a90f29d8774b0f0413ee8380a65889fd61dca0f144c,"[0.850156843662262,0.14984318614006042]",0.14984318614006042,0.5800000000000001,0,False
stage2_multiclass:S:687,,,stage2_multiclass,687,S,1,c57ad9e79e4a4a9652c52b7c43c78450a6620c1a21fbe88a2b39d178cb0877e4,ccf12d59fbaaeab5f867ff1215c8c60ebd826e7ea51bd94c4f3994686d743f2f,"[0.8271883726119995,0.17281168699264526]",0.17281168699264526,0.5800000000000001,0,False
stage2_multiclass:V:642,,,stage2_multiclass,642,V,1,a0aa3d22ed09836519f25dc8c5ac6d9120cb4c35a5787c91ddbd7a06af9d07c1,31ead4b2e054047f47d6061825ef565e4e6c30250eb0e9c134dba4a1b6acb3c8,"[0.46377432346343994,0.5362256765365601]",0.5362256765365601,0.5800000000000001,0,False
stage2_multiclass:V:427,,,stage2_multiclass,427,V,1,fad094e8cb7f7fb1177a3eedc7f8f7d8e08a7f48a80cd2992b21a6fc7c9fa316,3773133a2e43069fe7dbb252b31bd80424b67f033ee85d80203b6662279629db,"[0.904540479183197,0.09545954316854477]",0.09545954316854477,0.5800000000000001,0,False
stage2_multiclass:V:671,,,stage2_multiclass,671,V,1,e27f506dba335f7f9eabbe197c8ad9c1298614cb84381e7e23d9d83fa348290c,f288dd813bde0a03453ad5206b8f2acb4f1558b38263281500d7707f3313011a,"[0.8390907049179077,0.16090932488441467]",0.16090932488441467,0.5800000000000001,0,False
stage2_multiclass:F:3868,,,stage2_multiclass,3868,F,1,136e7305d5591015b41e0e1133996443f45bafc0864f3b8c61dee4a4a3591de8,120d364cd3ccd17a6734a88a5fa04a8e3a6c53ced6d0ef4fca0c997defe36473,"[0.8455190062522888,0.1544809490442276]",0.1544809490442276,0.5800000000000001,0,False
stage2_multiclass:F:4788,,,stage2_multiclass,4788,F,1,959a70f1a8d545f66126d0e7f08039866fb32066090364ae225ec521ad4ea943,dec6df7a0f0ce162e8e77981f22a6e4aea8c75a8a2dd4a5de977b56bb486d01d,"[0.42917823791503906,0.5708217620849609]",0.5708217620849609,0.5800000000000001,0,False
stage2_multiclass:S:927,,,stage2_multiclass,927,S,1,b97b1430afba3cd8d19f86fad054a00a5284c7f3daa08a12d80748750752c319,9f9e61d4b09d864711a3f283e0317c473d8febc3e6ffad2275bb877410d703fa,"[0.7783012390136719,0.22169871628284454]",0.22169871628284454,0.5800000000000001,0,False
stage2_multiclass:F:5819,,,stage2_multiclass,5819,F,1,a0d0b5286b0a24af048b85fc20f4fc91cb271a2c11ab135ad2111c4ee5093311,6ae805b9cae231fb663b5fe2bb536f73d14147c1ac17ec7bbbd68d544c7a53ca,"[0.3887691795825958,0.6112307906150818]",0.6112307906150818,0.5800000000000001,1,True
stage2_multiclass:F:3953,,,stage2_multiclass,3953,F,1,45854a61787d6b0ec7f6fe58874fb1dd5b52cdf5986709931975af3f7e5bbe1a,a8e4afcf2c06deb99348f071e6daed0fdb715777ec1912f462e4523ca7ad1b74,"[0.883385181427002,0.11661487072706223]",0.11661487072706223,0.5800000000000001,0,False
stage2_multiclass:F:3759,,,stage2_multiclass,3759,F,1,9e01e9315e5af5662539755324a670181f2391ccd2eaa8543d5f01ef2c3fa313,816fbe960867747c6d8103a388fcbb71942dc88e4da68d2207b6d1931b710fb1,"[0.8563759326934814,0.14362409710884094]",0.14362409710884094,0.5800000000000001,0,False
stage2_multiclass:S:5114,,,stage2_multiclass,5114,S,1,3d5de45aa2974d3e556587b0991da1b8e9d92f2c086e15dd4ccff61beada138a,b5bc16a28a4f344e3a93f846080c084f47c73a997c45d38ae33809a80e70ba4e,"[0.8879672288894653,0.11203277111053467]",0.11203277111053467,0.5800000000000001,0,False
stage2_multiclass:V:282,,,stage2_multiclass,282,V,1,115ef99d5a4b125c843882ea1c9910d12888400a9a390a496ebfeb38c5572110,5b999deb1ccaf4762cd63c55113e554d8c5feb75d64ed48742ac33d1a1a2d509,"[0.9252701997756958,0.0747298151254654]",0.0747298151254654,0.5800000000000001,0,False
stage2_multiclass:S:2730,,,stage2_multiclass,2730,S,1,e50e80f256181950b3572fa9595cee9b93abcfb43a0a026edcf4d46c459cfd29,e6b190d083e247d39879a427a2f82df00e8846ed358e89654a7a2d9e6a3880f1,"[0.8413108587265015,0.15868912637233734]",0.15868912637233734,0.5800000000000001,0,False
stage2_multiclass:F:3873,,,stage2_multiclass,3873,F,1,9258f3f929f5c6e96e51e675f96a22897ee727468bfe411eef7a13f15945dbcc,65880a03b3970d0094fc1edaed70149a0327cecf70591deb7efc02a7f8427386,"[0.861370325088501,0.1386297047138214]",0.1386297047138214,0.5800000000000001,0,False
stage2_multiclass:S:5079,,,stage2_multiclass,5079,S,1,38c70568b371c7d3bd1e35e2dbe47127a23121f926d41089be9020b438915628,b6a355b16fa0e790a298b8737f173122ef6f0d884d40f34c46c967335c816b41,"[0.8981740474700928,0.10182598978281021]",0.10182598978281021,0.5800000000000001,0,False
stage2_multiclass:S:955,,,stage2_multiclass,955,S,1,57ad658f080bf1a8fd42a59f513c69731b85d28f4de6e45e11c89076791d4e20,6debe58a679aa2a6777acf1a88a4b33e5d349ea9b995b620b23363bee0d05935,"[0.8477609157562256,0.15223902463912964]",0.15223902463912964,0.5800000000000001,0,False
stage2_multiclass:S:2671,,,stage2_multiclass,2671,S,1,fa52fd0578827a8eddb0814658c07049c5df2b194b063076843903f9605f40c1,88329792cd82dc2ee4d11d9329a563c211ebae0d329667a660b30795b1ffcc37,"[0.7758359909057617,0.22416400909423828]",0.22416400909423828,0.5800000000000001,0,False
stage2_multiclass:F:5930,,,stage2_multiclass,5930,F,1,34e77f6fe62f294db42c77a6ddad280b1456a941def4ddf2b6ebe4f4e565a49c,6e21afa747fa2cd6a9fbfe837d2432f684438fb639716c151b72311802820ad8,"[0.4186778664588928,0.5813220739364624]",0.5813220739364624,0.5800000000000001,1,True
stage2_multiclass:F:5845,,,stage2_multiclass,5845,F,1,c10f9ac4f7db5607c761cd35749ececb0535ad9d5b3eb242b1796e0b80e7d626,6141b359912c5e1b8f6d886d004bcb1028708b1f1da4b7d92ac44cb6225d9f36,"[0.4097532331943512,0.590246856212616]",0.590246856212616,0.5800000000000001,1,True
stage1_binary:N:21,,,stage1_binary,21,N,0,30cb8171b7d26023de464cf760a1273f355205441f3eee0c82e5efba333bea2b,5d0dd333002b39e1ecbf0665cfaf07165bda7524eb1fbe3725452cb9bc968fbd,"[0.5614429116249084,0.43855711817741394]",0.43855711817741394,0.5800000000000001,0,True
stage2_multiclass:F:3295,,,stage2_multiclass,3295,F,1,7956a17990111b597eb73157602de4d635893199f1d0a7600a789f10c6cc4516,636e033fb2b521ba46d1458fa0856c15b31385e66a7ccebf8b19f852cbdcbfed,"[0.8265711665153503,0.17342886328697205]",0.17342886328697205,0.5800000000000001,0,False
stage2_multiclass:F:5963,,,stage2_multiclass,5963,F,1,00c67311d6c00a14aad336584164ba7f60836b8deb7b0998f38c078949701bd5,0e0d9ef8501a358b65ca66355639e11168445843791f73c6c572dc2702843eb1,"[0.6924886703491211,0.3075113594532013]",0.3075113594532013,0.5800000000000001,0,False
stage2_multiclass:F:5905,,,stage2_multiclass,5905,F,1,85e30551729cc9340c0a98cce25c7eecd9242b356fe9d4271d900a53c9010efb,2e07d2922c231e8c3750c8ce44f72a53f3629d90f16698f055099f52f200fee5,"[0.7543134689331055,0.24568650126457214]",0.24568650126457214,0.5800000000000001,0,False
stage2_multiclass:F:5670,,,stage2_multiclass,5670,F,1,0cff0b184ff12b55b1dac2310ed956ac83360bc33f9424ce6a9b7a2845566a24,851ab1e9a9056040e67df38008afe09c63c04b3ffb51886f2852926148152f24,"[0.5350250601768494,0.46497491002082825]",0.46497491002082825,0.5800000000000001,0,False
stage2_multiclass:V:138,,,stage2_multiclass,138,V,1,4197cc2bd471cb51222467376baaaf6862d83ef1f2e46882ff732e39bafd3c40,a3f92d2aed01ae9fa163f79eb0494cae07287acd1d86680327e382b3e05bf3d5,"[0.8755594491958618,0.12444052845239639]",0.12444052845239639,0.5800000000000001,0,False
stage2_multiclass:S:3588,,,stage2_multiclass,3588,S,1,93401598e7fe1c4a9f8f82761e49337cf5d341d46922669db8d8573cbcb9fbdb,d7dc2c3054a244ff4fe4638df87aa7d8414e5881f7ab63badae27dd5ce4cb361,"[0.6189419627189636,0.38105809688568115]",0.38105809688568115,0.5800000000000001,0,False
stage2_multiclass:S:3302,,,stage2_multiclass,3302,S,1,43a79c9454edef3c6bbbb5905ddaf68d1137a0e2c9269d2542364fa16a3fd679,6f05215eac944fac2a047a08182bc7445fe7ac3bc35a713505be18591f205f20,"[0.8201889395713806,0.17981107532978058]",0.17981107532978058,0.5800000000000001,0,False
stage2_multiclass:F:4705,,,stage2_multiclass,4705,F,1,cf703c23130674e6a7c0c0a930aa1be605d4a4787b7a01a144c29ee07aadac8b,e7824b1ec245821374d6e5149433ea3e4c8d56cd4aca3b099e6a0c7ea873c924,"[0.9243676662445068,0.07563231885433197]",0.07563231885433197,0.5800000000000001,0,False
stage2_multiclass:F:5740,,,stage2_multiclass,5740,F,1,6866f5fbeb1908e6be5b5fe0cd2582a6f52cacd6fa9034979d90de8e655d1bda,943bc543d5032cbc00f87d0fd61267a1cb8043b8416068d71ed780eb5510fb74,"[0.4695765972137451,0.5304234027862549]",0.5304234027862549,0.5800000000000001,0,False
stage2_multiclass:S:2721,,,stage2_multiclass,2721,S,1,3b02d29977e53a71e241f1ee28a1e7e7938bd14138acbbc2be2031dd57c2d2b7,61eb4cb79fd3237102c5843025952a9bcfb8bf561c86857e5df60498b8eaaf6a,"[0.781417965888977,0.21858203411102295]",0.21858203411102295,0.5800000000000001,0,False
stage2_multiclass:V:478,,,stage2_multiclass,478,V,1,4716c7d8870678a3c3d25c7ea51bc93d3b510183243e39f1e2822866af8e6faf,f689407846b30695944a0d1430db9e0440a0e591720b37812896ce1c28681680,"[0.7924894094467163,0.20751060545444489]",0.20751060545444489,0.5800000000000001,0,False
stage2_multiclass:F:4661,,,stage2_multiclass,4661,F,1,03a724fa19ff19bee4c357eea6bf6bb2b303e112be266cb32099967661225349,7847b24b25a9c1b7f9b54f7f32c9e730580d34feeb024ca3ab916256ba0ebe74,"[0.8786553740501404,0.12134459614753723]",0.12134459614753723,0.5800000000000001,0,False
stage2_multiclass:F:4440,,,stage2_multiclass,4440,F,1,6552ec7ef6302ce97fb57a1a2b06fc451820f4b8282af7f42e14394b235f843a,bb720da557f035c4c18d1f3186d408a0923e01b2647c842af50818b129327d24,"[0.5167484879493713,0.4832514822483063]",0.4832514822483063,0.5800000000000001,0,False
stage2_multiclass:S:1468,,,stage2_multiclass,1468,S,1,245a64f9170620348f4de4f05f8ab18b2bf865f98cc4b1a89ba3f2fe0bc71e0b,b9e76a34aea475d1b00d618926516191d2ddd5d0d2b64056a3be943817e78bad,"[0.8317705988883972,0.168229341506958]",0.168229341506958,0.5800000000000001,0,False
stage2_multiclass:F:5875,,,stage2_multiclass,5875,F,1,c1588ea4f24050142ac88413b7305d2d7fc8bf04bb24e2f380d2c12011622272,8b237cc34d76efd5756b5164447a485d346665ba7e0332b1f7b43b8d2617bdb2,"[0.6328470706939697,0.3671528995037079]",0.3671528995037079,0.5800000000000001,0,False
stage2_multiclass:S:5073,,,stage2_multiclass,5073,S,1,c5a639da152a9ea2079f3868fc2dbe63812abe5385e44e15ed802f371ac96d02,cc3b21cf218216361f52fb3fec423173289ff6331716c895be59a100a1559476,"[0.938670814037323,0.06132924556732178]",0.06132924556732178,0.5800000000000001,0,False
stage2_multiclass:F:5804,,,stage2_multiclass,5804,F,1,f1047ff5bef48370a64f6036214ebf35ba2b0a0f1b3a5be77c2e7099fb738a5a,4b23f1a8772fd53c3906bb92e601b05a34b34d2580f9dd6a5e2c3e4f2a0eeffb,"[0.7387179732322693,0.2612819969654083]",0.2612819969654083,0.5800000000000001,0,False
stage2_multiclass:S:1516,,,stage2_multiclass,1516,S,1,ce65c0477833f2727925696cf9087fa953d6685456df994bb528343a1f4b8539,1c94cfe585a4765d52c049f393ace4d82d0657f4e63ad1ff8be75974c3d6dfb0,"[0.769253134727478,0.2307468056678772]",0.2307468056678772,0.5800000000000001,0,False
stage2_multiclass:F:4464,,,stage2_multiclass,4464,F,1,651b695e6cc3d8cb76bc0aebe3ee082608501b2c9a37487c7f7b3cf3f07ce8d7,c2c396c997ca78b0958f8a2f2258bce75ad2e2248e52b1f0b8ba7149edd5e753,"[0.5072964429855347,0.49270355701446533]",0.49270355701446533,0.5800000000000001,0,False
stage2_multiclass:S:5077,,,stage2_multiclass,5077,S,1,861d20cd571c6b2cb104ae34e57b86e0e3d7d4bf8ff0ecb370f17392edec9667,2dfda8fb5f81c891d3b9cd4f7acc82d9898e6a077fab4d03e628c46bdca5b814,"[0.9040589928627014,0.0959409847855568]",0.0959409847855568,0.5800000000000001,0,False
stage2_multiclass:F:4779,,,stage2_multiclass,4779,F,1,f6eb8118f0a75a8f62ec36dfa45ae30771813a0baca34a44aaf730e9baa99c68,1f0aa1af2c8b17e9b9129768d9aa79c7e7d6ece89a1d86af4637047f6b22c983,"[0.8732863664627075,0.12671364843845367]",0.12671364843845367,0.5800000000000001,0,False
stage2_multiclass:F:5650,,,stage2_multiclass,5650,F,1,43d5ed90f2729fd0a82cda15fe2f9559b399dbbd488ee38fa7530a8bff4cb742,a8c25a0ea412dfcc39c6ec969caa27f6e7f80437a3ee074f82a6b12612abc996,"[0.36977821588516235,0.6302218437194824]",0.6302218437194824,0.5800000000000001,1,True
stage2_multiclass:S:5128,,,stage2_multiclass,5128,S,1,ff19196956554a0cc0333e863fe24523fcde5c3c3b62456c4e64ece26155a744,61b0cba049213cfa7fc52670615bcd6b7829fd247ab9639843f45fac6d00a4e4,"[0.8936403393745422,0.10635963082313538]",0.10635963082313538,0.5800000000000001,0,False
stage2_multiclass:S:6,,,stage2_multiclass,6,S,1,6325542740ef7aae06af104c0877e01a9809dc7873407dcf2c25cf13365a8722,c1931bb07bc981c2de6ae8a923a52c457f6653af8dda198ddcdab17ad04a1610,"[0.5860079526901245,0.4139920473098755]",0.4139920473098755,0.5800000000000001,0,False
stage2_multiclass:V:655,,,stage2_multiclass,655,V,1,451571f73f18f7c5041b05562c65c3f135a5f3bc902b182d7a4f95335b0a0e45,e88db935d505b726c79eabc54aaf5ab7986ba0df79d81f8745a576c21ce0ea7b,"[0.4966861605644226,0.5033138990402222]",0.5033138990402222,0.5800000000000001,0,False
stage2_multiclass:S:3557,,,stage2_multiclass,3557,S,1,c10394a8d4864ddba7d49fe8610b1bc9889f3e6703812784c3a9463fa80a6894,6806b70edfc16a5e3cfbcb1f635aabda7a318f71a55f100e0cb64a7f4060d3c1,"[0.8068862557411194,0.1931137591600418]",0.1931137591600418,0.5800000000000001,0,False
stage2_multiclass:F:4432,,,stage2_multiclass,4432,F,1,77f0bd5cfac84e5f452e8dc16987a969c2259f53aa29843ae6f292df96f980e9,2e02305104fd9218721c761e852cb67c7051cac595ef2394827b0206845ad33b,"[0.8439326882362366,0.15606731176376343]",0.15606731176376343,0.5800000000000001,0,False
stage2_multiclass:F:4676,,,stage2_multiclass,4676,F,1,bd18d1eb1dc054db837283513d0eaaae3ab49a8a11c2e2de427cc68fd2adc839,008d538613cdd24c78e1a69258380824b9b982baacf409d775e87b39a7792b10,"[0.43975508213043213,0.5602449178695679]",0.5602449178695679,0.5800000000000001,0,False
stage2_multiclass:S:2431,,,stage2_multiclass,2431,S,1,270716a5712dd8cc5c617cf4c41f94b52cf1e23fb15b599145d9a34a1fdd1a09,638c57969b1758cb4ab03074228bfa1e1cfbe1c2d2f1aa5cf517280810f5d476,"[0.8045880794525146,0.19541192054748535]",0.19541192054748535,0.5800000000000001,0,False
stage2_multiclass:V:197,,,stage2_multiclass,197,V,1,bc34ee8a7ae74ef64d9fb9869a5ade7f8672c2d44f3afdfc2945ecf604f056df,6102df2a6946c84e6eccaf676dc9535ca82313badefc289e584267dbb9bb2499,"[0.7811756730079651,0.2188243567943573]",0.2188243567943573,0.5800000000000001,0,False
stage2_multiclass:V:315,,,stage2_multiclass,315,V,1,e7369095530f4c12c806fdd8f43c8112ec85b23e125b79fcc6ac412d5d4e88a5,108ec42b7d719c8a712434ac7a066c46faca9a575fd644d1a2de1d11f0b20f72,"[0.7310471534729004,0.2689528465270996]",0.2689528465270996,0.5800000000000001,0,False
stage1_binary:N:45,,,stage1_binary,45,N,0,3f2643330bfbe3a4e75e0f9525ba5b55dec0d038d09f52daf10c096fc235ca60,44cfb4c2aac3768a731899807c825e6e0338dc919befd7c10dc61a6fba3b3e43,"[0.6184583902359009,0.3815416395664215]",0.3815416395664215,0.5800000000000001,0,True
stage2_multiclass:S:2169,,,stage2_multiclass,2169,S,1,1d1dbe79b515a329d51271c2a2965399b433bc532119540d2189d8a75a8fd4d5,0b358ec8a4a16f51cac20ed0c3ea946c39a1838595537fb23b404f2217f35834,"[0.8316802978515625,0.1683197170495987]",0.1683197170495987,0.5800000000000001,0,False
stage2_multiclass:V:169,,,stage2_multiclass,169,V,1,e12dc3f9140531ad41d3d739bcda9a284ee8436fa10a5ca3fe46e134f51db7e1,375c6ac2f17dfeba5616edf165be805c39b9eb2a14231093f36a0da8758edfd2,"[0.8321613073348999,0.1678386777639389]",0.1678386777639389,0.5800000000000001,0,False
stage2_multiclass:V:107,,,stage2_multiclass,107,V,1,b8ee2fb99f42d24f4fc0f44c23a32786bafab9c79c92111ea263f3c3d1f9d218,207ecc30cceb66f3ad7b7f56c07c2a2e2f6352855b30872f4546771082577ecc,"[0.9133683443069458,0.08663161844015121]",0.08663161844015121,0.5800000000000001,0,False
stage1_binary:N:26,,,stage1_binary,26,N,0,bec0586c1e3a505c48ebaa8a36f0f0102a8fb186374c08e59a7fae6068fdf96b,8e4164a1f8812f03f4d768e1e8f38c177092cdd19a96c9b7d279ecfd8173c29b,"[0.5138625502586365,0.48613739013671875]",0.48613739013671875,0.5800000000000001,0,True
stage2_multiclass:F:4768,,,stage2_multiclass,4768,F,1,cad583aaf133505be2d6b2324752ea13ed47746fce2ad64202b4dda541e439d7,322b3d38090dc45556d3ee25976fa300155f21f1f010048e9242ce3131ce5008,"[0.7541836500167847,0.24581633508205414]",0.24581633508205414,0.5800000000000001,0,False
stage1_binary:N:61,,,stage1_binary,61,N,0,eb6786f4c1695cd8fce86cb7ab41664f10a1588847aa613ee740ca8eb73d1372,9555ec57de09effb1fb7b54314da8da24c2452a70168c2674674669fc6c53533,"[0.5429025292396545,0.45709747076034546]",0.45709747076034546,0.5800000000000001,0,True
stage2_multiclass:V:645,,,stage2_multiclass,645,V,1,0922e5c7edd4125ba47b862b4231b95da3493f00768fe42293a3534e22462829,57a99199f61437b8ba3ce864d381f46a61e20d728341a8eda9ca4fd2d25d78a9,"[0.5026238560676575,0.49737611413002014]",0.49737611413002014,0.5800000000000001,0,False
stage2_multiclass:S:5076,,,stage2_multiclass,5076,S,1,562c82afbab47deed2ba8c8373a18b47c23ed2cd1cb693147215663d6665241b,64d8397d2560e63e91f019922029c5ea54ca16c05030a97c5daa46f95e15c165,"[0.9163641333580017,0.08363588899374008]",0.08363588899374008,0.5800000000000001,0,False
stage2_multiclass:S:5059,,,stage2_multiclass,5059,S,1,a0158e0184393e16a349c33760865a49573df1f03374ea352238cf557ec6a9a2,d4b21a5e35fa4cf2362ee0925e0a1848f1bd260760f37f3d5e994245c2e5ff4c,"[0.9208146929740906,0.07918532937765121]",0.07918532937765121,0.5800000000000001,0,False
stage2_multiclass:S:3615,,,stage2_multiclass,3615,S,1,fff98faffd16e49bef2d78d14a3e2b4782b0c0cb7266067d49a5abeefd0b9900,cf94f2b24635bff60328f5d8194753b895bdea1f5edd0d4dd0bab6f8b5dade09,"[0.5878983736038208,0.4121016561985016]",0.4121016561985016,0.5800000000000001,0,False
stage2_multiclass:F:3662,,,stage2_multiclass,3662,F,1,b5386495a149cb3cf22fcb988bc762e2b322dfee4778d7a7c88b87c966aa34ef,7f54ae39a52ccbcbded9356f320f2f4b1d97d0afd1bd7318821ee63290cfd688,"[0.8511344194412231,0.14886562526226044]",0.14886562526226044,0.5800000000000001,0,False
stage1_binary:N:120,,,stage1_binary,120,N,0,3283c4749fbca54e5ebe064cb747d6ba766ed326edf6e0996af6c5293e36bc62,ed9706c21db6afa5f8dc6525eb9947e8dc88473e8572947c5ed5304615876dc1,"[0.5999336838722229,0.4000663459300995]",0.4000663459300995,0.5800000000000001,0,True
stage2_multiclass:S:921,,,stage2_multiclass,921,S,1,e0b5b79fc7b6a7298ad359d1b85883f482f2ab75749fa41aa787074549758c9a,8c38d229b7d45f8884245fd13320d5c29853bc0cb377ee8d49b3a1c59fb9a430,"[0.7038979530334473,0.2961020767688751]",0.2961020767688751,0.5800000000000001,0,False
stage2_multiclass:F:3822,,,stage2_multiclass,3822,F,1,e09b9313c6f514770a6eb9811f51ab68729bb5480d52b8f710935301bcdfb0ee,8c34dd1fc43b7f539af7c84014b7ec499a5bbb745e27f4f1a1e56f6915c2959c,"[0.3722829222679138,0.6277170777320862]",0.6277170777320862,0.5800000000000001,1,True
stage2_multiclass:V:410,,,stage2_multiclass,410,V,1,6f9fae6e894d6a66fb17de06e1337fa4b8f4ff3521388a468ee63f6e1fda48f6,8692c5961a4730a64bd99083233cc2ed4404218e8182055e2eb671e5b6e7d675,"[0.9341052770614624,0.06589475274085999]",0.06589475274085999,0.5800000000000001,0,False
stage2_multiclass:S:5044,,,stage2_multiclass,5044,S,1,faf1f45630bc1ac19dd91bab70f65552fc98bec93251f8b72aa64d721c6e4972,8b7326d151841819ae825d1eedf19f5d49980366f611aeb4ee3549e8ff2f4808,"[0.9041900634765625,0.0958099216222763]",0.0958099216222763,0.5800000000000001,0,False
stage2_multiclass:V:421,,,stage2_multiclass,421,V,1,b2f29925fdca4f375c247ab4fe1fbc227e23895bd1d613d8ad1adcdb6bfd3202,1630043a0268e4946452e82512fe045efb3eac80eb44c57b36b961a307778d90,"[0.7984497547149658,0.20155026018619537]",0.20155026018619537,0.5800000000000001,0,False
stage2_multiclass:F:4815,,,stage2_multiclass,4815,F,1,9de852e81c626bafa9e155aaaacfef7abd520ad59efe8498139af08abded6099,88cb13145c54b5c25296b907363bb0e000ee43bfb735077024cb9c9fefe1374a,"[0.8941516280174255,0.10584837198257446]",0.10584837198257446,0.5800000000000001,0,False
stage2_multiclass:S:2322,,,stage2_multiclass,2322,S,1,0e5d8f765fab14865bc177f45360a2cb65a5f835f3cada3418a1980bdb7abe34,ab6819839f06ddad9ab9bd474ba0d245d16c0b8851f5663b77ebf3665548ab24,"[0.6164961457252502,0.38350388407707214]",0.38350388407707214,0.5800000000000001,0,False
stage2_multiclass:S:1005,,,stage2_multiclass,1005,S,1,4bc5539667007517c449c19636440b2bec7e33afb8eadbb8df801605d56fcd60,5f5a1e63e7c603c8c927086f5939c4decfdcdbed5fc65a3797e0dec1bc910dc6,"[0.6812386512756348,0.3187613785266876]",0.3187613785266876,0.5800000000000001,0,False
stage2_multiclass:F:6005,,,stage2_multiclass,6005,F,1,850dc7d02cdc4cdf361dc9c1b4b73dde49a79953fa65bc48b3294b0c26fac0a8,847e6330924e514ba253d2ff810b77e6e9d6e69ae7a16d4ad45101049a3f4a9f,"[0.8164697885513306,0.18353018164634705]",0.18353018164634705,0.5800000000000001,0,False
stage2_multiclass:F:5820,,,stage2_multiclass,5820,F,1,45f3eaf7f3c3fb4c3cc15c3d1e11156530fac2367116d00e845b6e81132a3f09,a0159121d8108f7585c00ac663ff793cab025afef7f305c2da64372c36c2a47c,"[0.707539975643158,0.29246002435684204]",0.29246002435684204,0.5800000000000001,0,False
stage2_multiclass:S:2787,,,stage2_multiclass,2787,S,1,1eb67f51bbad2812203c6588acd634a9179313bc2e31f66397f3e148a01f035c,7d43fd25be4bc9d9087a941c6dd55cea54121cd69870dd184975c3bd5ad0d088,"[0.7900193333625793,0.20998063683509827]",0.20998063683509827,0.5800000000000001,0,False
stage2_multiclass:F:5687,,,stage2_multiclass,5687,F,1,56c3feb966b82b8ddbf4435ca3d1db87cba8c26064d6b5a954d71d6aa8bd6380,32f3b74db7ce00309f66ec7207ec8240ce0272ec999cb3af5040d40acaf3e33b,"[0.37686821818351746,0.6231317520141602]",0.6231317520141602,0.5800000000000001,1,True
stage2_multiclass:V:605,,,stage2_multiclass,605,V,1,ed75cffac6e5cd0083a45de399855b4756133482c302f00c9ab588d61a419726,4e036b60ddc8f0e9fbb0b50662ca7c54a3cb6336f19360a10ff01425f7298bd8,"[0.9337684512138367,0.06623147428035736]",0.06623147428035736,0.5800000000000001,0,False
stage2_multiclass:S:3562,,,stage2_multiclass,3562,S,1,ee2cb23dea7eb96f52bff9591cea8b013790edb10b08baee165a61c6fbd8c434,4cdda68c48c333e0955c6f17d2c29df5b649ff4f39b5944cbbdf791093f28a2e,"[0.7998819351196289,0.20011809468269348]",0.20011809468269348,0.5800000000000001,0,False
stage2_multiclass:F:4558,,,stage2_multiclass,4558,F,1,34b3d7fa39013573276b559d8933e2446edfc188163e5d549f76bb89b267ee59,893e8fc980da736898ed020899e0b7df08c0549bdc2dc7650b4b06b306ed5e17,"[0.42282596230506897,0.5771741271018982]",0.5771741271018982,0.5800000000000001,0,False
stage2_multiclass:S:942,,,stage2_multiclass,942,S,1,157469e8d26a56514e1405b3e56bdfcd008293ec6ef0cdd6a1c8b55a0ebd02e2,c1d72e86593d1a08d0ccf33e953cd7aca9c562480a1d2544bfb279927a35280d,"[0.7900046110153198,0.20999540388584137]",0.20999540388584137,0.5800000000000001,0,False
stage2_multiclass:F:5886,,,stage2_multiclass,5886,F,1,987d703d3dfe0dc16564814105759bd0c02485e41a99581ba117b56a8fa5e486,025a0db809814b0c51f28eb12b52eeb9ae94bb16b981b22ddc41cf49b82c25ce,"[0.7193337082862854,0.2806662619113922]",0.2806662619113922,0.5800000000000001,0,False
stage2_multiclass:V:570,,,stage2_multiclass,570,V,1,3a953f640bdf1e03958e6a98405d8991220d6163edc5b1f6c0feda7427234e95,d08b72e5dd664843667715a9a1801bcc23bfacaf1a9a9e80a7ae31bce8ce8f5d,"[0.7797054052352905,0.22029456496238708]",0.22029456496238708,0.5800000000000001,0,False
stage2_multiclass:S:2684,,,stage2_multiclass,2684,S,1,edccd19fd92d7bda1f36fd5eef17d592d19cf785faf39e851992f910f289d5f0,c02ef231cf7b2172c33d6ae849a8d7e3faf7f77003368e22b3dc9f124ccb3ab7,"[0.7817566990852356,0.2182433009147644]",0.2182433009147644,0.5800000000000001,0,False
stage2_multiclass:V:74,,,stage2_multiclass,74,V,1,ee97d3f3f0d5b7e6047ef43e6f90e9a413c487f9e260cb236636a58cddd9b16e,6f8b9f68241c8da18a9bd43341f4e912fec96d1584d3cf5b0e443ee81394ac77,"[0.8363116383552551,0.16368837654590607]",0.16368837654590607,0.5800000000000001,0,False
stage1_binary:N:117,,,stage1_binary,117,N,0,5d2dd5560863feb97e011642ca8fba8332c7cdc965953e822fb24b04b58609d3,9387f387f7c6e5a38c49a46e5fb6dde851e38d1bbfec06fff25f362abe93972f,"[0.5840590596199036,0.4159409999847412]",0.4159409999847412,0.5800000000000001,0,True
stage2_multiclass:S:5099,,,stage2_multiclass,5099,S,1,9462bda0d841d38a209e6cac61c7acfb723b4ad8160708aa48e814cced973941,b6d45c5d5719f6370e0331e6f87745d21e9a2c2a018c382d90e69aaa5a3819a7,"[0.8965960144996643,0.1034039556980133]",0.1034039556980133,0.5800000000000001,0,False
stage2_multiclass:S:5146,,,stage2_multiclass,5146,S,1,df2e3d8f36f72957139eb795ac7e3fd526d61ea70acc3756d87ea452582b2ef9,28e38d806192455b9a99f998f66233c54549b52c5d3d7f42d59c9cf7ecef5e87,"[0.8755085468292236,0.12449150532484055]",0.12449150532484055,0.5800000000000001,0,False
stage2_multiclass:V:530,,,stage2_multiclass,530,V,1,d1a59d13608dcaed507855cf6f9bcd73dfa390929d7996d5cba50c73904192f2,26d008ced4d6d5aea5b8b44adf45aa25634322c5b0c60b3241666a56c30714c4,"[0.8253414034843445,0.1746586561203003]",0.1746586561203003,0.5800000000000001,0,False
stage2_multiclass:S:15,,,stage2_multiclass,15,S,1,7e3c97c4d2d0f6e5a55b1602b7d8edd363ef1e35ab01400a2e4f4b0b48ae9343,666e2a0bf4dbd5fb5f17be1f1cdbdca71a102b4f1a9101444b314ba403614bcf,"[0.5101203918457031,0.48987963795661926]",0.48987963795661926,0.5800000000000001,0,False
stage2_multiclass:S:16,,,stage2_multiclass,16,S,1,60c9e8810a1a6a3f47adebadc7d145959888c4718525c15329bc181e04b73232,992df4004eee73c0ba7b9d0d65c858549f04c8a875405b460d8f3f77edb6d36f,"[0.6063073873519897,0.39369267225265503]",0.39369267225265503,0.5800000000000001,0,False
stage2_multiclass:F:4152,,,stage2_multiclass,4152,F,1,b9d563dc67e047233ceb02a010c91513126514012e9fc1bc997bdda8da7439ae,26a114f65f265c7f494398c8779105943745962edaceef735617b57991ccef96,"[0.3959086835384369,0.6040913462638855]",0.6040913462638855,0.5800000000000001,1,True
stage1_binary:N:52,,,stage1_binary,52,N,0,8b45b173e0e859fde7b63559e73dbc90034fd387d57ffa80e4dea06eb69a0d01,adda12106d1541bf406ce75308d644de1fcc3b89491b9e43f7c01c6e92f18e72,"[0.6049150824546814,0.39508485794067383]",0.39508485794067383,0.5800000000000001,0,True
stage2_multiclass:V:665,,,stage2_multiclass,665,V,1,544a5f810c8cb71652d69f078edc2586217126bb64b9b97099819171d81f2eed,1947b6e12a740e261ba428954e12daf934bbc87c37df986d73a82e9b30f17e0d,"[0.7250186204910278,0.27498143911361694]",0.27498143911361694,0.5800000000000001,0,False
stage2_multiclass:F:4230,,,stage2_multiclass,4230,F,1,f1b00b012eddcd006ad3a09cf471d9a9bf055322d8369d145b3451c43a2265fe,04a49b69e1a0bea15bce741f3590b2df7766cd19c278feacea60e1f1b69e5fb3,"[0.8529404401779175,0.14705948531627655]",0.14705948531627655,0.5800000000000001,0,False
stage2_multiclass:F:5922,,,stage2_multiclass,5922,F,1,8e9471cf05ff1a6f1ce15be534f65351afeb637f55a81b9d25e1c5aeea3aca8d,496108d1ddd607e89b80312f1130c4b1333a235859c8d7e4bff17c90a7645f34,"[0.631793200969696,0.3682067096233368]",0.3682067096233368,0.5800000000000001,0,False
stage2_multiclass:V:573,,,stage2_multiclass,573,V,1,2187604c2b3d58823cdac585998eb401124d5ad4ac17721c6d642bed948badf6,9af07abee0751c633942890923068bf35d2618729fd6a8086b7f7b1341134ffd,"[0.6839541792869568,0.3160457909107208]",0.3160457909107208,0.5800000000000001,0,False
stage2_multiclass:F:4659,,,stage2_multiclass,4659,F,1,009fa3486f861ca3ed0f3eff6286c62e57c8ebfe02828a3112054af284015427,ae184fc2a8070eb76ee027f6d9d7fa365860c33f3bbe9e709830fe98e2fb5f41,"[0.37488868832588196,0.6251113414764404]",0.6251113414764404,0.5800000000000001,1,True
stage2_multiclass:F:5985,,,stage2_multiclass,5985,F,1,b00b5ca385e11f651ee2c125ebd262fd1f6407be10c9dbb08c1f03e58413c33e,b08992935d7efde1441c362783373574de7aa723ea4a30887a43f699a8484fd8,"[0.6839584708213806,0.3160414695739746]",0.3160414695739746,0.5800000000000001,0,False
stage2_multiclass:S:1543,,,stage2_multiclass,1543,S,1,75dc1f7b2271fc63c495d016b9b9a4227c584098486ef6f9f8588f80e0c5b44e,b08decb0f26427fe61ec2e0bb389ce50a8e2a0132f947b7d9f9df476ae267c74,"[0.8707379102706909,0.1292620748281479]",0.1292620748281479,0.5800000000000001,0,False
stage1_binary:N:84,,,stage1_binary,84,N,0,1a079de577f862a34efe9dbc1e454b5acd50d4b7fbf481cc535b29c7e4b043d3,17f29f9409af31c79184ee181b76c46459e9a368ad7556882be33880ef3db561,"[0.5376331210136414,0.46236681938171387]",0.46236681938171387,0.5800000000000001,0,True
stage2_multiclass:S:3614,,,stage2_multiclass,3614,S,1,d87523bc79c79e6645f7a7a1f77fd1635c5eef8d01a3e90f431053363945b787,e06a1938e34d535219505a5d51b999b22adeb77e78977454385b2e6bfe68bd88,"[0.8041897416114807,0.1958102136850357]",0.1958102136850357,0.5800000000000001,0,False
stage2_multiclass:S:3583,,,stage2_multiclass,3583,S,1,0ad39da8e12ffcff6cb3c33b002b2037afa6021a54af214e55e1e82cf974240b,ba6ec023ad79d16950eda73e18de1de584b2730a08a14067c9c4f59273e809c7,"[0.6379647254943848,0.36203524470329285]",0.36203524470329285,0.5800000000000001,0,False
stage2_multiclass:V:81,,,stage2_multiclass,81,V,1,884bcb57fdf16378139de31b9be4ef148156681e7bfee246d30292bf419aba05,6d7910044a1364b55b5104d1489e22b609c41b883ea6d2949c954eeff43f32d9,"[0.7501372694969177,0.24986276030540466]",0.24986276030540466,0.5800000000000001,0,False
stage2_multiclass:F:3884,,,stage2_multiclass,3884,F,1,30fa1fc34a9829606e66273aa02c6dee06cc146a479af48e555b1311545801aa,030d789f1c168988754dac9bc80cc8a4d0fb584dc4dd55eed9ce861c11574a4d,"[0.8983937501907349,0.10160626471042633]",0.10160626471042633,0.5800000000000001,0,False
stage2_multiclass:V:513,,,stage2_multiclass,513,V,1,aa0c8780d7e5b38ca3eeb1b128d4763c4066e5a9ded19ffbfddc914972555b14,e243f7922a0acd97229d635a095f9a673768e517be2fc7d7929cc3a2f158195e,"[0.9304755926132202,0.06952443718910217]",0.06952443718910217,0.5800000000000001,0,False
stage2_multiclass:F:5992,,,stage2_multiclass,5992,F,1,cb41e10dfc88b29e65c12c0ef20816dcf0f9b3da374784aa6867c426c9b8d7c9,9a1a0b2ce3f2c1f54915de5baeccf534205ddc20bc8d12ed8776132a182e7377,"[0.41634896397590637,0.5836510062217712]",0.5836510062217712,0.5800000000000001,1,True
stage2_multiclass:F:5714,,,stage2_multiclass,5714,F,1,7a90d5004fbc2284cd59b9e66d9347c3fe06dbdffbc46acbdcad1265ea790f78,be06970e4899b80ba6df5ed41237f83306835578a4cd631ef10fc38293c6b48d,"[0.6750769019126892,0.32492315769195557]",0.32492315769195557,0.5800000000000001,0,False
stage2_multiclass:V:280,,,stage2_multiclass,280,V,1,24abf3f141da6e2af7cfc82e4a6c0fda4424a373bf933a5f8e07875b69924d10,a844a3a6df86fd4411cc1dd8b54b8a2f486a9e1657188decf4c584ccfaf1d5cc,"[0.9376996755599976,0.06230029836297035]",0.06230029836297035,0.5800000000000001,0,False
stage2_multiclass:V:520,,,stage2_multiclass,520,V,1,128439aef089e55cc6b7a0f918d3b2fc37023c4a7003d570228695d06b2edc40,d2538d3c151f3f1e90a79512e6be6c3eaed80c57b8548f3b20f2284c737cce7d,"[0.7171425223350525,0.2828574776649475]",0.2828574776649475,0.5800000000000001,0,False
stage2_multiclass:S:1007,,,stage2_multiclass,1007,S,1,cd1e534cdeb6671a3d905da5956a94c338ee13cd472c16121344513d6b337801,d050b3d5d3ea4f9a05cfbc00dc54bed8fd5558d357cca69fe8b968c1bc2a6534,"[0.6207845211029053,0.37921544909477234]",0.37921544909477234,0.5800000000000001,0,False
stage2_multiclass:S:8,,,stage2_multiclass,8,S,1,77328f298080ec8224215993d03720220f97ee5ebf6d531baf632f2c9400de0b,034a40bcd672e869283ee22106ee1c28623fc34f2dd42806f0f355ae4c683ae2,"[0.5904931426048279,0.4095068573951721]",0.4095068573951721,0.5800000000000001,0,False
stage2_multiclass:V:544,,,stage2_multiclass,544,V,1,d07cb50ebb96895f29808c582c39ad4c4f60fd0cf0429cdfa76de2087fe7d161,5418d94899792cc21118527f36d6a6388c5329f17eac160dbcb4f167929e9420,"[0.7554147839546204,0.24458518624305725]",0.24458518624305725,0.5800000000000001,0,False
stage2_multiclass:F:5796,,,stage2_multiclass,5796,F,1,c33f87c015573710fe3d24628e211480f577d62a0aeff921ce916433f15532c8,e6fb894080bf9544f93f1657f65f5b5818d936e8876fd2fac5f769ac6d7a6b1e,"[0.7274085879325867,0.2725914716720581]",0.2725914716720581,0.5800000000000001,0,False
stage2_multiclass:F:5727,,,stage2_multiclass,5727,F,1,4a625724ab00ce7758b7355730a14d3aad2e1056c2d3d25805a2993b4715c325,2f0ca3d9af8709033981c86baeaacf6508d714bc6e90a211652e6fe616126ef1,"[0.3638840615749359,0.6361160278320312]",0.6361160278320312,0.5800000000000001,1,True
stage2_multiclass:V:366,,,stage2_multiclass,366,V,1,2a1b49356dccbff68f2b2bc836fa19bdded0c336169e699650f394e46722f8c9,7d2bb1b9dada34e2a76eaca9d1b0b8313718d8cb63763433eaaf78d8e8dcde93,"[0.4238186180591583,0.5761814117431641]",0.5761814117431641,0.5800000000000001,0,False
stage2_multiclass:F:3810,,,stage2_multiclass,3810,F,1,cd3b9f5ed82e5a5c22f41e8839f71ca1eda88f7711c17ac2b50a5649e049370b,8d8f85f819e9055f0098d8f0feef29e8de9510415cd1bc2402731e684e87583d,"[0.4184974730014801,0.5815025568008423]",0.5815025568008423,0.5800000000000001,1,True
stage2_multiclass:V:492,,,stage2_multiclass,492,V,1,8046886f9cbb50a2a41f28c1b7711859aead12b592137513186e8a3de6c4cf5b,5d3549cefb3455a7e3986faeb112c97f59f6c2f9b66edf7eb2581f1a64fae700,"[0.5732498168945312,0.42675021290779114]",0.42675021290779114,0.5800000000000001,0,False
stage1_binary:N:4,,,stage1_binary,4,N,0,f5dd06f111dd84e794e2d18e5e95f324e4ba3c1daf549e75e45c923ae466a048,94412a55a2e424b449bcd516fabe05782e28ccabf620f62a617abf937ba6fbf3,"[0.5609731674194336,0.43902677297592163]",0.43902677297592163,0.5800000000000001,0,True
stage2_multiclass:F:4434,,,stage2_multiclass,4434,F,1,80c7ed0d14246b0747d99f17614bba3bf1bf6600ebd4aedb56233b2829906db6,832e57448ae8eb36ec11d8b07817fe01f10757cb888310e3d74c596645d90e66,"[0.44449010491371155,0.5555098652839661]",0.5555098652839661,0.5800000000000001,0,False
stage2_multiclass:V:638,,,stage2_multiclass,638,V,1,2c26e1ee6bc58153b44e25ad76ef9df54f6f11b88ed7b591c305937798af58ab,6162c48bb1d443985fd2afdaf8816991a4448492478f15ebd412396ec18e7e7b,"[0.5355224609375,0.4644775390625]",0.4644775390625,0.5800000000000001,0,False
stage2_multiclass:V:43,,,stage2_multiclass,43,V,1,6bb26daf717ce180a77297b1bc8f336fef5058d90356f6164cde1991a148044a,3aa4029913169bc5692225613c44730325b67be70dca69b73df90fac8cd54a6f,"[0.8967331051826477,0.10326690226793289]",0.10326690226793289,0.5800000000000001,0,False
stage2_multiclass:V:455,,,stage2_multiclass,455,V,1,c56586b67d68f0a7418bde8a2a79f5d4cf1b1c46c3fbacf28ecca60c83cefe74,3cbbce4026a56553a562119a5b4b77bb1be0e4a43187718030e9add06d071480,"[0.7623929381370544,0.23760701715946198]",0.23760701715946198,0.5800000000000001,0,False
stage2_multiclass:V:440,,,stage2_multiclass,440,V,1,1c5d5fbaaa537140cb816333c0c9c881fea6041a530b38e3ec3ca3feee5e19a7,e492287c257a38362d7ff0af70112c55091301efa03b601618c8bb13b672e0bb,"[0.9292311072349548,0.07076890021562576]",0.07076890021562576,0.5800000000000001,0,False
stage2_multiclass:V:203,,,stage2_multiclass,203,V,1,1ac70f07b71b00665ee11669515833a9fa480ce4605ee74647a828501e614876,a4bd1c86e6e2bbba3096e5f90dd16726154b0b42f6ad4011b570293555254bb0,"[0.8069199919700623,0.19308003783226013]",0.19308003783226013,0.5800000000000001,0,False
stage2_multiclass:V:294,,,stage2_multiclass,294,V,1,6e35c912f1c021ad5fb0380a8d7cd8588caa50f4a54f1e681d86a68170d8c515,4341f4812aa8837cfc0720f45a94e409f08a1b5e924890c0913938a5af79d6f7,"[0.7711830139160156,0.22881697118282318]",0.22881697118282318,0.5800000000000001,0,False
stage2_multiclass:F:4797,,,stage2_multiclass,4797,F,1,50ecba263416b7369c13847d484899bb9e9ebc62881ec36a31dd0834dea9e518,599a3724706a740beabab8d8cfc4e41079d9bc758425b3698af3b5947bcaf610,"[0.3805904686450958,0.6194095015525818]",0.6194095015525818,0.5800000000000001,1,True
stage2_multiclass:S:3565,,,stage2_multiclass,3565,S,1,050fb7ec9c1949ef15fbf80675d252d5f70f463849b5e9c3efae9d6e8025b03e,b176af85515fb0e62851f975be50fdf633a1441a61a4a4a768d4dd6cae9dfc96,"[0.8046413064002991,0.19535864889621735]",0.19535864889621735,0.5800000000000001,0,False
stage2_multiclass:F:4450,,,stage2_multiclass,4450,F,1,055c6cb5442c5b2dd2ae603313d69f1923aaad3bb95719b8fe9bf46e6696833a,53484b0bc975ab3a50572846279f45e13d60bdd96bc37d566ad0ea06a45b8c55,"[0.9140613675117493,0.08593861758708954]",0.08593861758708954,0.5800000000000001,0,False
stage2_multiclass:S:1,,,stage2_multiclass,1,S,1,fce786b068967b173607e09b6c99bf8c370de907e7478ad971a2f84bd7a95bbb,2ef12b4879a3b4691aaf1e3fd27c88242079fd286b585402e158253f8d676c00,"[0.5317575335502625,0.46824249625205994]",0.46824249625205994,0.5800000000000001,0,False
stage2_multiclass:S:979,,,stage2_multiclass,979,S,1,c6e77f7d98ae626e512fb0c924ee8156b977945df9e792ed575e856645133400,28c14982aec18fbeb446e32d8925d6c007617a1b417cc2b7d999c87fc7193f6f,"[0.7589362263679504,0.24106375873088837]",0.24106375873088837,0.5800000000000001,0,False
stage2_multiclass:V:329,,,stage2_multiclass,329,V,1,eedeacb59bdb0879ba4d2937e1c4e5255e5eed330583fff657cfb091c2177d7f,89faae73cc6b0bee0c5423535d33d6ed44c33518bf1b8600d1dfdf61bd921fbd,"[0.6789821982383728,0.3210178017616272]",0.3210178017616272,0.5800000000000001,0,False
stage2_multiclass:F:5831,,,stage2_multiclass,5831,F,1,d30d76b1834fc09f19b49c81c108e7fa2aa44bcdbba3ac1e006a3f234ee600d0,5e2cf37877c43e2ac1994159cf5eae6534643c820268791921618824f8e80b55,"[0.4271335303783417,0.5728664994239807]",0.5728664994239807,0.5800000000000001,0,False
stage2_multiclass:S:2626,,,stage2_multiclass,2626,S,1,a88b797cd13a5826897b49b98f6eebfbd7cd0f57a5e13a7ab72573a3486ebf29,9deb2cb1da1c98a2f3086b403b35632766a24eb483019bb23eb32e627b9ae770,"[0.8129208087921143,0.18707914650440216]",0.18707914650440216,0.5800000000000001,0,False
stage2_multiclass:F:4966,,,stage2_multiclass,4966,F,1,e276e1e79899b6b54eb35b18ae7d7066770d19858abc5d683f6ab65b687a558b,85844ed078824e76bc8ee14a85f25a4cfb927bc8f19081073ee27f1fb657a5ef,"[0.9118222594261169,0.08817769587039948]",0.08817769587039948,0.5800000000000001,0,False
stage2_multiclass:S:2602,,,stage2_multiclass,2602,S,1,7e3258ba027669678ac9c1e14315d245224d2fc631a811a799b4f6fd2353d437,6fdc32be4bd115018242cd3c5284d4f0d9b83590b387d2a100fb992c34a59db3,"[0.8180292844772339,0.18197068572044373]",0.18197068572044373,0.5800000000000001,0,False
stage2_multiclass:F:3804,,,stage2_multiclass,3804,F,1,7772f78081394e8fc290e75d3e1a29f81b8803d2f3d150dabb70233fd6db5623,1e8c4af5b997694b3dfdecc41e05d24010e9f00865adbc35f9fb7a93b918eefb,"[0.4046117663383484,0.5953882336616516]",0.5953882336616516,0.5800000000000001,1,True
stage2_multiclass:F:5888,,,stage2_multiclass,5888,F,1,6dfb9faba1b3b5ef7626979ce4c952c8d83e0be7d14e776a98932b111d4de2ee,7dda177a09b4658a6f9d7a328f8404917d13f9eb6858946218dbe0d56790873d,"[0.4834447205066681,0.5165553092956543]",0.5165553092956543,0.5800000000000001,0,False
stage2_multiclass:S:730,,,stage2_multiclass,730,S,1,a768642a993a8d7fe231010f4c15d445ec0362556fe80b945f07ca78734e2e29,954597b576c0f3dd7845635f0eb42b4b494a7551e898bb113904b7e516e4798a,"[0.7710103988647461,0.22898957133293152]",0.22898957133293152,0.5800000000000001,0,False
stage2_multiclass:F:5877,,,stage2_multiclass,5877,F,1,3a0a9cb651efd9fb8ebfc19b02411fd19978832bd4872c39a987da7a55e501b9,7cf97704f658d17370fe63881e0634d81fbe5606a51b35cc9486b4a4bb6a1a78,"[0.8378633856773376,0.16213658452033997]",0.16213658452033997,0.5800000000000001,0,False
stage2_multiclass:V:244,,,stage2_multiclass,244,V,1,fae3ea0ce9851ab7ac1e89b05eefb7dc235545615bf17fbc8c2d9d6421b6538c,d736fec0f1d16ee73483b41d2a2af0a96af667e679059ef505743ea432d5fb37,"[0.9174718856811523,0.08252810686826706]",0.08252810686826706,0.5800000000000001,0,False
stage2_multiclass:F:5817,,,stage2_multiclass,5817,F,1,8ce5b7516b807d7f0f7fa1a3e9d2ce0667edfe5d0822872af64e845f7b887dd6,b527c2793c47b1a6b9f5dcde6b8fd8b1051d2e20b982c388ec0970706ffe3a58,"[0.38476935029029846,0.6152306199073792]",0.6152306199073792,0.5800000000000001,1,True
stage2_multiclass:F:4256,,,stage2_multiclass,4256,F,1,aa0e48a2a7534c2d4535cac12f3e3e19da69db733d1e16fff4ba36fec3d445bd,d62165dadbefc0e93412804eff1692fab637950ad4ca0a817a3601927d9c7747,"[0.7735767364501953,0.22642327845096588]",0.22642327845096588,0.5800000000000001,0,False
stage2_multiclass:S:908,,,stage2_multiclass,908,S,1,7ab29251e42974accf8d26455f1b5f6552062d095f7065a0c3c981823deff881,74184f377727b24862d0790b8be1ce0cb6c8c7eb82905183faeb3cdd47e917af,"[0.7480183243751526,0.2519817352294922]",0.2519817352294922,0.5800000000000001,0,False
stage2_multiclass:S:5063,,,stage2_multiclass,5063,S,1,738dc6ad97160cfbea3ee25d79896d8273afcee8eb0f81731b46a733719394d1,d275312fb88ba070c8ae8981041e8b41132038433eb75c7ed584908288023e71,"[0.9133979082107544,0.08660203963518143]",0.08660203963518143,0.5800000000000001,0,False
stage1_binary:N:79,,,stage1_binary,79,N,0,92cdd1df1f1876ab0ba9410be9ac004aa28be34c169e868876fd6bf2bfb2edff,3f91e17bc5988d0983497861f13a5488c387a76b076d62550398c603a03272ca,"[0.5255903005599976,0.47440972924232483]",0.47440972924232483,0.5800000000000001,0,True
stage2_multiclass:V:242,,,stage2_multiclass,242,V,1,aeaf7e153c3ea41129908a57809b036d1c1dc0bb086667a07041da3f4f5c1f5d,156766f6778c2abb83cac61848559705c1edcb29def73feb061e429f7a856a05,"[0.7741039991378784,0.22589604556560516]",0.22589604556560516,0.5800000000000001,0,False
stage2_multiclass:V:602,,,stage2_multiclass,602,V,1,b51d6d791670d9e91590d44538184aca06b92c8302024bd776815b3d423782db,363247440a2db110bbbc1da8bb8227a989126f987ee8f5115d8789637a114a06,"[0.8930633068084717,0.10693671554327011]",0.10693671554327011,0.5800000000000001,0,False
stage2_multiclass:S:1015,,,stage2_multiclass,1015,S,1,4458b80c964753cac200cb5c15c58c719ff22183624931adfd20b72de617f6a0,0ca821d023e8f3d73c4980293155034c81e5aa0a7715bd9e208348d299b7c6cf,"[0.6989311575889587,0.30106884241104126]",0.30106884241104126,0.5800000000000001,0,False
stage2_multiclass:S:5118,,,stage2_multiclass,5118,S,1,003d209e6210ce96f33007be1c99f5502616781f183e1ee922b0ced7efdcb88d,c64c5c9ebcf56440984560eb43feb64bbec482535f1eff7fea56df96b82646a5,"[0.8817516565322876,0.11824829131364822]",0.11824829131364822,0.5800000000000001,0,False
stage2_multiclass:F:5703,,,stage2_multiclass,5703,F,1,c6814361a514aad167509cc303dce164783b60a296833013c846b99100931b12,692246cd4756dd6244bb69f2650df882081a7cca2ae51e2ab5079abc4a82920d,"[0.638559877872467,0.36144009232521057]",0.36144009232521057,0.5800000000000001,0,False
stage2_multiclass:F:3916,,,stage2_multiclass,3916,F,1,08bc100cb35a90d816bc20c2abb4c8e6cae9441564e50d5aa8ad0226215e1b44,095c5771eccd53509de6deec3cdec26da1d65e14037ae38c92ee729ee2f3200e,"[0.44550657272338867,0.5544934868812561]",0.5544934868812561,0.5800000000000001,0,False
stage2_multiclass:V:271,,,stage2_multiclass,271,V,1,f1c509b39ed00d1da1db13f2540cd42984aedef04bc512ce7d279e7b85ebb700,60a8c7ed113b80b27f4ea888103c005ef05bef416f1d0465670c6d0c6bada354,"[0.8250550031661987,0.17494502663612366]",0.17494502663612366,0.5800000000000001,0,False
stage2_multiclass:F:4232,,,stage2_multiclass,4232,F,1,aeabc789adcc87170181ff40df63af087d9599d19a49e19448a79edd028233d3,747b2b9ab82d844cd9e5e249ffea2cfb4015429ab26cef74ed025d2b8ab7ea9e,"[0.5443005561828613,0.45569944381713867]",0.45569944381713867,0.5800000000000001,0,False
stage2_multiclass:F:1512,,,stage2_multiclass,1512,F,1,7263141cc7c6efdaf8ddc17cb8266acbfee810b561ddf514b68db8c00492e9c8,363ccafddeff53246e0f1ad261dd53fae190a75139a90c18dc2659777e380f39,"[0.8460179567337036,0.1539820283651352]",0.1539820283651352,0.5800000000000001,0,False
stage2_multiclass:V:72,,,stage2_multiclass,72,V,1,009d095cfad1c5efbb69a838e7c000883b754d3d2d4500a9822b3ded7e97b877,e5619de330a5a0103211ec44c65a0bb7b871f9a89a613a995dfb808d71724abf,"[0.7998135089874268,0.20018647611141205]",0.20018647611141205,0.5800000000000001,0,False
stage2_multiclass:V:418,,,stage2_multiclass,418,V,1,b89868f252552ba2b4153625cbfe19c66a205ed79238d4c131117667ee261209,161d0dec7470d43d3f797cb226c4fe95860950bace2e4f814e76d145ca631a19,"[0.7526246309280396,0.24737542867660522]",0.24737542867660522,0.5800000000000001,0,False
stage2_multiclass:S:5147,,,stage2_multiclass,5147,S,1,1c90347560fe90077f4ce6d6de33877e441f9ebd5b6f9463ef2fb45db7663371,ae81c0495c09aff08293244d26463b514e44470f424fbabeb0d0c1be1ad8d737,"[0.9460837841033936,0.05391622707247734]",0.05391622707247734,0.5800000000000001,0,False
stage2_multiclass:F:5624,,,stage2_multiclass,5624,F,1,61bbaad411e0966d06432c0fad52ef350ddb7e72f970504ca35ece340080218a,fc9565286ed6057a87540b53514344af005b01f6758cedddca381616e7f182c5,"[0.8140482306480408,0.18595178425312042]",0.18595178425312042,0.5800000000000001,0,False
stage2_multiclass:S:994,,,stage2_multiclass,994,S,1,74019998c95c30a08a4b27c39b8a34d2a270f0987d4fc8dbf0f03609efe59a9d,72a2f9efb6d5b386791c6514acfec0ecf4599c078f74b15c4cdc59678c27d5c2,"[0.7572197318077087,0.24278031289577484]",0.24278031289577484,0.5800000000000001,0,False
stage2_multiclass:V:128,,,stage2_multiclass,128,V,1,1359357d01cc2975f0dbe00b8709a08aba2e83a522d7304e5852f8e99f976d16,aeecd4c2849612ba3cabcd9c656748c0aa388a837974ef650013250ed88aed5f,"[0.5219364166259766,0.47806355357170105]",0.47806355357170105,0.5800000000000001,0,False
stage2_multiclass:S:3573,,,stage2_multiclass,3573,S,1,ab1c716361a0ba1a07c045eef6965eaa562bc44154085b45f603dc6e3b45b898,78cfc08b2eb7f057ef0cf430edf5210c33a7adf02c3ac91e3eb18c7cd8163b41,"[0.6615774035453796,0.33842262625694275]",0.33842262625694275,0.5800000000000001,0,False
stage2_multiclass:S:2411,,,stage2_multiclass,2411,S,1,338f710bb2985f678f97ad0af7a5215cc5f0a172b6bf890259faa0df342311bc,8077eb329a335399038c552e3fd24ab6a80f918263594edb8cc6829ed5840830,"[0.8182448148727417,0.18175522983074188]",0.18175522983074188,0.5800000000000001,0,False
stage2_multiclass:F:4588,,,stage2_multiclass,4588,F,1,04b9148aacd6f99152c77adcef3a3c9fda27960406e95028afad194ca216562e,9cfdabde36623f4edb030607a6e8839d5283928f9ac2b0cd735253d7338a4673,"[0.409315824508667,0.590684175491333]",0.590684175491333,0.5800000000000001,1,True
stage2_multiclass:V:286,,,stage2_multiclass,286,V,1,94f8194c717d18c0c332611f00a5fa6a0f35a55b001b14fd1d1e2c2e92d46705,1b1de7344ee014037e305dafb2abf8d24aa6313a455bf5630d10e80607ed0508,"[0.9351083040237427,0.06489173322916031]",0.06489173322916031,0.5800000000000001,0,False
stage2_multiclass:V:303,,,stage2_multiclass,303,V,1,b2dea99095c40a013cb0be5533173af72ec78460d29b924639870218274df859,a796d876258fcf259a1991014a82c5cd68b1fcd314f5a0e3ff00998cf07fc10d,"[0.7631022334098816,0.23689775168895721]",0.23689775168895721,0.5800000000000001,0,False
stage2_multiclass:S:5054,,,stage2_multiclass,5054,S,1,03b39dfc86ef5927c146d310de85ddc5a87e9ea26641cb9b2f5cfb1402c0157d,680bf44f74a93c42229f446c599cc4ebcf7e8c161bcf4fd15bde4c6422ca6e8f,"[0.915482759475708,0.08451726287603378]",0.08451726287603378,0.5800000000000001,0,False
stage1_binary:N:46,,,stage1_binary,46,N,0,4edb62612495f49df80bb9279ae52ba1746bb4e77d16dd7de5502d7ef53bc368,1148db98dcc1c47fa2b265f14708389f037558fa98a31253465fea9a7cbbc11d,"[0.5915074944496155,0.40849247574806213]",0.40849247574806213,0.5800000000000001,0,True
stage2_multiclass:V:349,,,stage2_multiclass,349,V,1,f8079b3f3fc3be465b4b75411e9ea413cd5a7daf11d89ecbbcceb86440db45e8,3064299d4efa70e5d8b2460b7d5659191ce2514d86bd0efcc51a13bfb7b5c716,"[0.9457884430885315,0.05421154946088791]",0.05421154946088791,0.5800000000000001,0,False
stage2_multiclass:F:5852,,,stage2_multiclass,5852,F,1,38223401410ea39a492719c2377611b93154a7296581da6fc8ff1156ddafe86f,4322789da178635bcb013baed8acc63f624b3006a499faee56a86065be47f512,"[0.37346306443214417,0.6265369653701782]",0.6265369653701782,0.5800000000000001,1,True
stage2_multiclass:F:5828,,,stage2_multiclass,5828,F,1,946d92a6bad2929d21f2298f32ed98294c1d677d8149331ea4a184c8f5a338ff,babed20598bfdd8c1fedefa7caf73da0fa6929037c1feb3be68481715d2f6c04,"[0.7790927290916443,0.2209073007106781]",0.2209073007106781,0.5800000000000001,0,False
stage2_multiclass:V:73,,,stage2_multiclass,73,V,1,dc048f561ac7bd1a2f0804c1a7d94a7bfbaf4701154ee3855c667380afe0c064,8306536d33b39ed959afc07edc5d1644d7e1ee906e5ad79819d2c1ae919c7428,"[0.7226274609565735,0.27737247943878174]",0.27737247943878174,0.5800000000000001,0,False
stage2_multiclass:V:435,,,stage2_multiclass,435,V,1,43a6fdf008dfef56a4545b3852f3c10bbb0a8d3d6104d8745ac17c5aa8642413,50d9cdca3d9e5f41e9d3da52b97142bcae0aa24bd7231df7ab0227d46a32aff5,"[0.7921289801597595,0.2078709602355957]",0.2078709602355957,0.5800000000000001,0,False
stage2_multiclass:F:4200,,,stage2_multiclass,4200,F,1,0e14016df123431f11a43c762c1bedb3619d7f6b007406cfc8ca72de706eb2b3,3af1e30a79eb7be5d0effade056848b48704a1f0c3746ec45c0a5acb9682097a,"[0.3523930013179779,0.6476069688796997]",0.6476069688796997,0.5800000000000001,1,True
stage2_multiclass:V:501,,,stage2_multiclass,501,V,1,e5be4e0fad26ec876cebb38d3635417f9633cc5b49f1c6e13cb40c80c0c1e9b6,802ccddbeab1c530aa6f5840fef6bd8fcc53724d0f37e68dcd36f3fd67f2112a,"[0.44048526883125305,0.5595147609710693]",0.5595147609710693,0.5800000000000001,0,False
stage2_multiclass:F:5795,,,stage2_multiclass,5795,F,1,a45d521be08c1c5c8a0faea2439edb9c252db1061c5d80ee429f7cfe2099df67,49dd5c72680f191c5d12e3cf12cf528475280f97aeda4dac5efe6513cdcf4d97,"[0.381064772605896,0.6189351677894592]",0.6189351677894592,0.5800000000000001,1,True
stage2_multiclass:V:117,,,stage2_multiclass,117,V,1,054c23aae93646ae9cc5badf0bdf3cd0cf00d1eaaa795d88ff3c6fd41d0370e3,2f0ceb89b0a4164066cafa071bb33bfa7f465074b7d77cca8900d5a3426a86aa,"[0.7004557847976685,0.29954418540000916]",0.29954418540000916,0.5800000000000001,0,False
stage2_multiclass:V:525,,,stage2_multiclass,525,V,1,c0d2e9ebfbad553d2c76728af1fd1d48f4149c470f1d0268e68fd72a3bae6272,a068ad4edaab7fef513bcf0d6c13cc69a7a00a7d87ac4b3d18d9d1e8f54c3dd9,"[0.797328770160675,0.20267121493816376]",0.20267121493816376,0.5800000000000001,0,False
stage2_multiclass:F:4848,,,stage2_multiclass,4848,F,1,a7f639f5c81e6d50c0efe596031aacc6ba006bda71022b5010c0de9ff28b82cf,37325f1837734ede6e189f0ead7d7258b712b0092323c765fbe2d981681d8659,"[0.44692015647888184,0.5530798435211182]",0.5530798435211182,0.5800000000000001,0,False
stage2_multiclass:V:209,,,stage2_multiclass,209,V,1,7ee15c1076c99bbc73cf0fac68aa82f980c75e387b8d261c32d1da35643c4c21,c488472de3e487667062d256eca8f7213796e7e1e226c104c10d165831dd68c1,"[0.8154932260513306,0.18450678884983063]",0.18450678884983063,0.5800000000000001,0,False
stage2_multiclass:V:505,,,stage2_multiclass,505,V,1,92265f8884f4cea7e2910909676c5393f3913d6d3600b42bb6c61791887e930b,f645e15d88fd79c4f0d152ea62bc9c22d0972cf11233bb6f2a4f14b938c1d76e,"[0.768654465675354,0.23134556412696838]",0.23134556412696838,0.5800000000000001,0,False
stage1_binary:N:11,,,stage1_binary,11,N,0,f5b6bf06d22165a1df493cde99b0a4d86b190e3933f00bc4f509e46d8d337afa,78fddb779e738e24af133c3609b613cf4365f9ab1eefc01aac55f9b34e6e23df,"[0.534477949142456,0.46552208065986633]",0.46552208065986633,0.5800000000000001,0,True
stage2_multiclass:V:661,,,stage2_multiclass,661,V,1,8c23d922803b748b12fd5de8479a78f6b01f9d98df58604b25d3468184e6eb93,07f2daa1c7a498024ea521fdd92a1c67e47c8c794404b9d357aa62e5e2dfca24,"[0.4327675998210907,0.5672323703765869]",0.5672323703765869,0.5800000000000001,0,False
stage2_multiclass:F:4924,,,stage2_multiclass,4924,F,1,6b38cc1cc1f9038a7a6f5bdf907f29695d75223af0b895d9f9224c2c0269bb1d,8b87d9fa81e7c582a192f04758a97bf49899e995afb8aa99c5bc2e3d3aa417b0,"[0.8658910393714905,0.13410891592502594]",0.13410891592502594,0.5800000000000001,0,False
stage1_binary:N:9,,,stage1_binary,9,N,0,5eafee73f4948ed3bacbcb136c342d51811427f567277260b03106eceb1f6bbc,efcf73cc8ae8231ac6206107105b607101b43fa2d9731ac4ae685675049ed8db,"[0.5067775249481201,0.4932224452495575]",0.4932224452495575,0.5800000000000001,0,True
stage2_multiclass:F:5707,,,stage2_multiclass,5707,F,1,8129fb331d07f1e2db78626713951e703a8fd7a0ae1184dde239861b99531b45,fe7122ebe632d7bb378a9370e64e283482d5c5ad67abba93678cfeec4efbee58,"[0.6716352105140686,0.32836484909057617]",0.32836484909057617,0.5800000000000001,0,False
stage2_multiclass:V:80,,,stage2_multiclass,80,V,1,471f49c9e62cb95167a6a3b65ef1c47d6856b27ab14ce1f03e992b32c08fd378,e0678a2e33ad18d4e45a0a85bb24c4284ddece0148f8378a49b79984bdf54b5b,"[0.8278588056564331,0.1721411645412445]",0.1721411645412445,0.5800000000000001,0,False
stage2_multiclass:S:2675,,,stage2_multiclass,2675,S,1,ad7fbacaad0ca5dc7c3ad988bb9db706fef819e9295ef5b626082214668ff29d,7b4dbadfec4a5cf3fde93d23aa66dd407625a6543c053033ce2634ee79c50d73,"[0.7816145420074463,0.2183854728937149]",0.2183854728937149,0.5800000000000001,0,False
stage2_multiclass:F:755,,,stage2_multiclass,755,F,1,95b637d0ea4450127f0c0214d425061e9b2e2ec8199c7bd1054ae8a005eb645b,9a907fca1ce71b39e3654709d737aabf34caf816a6a275e4138da2f2b2cb3911,"[0.8493897318840027,0.15061022341251373]",0.15061022341251373,0.5800000000000001,0,False
stage2_multiclass:F:5874,,,stage2_multiclass,5874,F,1,35f69b502bcba7eb44bdbbc05286925436ac99efa40749b1b6a7998871feed30,37b20162acded0ea5539d723be1e453384938ea9479ea371bb98207849a99e53,"[0.8236702084541321,0.1763298064470291]",0.1763298064470291,0.5800000000000001,0,False
stage2_multiclass:V:562,,,stage2_multiclass,562,V,1,4003a3bc03d10a55738846a02ccb28db3be05c34249b1da647ea70780e3743f4,0828c9891fbf40be3b7098fdc030c6fef55378a692ea2c0ab694279137013bfb,"[0.6801109910011292,0.31988903880119324]",0.31988903880119324,0.5800000000000001,0,False
stage2_multiclass:F:4388,,,stage2_multiclass,4388,F,1,59cfebe62132b1d306098d5b92e875d63747812f8f4757c718edd788c535fa08,d05e91464c60816558a824f88af6077790f912b6a0892772de2509287f2a8cb0,"[0.5395340919494629,0.4604658782482147]",0.4604658782482147,0.5800000000000001,0,False
stage2_multiclass:F:772,,,stage2_multiclass,772,F,1,0ce4a751925e293d3740e607a6d40fe68826469c71e41d03b057d1abf4dfd331,a7666fdafe86987c0ca0d9716d65ed4d2ed7dd8671b4f429b27251f3c136c4e0,"[0.8531184792518616,0.14688150584697723]",0.14688150584697723,0.5800000000000001,0,False
stage2_multiclass:V:436,,,stage2_multiclass,436,V,1,1f6ee73ddd6679e4e7d8a925ad79b1e8bc73b8be3e8bfb98107c33cd0391d009,e37881c54b849faa90a2ea1968823623ef9cbfc2e27fc00f468cfd7c8b66c303,"[0.4089733362197876,0.5910266637802124]",0.5910266637802124,0.5800000000000001,1,True
stage1_binary:N:27,,,stage1_binary,27,N,0,b0778e5d6610b15fdd02c682bbc7b19e4d91e467b957fb6951ae3b2d930c4387,9410d00d39eb7bb9827956b5b78e8155602f90604fd46735c3cbf492ca76c6bd,"[0.5992211103439331,0.4007788598537445]",0.4007788598537445,0.5800000000000001,0,True
stage2_multiclass:F:5962,,,stage2_multiclass,5962,F,1,7447a41c3abcccb6b66d47ba40c941329f39fae5d4e49cc036eebbb6811b352b,897e3aaf687f7ef5acfafba4f7f7265e29559cc9fbe917273e8e5357bbcb71ab,"[0.4466795325279236,0.5533204674720764]",0.5533204674720764,0.5800000000000001,0,False
stage2_multiclass:S:964,,,stage2_multiclass,964,S,1,6ea20db88153a87528680476b3db242caa0057bcdb613f47932b0f7067154bb4,a50aecb9e08ae654453ab66d283e118faf2768edc889d69e9154525ac6705f37,"[0.8185420632362366,0.18145792186260223]",0.18145792186260223,0.5800000000000001,0,False
stage2_multiclass:V:113,,,stage2_multiclass,113,V,1,8b81bbe0f7927b4a740bdcbbe18afe712212ce39f78f401b23a8c74e967df7b7,e05b30cecb5b953e862c6f888316924f1dcbd30ee7f5688fed6939085f051a80,"[0.7851216793060303,0.2148783802986145]",0.2148783802986145,0.5800000000000001,0,False
stage1_binary:N:87,,,stage1_binary,87,N,0,aecb0467acbd95cf2b60fcdac74c5d9fdadb20829ebd6d9fef16b5e7a3ae8eba,dd41cfedc021cf1132e74aa8e357e4205eec2e310d5b6b38547a6d4522a6b499,"[0.5920945405960083,0.4079054892063141]",0.4079054892063141,0.5800000000000001,0,True
stage1_binary:N:32,,,stage1_binary,32,N,0,982226a946fe3045520e5c06c9b3eb4cf87806da3c9aa2bd85beb84ab872647f,b65cc9a8bd714674e21f46319416ebb1492f1484e5192ea43d53b3a8e41de692,"[0.4755668342113495,0.5244331955909729]",0.5244331955909729,0.5800000000000001,0,True
stage2_multiclass:F:5823,,,stage2_multiclass,5823,F,1,ac5696aa533f5babe7f30bb708a913477793f069c4e2e562a5225910df23e6bb,6712f21b2460f597a42c98edc0a27764d796ff48d27761f8edc452c18a5bba59,"[0.6742714643478394,0.32572853565216064]",0.32572853565216064,0.5800000000000001,0,False
stage2_multiclass:F:4660,,,stage2_multiclass,4660,F,1,78e744e643b86bc8e3fe666081c6c7653926b742b0d69ba0912d1b3ecf68694f,6dc5396528df13a41dfc19584656249b88facc808ac1ada31bc1cc3a2ddbfe8b,"[0.5877776741981506,0.41222232580184937]",0.41222232580184937,0.5800000000000001,0,False
stage2_multiclass:S:2691,,,stage2_multiclass,2691,S,1,de3c2d18813e8153dc34917f63066c4eba9e74fba82d1235ca48f266c2cdaeb7,aba80f076976d60235d17e610ad2eaeedf4529b60ffc516e68250d6f2da33c42,"[0.7751483917236328,0.2248515635728836]",0.2248515635728836,0.5800000000000001,0,False
stage2_multiclass:S:1490,,,stage2_multiclass,1490,S,1,331f4c488ebe404d0c5b9168f208b0987c8d62bdf4ec69731c513529c213b101,9c704137d251f7c50c51e277690803c55b8be9a330cda343df78a1ed8ba7e4cb,"[0.8577523827552795,0.14224760234355927]",0.14224760234355927,0.5800000000000001,0,False
stage2_multiclass:F:4246,,,stage2_multiclass,4246,F,1,432f281f064eebb968fcf7267502c4dc10225df27096a2a250322b16478a8bf6,9762ca3b6547bec3fe31660c2b7ae8b0387aeb139d4e03bf459b51b2546512e9,"[0.3932884931564331,0.6067115068435669]",0.6067115068435669,0.5800000000000001,1,True
stage2_multiclass:S:3579,,,stage2_multiclass,3579,S,1,606ce6556e38161d12b272b7f132676fe2c32bcd138d1810e84671ec25c7ca5d,f3330ca699b8f85f4399fee3bae12dd7045e1bd568252fb2fde978d20301f28a,"[0.8086636066436768,0.19133642315864563]",0.19133642315864563,0.5800000000000001,0,False
stage2_multiclass:S:2456,,,stage2_multiclass,2456,S,1,2cf9f2c3e91c99511175a40a6b298224fa509fad5c3f63c559e76520b01e76c2,6111d08b9a982bf9c4d39a3f185ff7b7a715878c9ed945508ebd2f87ba65be9e,"[0.8302483558654785,0.1697516292333603]",0.1697516292333603,0.5800000000000001,0,False
stage2_multiclass:V:275,,,stage2_multiclass,275,V,1,e888a69d860f13cf021fdfd50a1b2a81ed7f354d352c1b2d95913f3b37abe96c,ca5b9a5586f1d15f4ecc72f06f4b56565cdf5017f85a9322b797e9eaa7c8e377,"[0.7708498239517212,0.22915023565292358]",0.22915023565292358,0.5800000000000001,0,False
stage2_multiclass:F:4362,,,stage2_multiclass,4362,F,1,3c3936d3e8db387f53b4043ddda78ba6d91b9b0de0c344d8be1d9c6481e69339,446ba6ab449736e8a3002ccb8785c15fcef03557ca2f4b28fc792f44126cf3d8,"[0.5434540510177612,0.45654597878456116]",0.45654597878456116,0.5800000000000001,0,False
stage2_multiclass:F:3757,,,stage2_multiclass,3757,F,1,f24d408e143bc44c7847c5a4fd9f2343ab8ddb856c85602aabd9c7b1918d2752,3c3dad2daa4ecdb8196cde2b3e43ebaf5dd635d2f8a89515b4b5b540695a0eee,"[0.5689600110054016,0.431039959192276]",0.431039959192276,0.5800000000000001,0,False
stage2_multiclass:F:4195,,,stage2_multiclass,4195,F,1,2d4d70db02d30eec542f01475a545885c033e680e278c72ae0ad5a97a9816447,b3cf04cb143b6b2662d0406a20e0cedc3206713afd43eb7b8bd0f3b3f8bbcacb,"[0.40250885486602783,0.5974911451339722]",0.5974911451339722,0.5800000000000001,1,True
stage2_multiclass:V:595,,,stage2_multiclass,595,V,1,7591c51060b96d2f5cb250b51c9152421bf6eaf789d5203da4824df6c79b2b84,8111716b86ee98da533b39ebf996b6dcf46b097062a971f7b73df0d770f63b14,"[0.817227303981781,0.1827726811170578]",0.1827726811170578,0.5800000000000001,0,False
stage2_multiclass:V:649,,,stage2_multiclass,649,V,1,047480740b9e6a7f097a1a5e941cdaff280300b1ac41125328c3acb8fc8d3ea5,b8b5903dfab3ef9d7d453e41f538b483f33072a4650816dfc1bb7ab2e452c4b5,"[0.42614689469337463,0.573853075504303]",0.573853075504303,0.5800000000000001,0,False
stage2_multiclass:V:267,,,stage2_multiclass,267,V,1,abd7c33bc0a7e700a9f72dbe68b53646a83add85a289cc9d8a90b17bcd9cc250,8f48cca6c99baa27501cf6f68b128b62d5fa1c82646b06f48a3f2c0855fadaaa,"[0.8213282227516174,0.17867177724838257]",0.17867177724838257,0.5800000000000001,0,False
stage2_multiclass:S:938,,,stage2_multiclass,938,S,1,3c110b2c15c3b5e71a642fed098dda66755aae34be1507f30d0d4ce6e115b609,5303dba5274ad2e78233049740143d74a7f33ffd4c22e6320975f674c1f26fe0,"[0.7991186380386353,0.20088139176368713]",0.20088139176368713,0.5800000000000001,0,False
stage2_multiclass:F:5939,,,stage2_multiclass,5939,F,1,7d764baf947f9adf9deb63ff12ebaf9f8e2f4c284b22b4c229c5289be3cbd5b0,5e523b80dd0735a3249371d265ddab32bca67f0d2184659ff8d137592668b31e,"[0.8230529427528381,0.17694705724716187]",0.17694705724716187,0.5800000000000001,0,False
stage2_multiclass:S:939,,,stage2_multiclass,939,S,1,eb7c02b0fe0ab0b10ffa84079af8b4fc2a0753f761cbe75d13c84e42a135b9b5,b9622bb025f3081090ea6cca26910b2c8f98df3fa624464458e03813a7cb5ff8,"[0.8363316655158997,0.16366836428642273]",0.16366836428642273,0.5800000000000001,0,False
stage2_multiclass:V:141,,,stage2_multiclass,141,V,1,24ee4635db856383ee445cae25342b783bd5b693b8e92a6d479e2b56634fd648,7c547f58c78f978bd334d318739df9088d58bbab126e4bef998acee109fe75fa,"[0.7276519536972046,0.2723480463027954]",0.2723480463027954,0.5800000000000001,0,False
stage2_multiclass:S:5072,,,stage2_multiclass,5072,S,1,87c936e1a0f40705ddb37ba87b08c13fc1aa849030a87d17921d9c9e4d735d00,cf27823a321f2cbfcb3e1dde26c876a5158a37e59c5dbac21b1590f35242dffd,"[0.914352297782898,0.08564767241477966]",0.08564767241477966,0.5800000000000001,0,False
stage2_multiclass:V:340,,,stage2_multiclass,340,V,1,82ee08ca09a29885e33ecc61cfdbfcb5a3e2ddec76521c0481559ac000e611eb,fbfe4427e7e97d65bc5dc53f3f6c23fce6510d7e205964a31db8f2b3817b2fa0,"[0.6284886598587036,0.3715112805366516]",0.3715112805366516,0.5800000000000001,0,False
stage1_binary:N:22,,,stage1_binary,22,N,0,e0e990be2b5c1042f89cbf093ad787449de6c4070a315f0ba1123ebbfbd506d2,2b5433f581b9764559b4a549691f2d7ff2ce2d141f451f58ca4b098e7a2becf1,"[0.5319068431854248,0.4680930972099304]",0.4680930972099304,0.5800000000000001,0,True
stage2_multiclass:S:3554,,,stage2_multiclass,3554,S,1,0db459aca2dfedc84df86c62d3485f11951abad89cc54458ebf1d061df30df6c,0e0f452169f88f2532a4ed383ac1fa6fbb32f508b75d1729f48b22aebf08237d,"[0.6039720773696899,0.39602795243263245]",0.39602795243263245,0.5800000000000001,0,False
stage2_multiclass:V:459,,,stage2_multiclass,459,V,1,d8292643e84743290c61492d0b7f686b068d63ab2b93106906c92fed4375d596,a32629ebeb78fb1266bb3f8b292eab3ede3aceb6d5540549d2bbf6472b35babf,"[0.5854468941688538,0.41455310583114624]",0.41455310583114624,0.5800000000000001,0,False
stage2_multiclass:F:5751,,,stage2_multiclass,5751,F,1,756bde0a6902450d09781e43ef3ff1899c2cf1addd28b6fd5bd2ebf1f2ecf4ce,9098fdc2fcc494941d70606e640d8a57f1536429c016b61d51eaadda677e387a,"[0.40753719210624695,0.5924628376960754]",0.5924628376960754,0.5800000000000001,1,True
stage2_multiclass:S:2786,,,stage2_multiclass,2786,S,1,44c659c3f9b35f43a60c62940cc625f77ac11ebe8c8e8f5cb6ec2231ed1f3418,657161281b8a464af876eb933c7cf4f9fe29338569f9342f3b063ed5f3a0a017,"[0.6312322616577148,0.36876779794692993]",0.36876779794692993,0.5800000000000001,0,False
stage2_multiclass:F:5747,,,stage2_multiclass,5747,F,1,8efe62ce06460dbcfdff7b8f1bc7e517014964cd5d3e403b17c5b88e830de6dc,372582a27804a12e72fc064e9797e65a51d2dc90e98677bb68cfe9abe0763b08,"[0.7211437225341797,0.27885618805885315]",0.27885618805885315,0.5800000000000001,0,False
stage1_binary:N:68,,,stage1_binary,68,N,0,5ee7af5a7874e4aba73790fa02e410694fdec03dc83acfcc7ad90f56391a10b3,cb3c31036cd68082f1b76ef0fbabd3d590781ee9d90731f4c6051bba7a66647b,"[0.4840376675128937,0.5159623622894287]",0.5159623622894287,0.5800000000000001,0,True
stage2_multiclass:V:611,,,stage2_multiclass,611,V,1,69620bddb1c49e80c709e134cdf217146c1bd53089e281287dbf34a422883297,eda58934f6b7728a81df1897c00fd29524d9ee8723d77731389e1bb18293369d,"[0.4249120056629181,0.5750880241394043]",0.5750880241394043,0.5800000000000001,0,False
stage2_multiclass:S:3628,,,stage2_multiclass,3628,S,1,977eaff861c13ef4985e2f782ee963b206408a4dbb552dffbb080cc5170f2b10,a34a6494c73cee43781aa0ba6cbeb9e6609b9b2e1920692c6d4cffddce355993,"[0.8089523911476135,0.19104765355587006]",0.19104765355587006,0.5800000000000001,0,False
stage2_multiclass:V:274,,,stage2_multiclass,274,V,1,42c2b3e1db0f52b633de499e1961a0065eb3ed00cc757af8c610c0ebfe252575,e51c78f0b5d006a5b70b14616349fc53d4038e685bb8a8303309c3041446fd0a,"[0.8371315598487854,0.16286848485469818]",0.16286848485469818,0.5800000000000001,0,False
stage2_multiclass:S:2782,,,stage2_multiclass,2782,S,1,8d03834da76f5f89e58808aa308c23c97ee419bbdcabc2b4ae00ddcc631501bd,cd01d212144afd6840321374f29dff632ab86eb7f7b0116320e30a5325228bdf,"[0.8038914203643799,0.19610856473445892]",0.19610856473445892,0.5800000000000001,0,False
stage2_multiclass:S:2372,,,stage2_multiclass,2372,S,1,1888d965f35af410a3e49fbb3646658ea982f44ea79e5b254c87049822a8b02e,b1103a42af7258b6031fa8153b197fbf3601588d4acd4d99ce9491a7e12ae129,"[0.5245092511177063,0.4754907488822937]",0.4754907488822937,0.5800000000000001,0,False
stage2_multiclass:V:337,,,stage2_multiclass,337,V,1,4834c86ec0be636a4ef352343368b925150cc338790deccab64ec97d8622df3a,1da7d418d8dd5e5f1e77fae6c473543157e929702517ac7b7516291bf829747b,"[0.7909597754478455,0.20904022455215454]",0.20904022455215454,0.5800000000000001,0,False
stage2_multiclass:F:4677,,,stage2_multiclass,4677,F,1,de88a12617a2b444f1ce05044bc2f48098d8b680dccf3b365a62aefdb4ecbb4f,de62809b3d1874d633e77b040a81db4821a85a062ab4b712f23541ffa17ad206,"[0.5509210824966431,0.4490789473056793]",0.4490789473056793,0.5800000000000001,0,False
stage2_multiclass:F:4148,,,stage2_multiclass,4148,F,1,464a657f01a09dce512068d1b0f103d667a75b6cdff067ad42e276f0c2e5dbf1,deddf39d0e0d958f85090c8fcee58b8fc5766a2e5f4e05bf62a72c958422a6e8,"[0.4390396177768707,0.5609604120254517]",0.5609604120254517,0.5800000000000001,0,False
stage2_multiclass:S:5136,,,stage2_multiclass,5136,S,1,000711c6a4ac41b14d6bea4c2ffb287d98cac1c03040904785d6380c85e47974,67bd5cae9f1ce842c9fde139459d19dca918dbbe6c4347ba7dc6d37f4a322ce8,"[0.9207347631454468,0.07926522195339203]",0.07926522195339203,0.5800000000000001,0,False
stage2_multiclass:S:2780,,,stage2_multiclass,2780,S,1,1b6547904e53e01b8194bf1446dc17386f70e11e029fa0a77e0058dc76ca81a2,14158065f793033ec2cb214e7d2d915aadafb1068d2252dc323d7707f0127db4,"[0.8304466605186462,0.16955341398715973]",0.16955341398715973,0.5800000000000001,0,False
stage2_multiclass:S:5057,,,stage2_multiclass,5057,S,1,c0f0d2a1014a80b915d6f6d64c0b64f268f7d76af19c96ba93c80fd7db1d2967,8281f7ff1042a7bd4a4d07ce485ae700b47d6d00e6667e2652a28543e8e5d328,"[0.9044305682182312,0.09556938707828522]",0.09556938707828522,0.5800000000000001,0,False
stage2_multiclass:F:4370,,,stage2_multiclass,4370,F,1,7e455bf4b4919ef8f98b13c26f860ad6ec31bae39e88233b7ec0c25766864578,2f9d58ad0b04b03771964cffbdc56811c4683835c0dc8e24122e0fcca2de1f10,"[0.6469491720199585,0.3530508577823639]",0.3530508577823639,0.5800000000000001,0,False
stage2_multiclass:S:3560,,,stage2_multiclass,3560,S,1,c33e6eb3353bb62bd4ecf54a5a3b1a1ac7724e565e2f41bfe7ead84ed9efb9e7,6f1990d938dc975c4fd3eead8a8a1b92a08ca0dd9d731fc28a1e9b6f1ce87d1d,"[0.4377567768096924,0.5622432231903076]",0.5622432231903076,0.5800000000000001,0,False
stage2_multiclass:F:5806,,,stage2_multiclass,5806,F,1,712bd34524fccb3929e9cc24df99a688c92f420a9830889dc77ccf556bc5033a,74f0498879c2814423b8be0ac90ea60dad3dd05e63cdcb8fe94c0667220b05d5,"[0.7843084335327148,0.21569155156612396]",0.21569155156612396,0.5800000000000001,0,False
stage2_multiclass:V:446,,,stage2_multiclass,446,V,1,c61ec9b24646ded3a8d7688f3102f07d2798ca4fdf26251304f98b3de84f4dde,a8b2d1ae521db152a5f42ba73006e9b8a574080e63e59772af0c7ed14269d96a,"[0.8490132093429565,0.15098674595355988]",0.15098674595355988,0.5800000000000001,0,False
stage2_multiclass:F:4706,,,stage2_multiclass,4706,F,1,5a65d83447f938d0482c588c4bac2c778469e0736f998aca1e33da3342097302,0953b3632ca15f4b5de713aa50bb6a2c2162ce3dc2e4bf41d236bab39c6b26c4,"[0.8949083685874939,0.10509160906076431]",0.10509160906076431,0.5800000000000001,0,False
stage2_multiclass:V:628,,,stage2_multiclass,628,V,1,bc749eb8760c2a8683615eac3523ab4c279fe81395925d884aa69d30b9abacdb,f28234c9b3ec69c718eb453231e7b2baa7e5feb1adb423403562b4edc999e2d7,"[0.9334658980369568,0.066534124314785]",0.066534124314785,0.5800000000000001,0,False
stage2_multiclass:F:4184,,,stage2_multiclass,4184,F,1,2e07fba48de1b151bca7638ce3d5056cf1234baeb18031fb3002ae51fa4bdafa,7d5927e8239bc91f72c4409d6ad3abf6c4f7b985a1038f565b34f6d11a1236b1,"[0.4192490577697754,0.5807509422302246]",0.5807509422302246,0.5800000000000001,1,True
stage2_multiclass:S:1487,,,stage2_multiclass,1487,S,1,ebaad8fca445c15e6e06e4f4c95540bce6651710d36f875fc31c8857aef91cc4,185a58439e0edba540a893ce354efbf31a480d2ad4197a359038679e4b231dc0,"[0.7679768204689026,0.2320231944322586]",0.2320231944322586,0.5800000000000001,0,False
stage2_multiclass:S:3568,,,stage2_multiclass,3568,S,1,2bd5763a19ce4c0bcb7ff466e58a52bd234742788db9d4a6bcb1cf36be9b70b4,74c82a24a243c54ebdb685d61b8745e4af1b51b6ce80a469f29eecaa4036d02c,"[0.8079439997673035,0.19205594062805176]",0.19205594062805176,0.5800000000000001,0,False
stage2_multiclass:V:444,,,stage2_multiclass,444,V,1,ac23bda8ab37ca1cd9960cd4bf48ba5dc643de28bd6a2b82111355f4cef252c2,6586fdc1776c7ee7abbb69ad4f05d6ec881314b8345de3e9275e41209f71c3e8,"[0.7808743119239807,0.2191256284713745]",0.2191256284713745,0.5800000000000001,0,False
stage2_multiclass:S:5082,,,stage2_multiclass,5082,S,1,774d93609a6f44e8cf3cf03935b31a2f8d68a7affaf948469233b02ea18e6449,d1448cc7d98753546e12ea70825b16cfa8ee2e7b0daa5aff1d2773f20939885c,"[0.8875230550765991,0.11247696727514267]",0.11247696727514267,0.5800000000000001,0,False
stage2_multiclass:S:2600,,,stage2_multiclass,2600,S,1,6a013fe528741f1a8a32a6e0022cad51269de079dd259e242af1dada011fb941,8fa8d542cccc44aedd4bfe2e3e5813941951dbd1939c65869a24d7f0201b018f,"[0.7844679951667786,0.21553197503089905]",0.21553197503089905,0.5800000000000001,0,False
stage2_multiclass:F:5843,,,stage2_multiclass,5843,F,1,a0cef37337399bff4c7446b44755f802487f9e0f5036b191b8ca9715a6a9e6cb,49aef9bbe431e2671bc1bd8fbdb1fdfb5f238c86f3168604d0acfd836a9076ae,"[0.4187445640563965,0.5812553763389587]",0.5812553763389587,0.5800000000000001,1,True
stage2_multiclass:S:3655,,,stage2_multiclass,3655,S,1,032bd03ef1363168113d8f0b63535cae542ff414658e0bdbfe0349502931dcd7,71fd84adb7fc7231d08c47f5a38531f930890792af4022a910a78e86a27a9f19,"[0.8094386458396912,0.19056132435798645]",0.19056132435798645,0.5800000000000001,0,False
stage2_multiclass:F:4770,,,stage2_multiclass,4770,F,1,392fa0001b836f2a909e7eb5afa7b02ded3d0e9d9a7c67d57721be82d2155a11,2d2a7d65583d2c50324939647ba6e3a44fa2563b7423330b6adbd5f0ab57e560,"[0.540024995803833,0.459975004196167]",0.459975004196167,0.5800000000000001,0,False
stage2_multiclass:V:123,,,stage2_multiclass,123,V,1,49346143702b1b88e7e40ebc8db4e9d976d9d9ea121f611a896115c095a8ee60,41b276ab99302ab0e62c2296707bb0eb29a6cbf52d1a9b525d624a707f4107b3,"[0.7673290967941284,0.23267094790935516]",0.23267094790935516,0.5800000000000001,0,False
stage2_multiclass:F:4576,,,stage2_multiclass,4576,F,1,d4a5f92ec17ae13f8d04df1ef3a27eee2e54a36dadbfcee84f708a6ad5839245,b0fd01a0f66c68c858a7a39e812b4d9c85ba8da6a6c3da6669890644e67086c6,"[0.8457694053649902,0.15423059463500977]",0.15423059463500977,0.5800000000000001,0,False
stage2_multiclass:F:4674,,,stage2_multiclass,4674,F,1,cfa81a787733c3569576b48d20a8b6530e0076fbc426e068503f37f76ed87e4a,52af4bbfe2ae9ce6debe13c2ec8e9dfc0ae6742c85776c3629fedf4d11f84294,"[0.8595070242881775,0.1404930055141449]",0.1404930055141449,0.5800000000000001,0,False
stage2_multiclass:V:239,,,stage2_multiclass,239,V,1,906d774d9c92a7bb9921cff9cd83edd02f04621c9c7fe7cd41d6b33922df51ba,61f8faa687fc6a0f21c28f27abd265d4316c927b5691a2d93f01e351f3a9bb84,"[0.8434704542160034,0.1565295159816742]",0.1565295159816742,0.5800000000000001,0,False
stage2_multiclass:S:956,,,stage2_multiclass,956,S,1,e3721f57998ff67704f0baa62e0ba40d0be569e8c097d0e5575acfb87e8e5255,11e639034ce0b519a0bc48aabe2ecc5a6d086e624f7378399e00918882c14720,"[0.8544467687606812,0.14555323123931885]",0.14555323123931885,0.5800000000000001,0,False
stage2_multiclass:S:985,,,stage2_multiclass,985,S,1,44772f970980431be3e59d7ac638f1a554e179909e1db4e5a767f3adc114f85b,ba4d84a0384d4bf51ab741774a855edd4627d7d9e42cbd18490e65a5d92e51f6,"[0.6806018352508545,0.3193981349468231]",0.3193981349468231,0.5800000000000001,0,False
stage2_multiclass:V:392,,,stage2_multiclass,392,V,1,7daa73e8501e1300e4c289734c1f7d7f458cc5291289bf2cb11317436682c40e,f210fa663e63074621776e9e9541d16845802786e2e12653f9e8f536c43ba0c8,"[0.8547689318656921,0.14523111283779144]",0.14523111283779144,0.5800000000000001,0,False
stage1_binary:N:78,,,stage1_binary,78,N,0,8878e0e1ccbf9aa939d620f3060f9f33cce51e115de7abc0194cf712befe03f8,d7ba38877cdced3eede1bf8142ff44129682de4b27409c4c5fd8928b6e44a383,"[0.5895909667015076,0.41040903329849243]",0.41040903329849243,0.5800000000000001,0,True
stage2_multiclass:F:5545,,,stage2_multiclass,5545,F,1,198a2cced450ca915eb4e6e57fdb9f0bc7b77bad029530146d0eeb071c86d9b5,7d5af1b3f974b8a4c8e034dbb65e1dd949c38b533cb25dc954eddf7f76b12ce4,"[0.8152703046798706,0.1847297102212906]",0.1847297102212906,0.5800000000000001,0,False
stage2_multiclass:F:4180,,,stage2_multiclass,4180,F,1,5bc566f26227ddc31a27e55ac753f23f37b5ee655b865a4b888e9a4d82731d18,3f4a264f76e2ec097d2bcc5f258e610c61eca5b13a1b1d197ad068f5c642021c,"[0.554385244846344,0.4456147849559784]",0.4456147849559784,0.5800000000000001,0,False
stage1_binary:N:18,,,stage1_binary,18,N,0,c3fa095e4cf4b4b32ae1ed17f3d5de7545390f03d4e09c4609fa5bd274b42eb7,e8b5cf728c24b40165f8b7e9219a2831866e91cf2aeb42d45404b4bf8fd0c86e,"[0.49570828676223755,0.5042917728424072]",0.5042917728424072,0.5800000000000001,0,True
stage2_multiclass:S:2555,,,stage2_multiclass,2555,S,1,13ec78827ea2eba3749021c085eb352bb475d6fcb1a5c06fe29678afaa40b0a9,79dfd0a325430a5b84dd07b858edfa4864752be71af1bca76c80e98f81a5ec13,"[0.754290759563446,0.24570927023887634]",0.24570927023887634,0.5800000000000001,0,False
stage2_multiclass:F:4107,,,stage2_multiclass,4107,F,1,246d2ba10f479732796b8bec44ab8a4e7d6c2a749ab50b37bf2aaa27a7513a4e,47284b9c1f1f598761993e825c683c4f807593f8cf9c0e9823a46fb32c3061ac,"[0.8542846441268921,0.14571531116962433]",0.14571531116962433,0.5800000000000001,0,False
stage2_multiclass:S:793,,,stage2_multiclass,793,S,1,b3a024f0756e9425208ac0f44ebade69f736fff9b57a045fedc96e22ac9a4a77,b95c0227bd157c9b6805f85133083bd11975ae8cea3ab5b657bf975424a7533d,"[0.8542993664741516,0.14570069313049316]",0.14570069313049316,0.5800000000000001,0,False
stage2_multiclass:F:5690,,,stage2_multiclass,5690,F,1,29b0ac45f99f8e231d9cfce7d333df6fc9fe14df0796658c7042f738a5453182,28882c281b4870bbc3baec09c86d9be317b45588d439968ef3b96f83d60e5447,"[0.7165809869766235,0.28341904282569885]",0.28341904282569885,0.5800000000000001,0,False
stage2_multiclass:S:790,,,stage2_multiclass,790,S,1,ccdac906fe62d07738300cfd7ea2d5f05f5e9ceaf7505a70ef3fecdd5e49ffd7,6572b7493878220d1fca668af6554175b6a66b65988b7828bd5d0239e0c50e12,"[0.8520036339759827,0.14799636602401733]",0.14799636602401733,0.5800000000000001,0,False
stage2_multiclass:S:5081,,,stage2_multiclass,5081,S,1,c37be9aac8805b9c67264dc0484ef8b43040c3e2c7d2e0e5839b0da652149619,7f83425775db6ff2759e66c130732a27b7cdf5ba044f28fa51d7d13d9b85385d,"[0.8767699003219604,0.12323007732629776]",0.12323007732629776,0.5800000000000001,0,False
stage2_multiclass:S:3646,,,stage2_multiclass,3646,S,1,975ee0482b1b83722ed4bd23ad5b36c927f7dc4acb10c91f90273f880e8c0dfd,69be93a0a1f97c452d7ac83e16da942e7fdf82c37b8e89e693b3ed35515baf55,"[0.6215827465057373,0.3784172236919403]",0.3784172236919403,0.5800000000000001,0,False
stage2_multiclass:V:167,,,stage2_multiclass,167,V,1,bd567343e253f7ed2b1034abdfe9d39da28c40a4cce572965451dbadda9e8133,d0737647bff9831389b4084a517e791dbfa5a44297c4a19ff7460d58f5ef16c0,"[0.8255428671836853,0.17445708811283112]",0.17445708811283112,0.5800000000000001,0,False
stage2_multiclass:S:5109,,,stage2_multiclass,5109,S,1,700c60de9ef35d6d41808463de889f16761cb4b56fd99ac630cc91b48f119b42,a37c1e8046740f472c3b0ce6269cd6aa98e35bcf7a94c0ad0dedca249f303403,"[0.8917246460914612,0.10827533900737762]",0.10827533900737762,0.5800000000000001,0,False
stage2_multiclass:F:5688,,,stage2_multiclass,5688,F,1,d3e1ae9e61e3889f29e2f9857b5405ffb473ae63c2d85a30f6db7bd7d869ea2f,007f3e9852f1b2f0efc2c2429ab5f22e02719073ea85db6c1f1cd1dc6a02e8a4,"[0.7055788636207581,0.29442116618156433]",0.29442116618156433,0.5800000000000001,0,False
stage1_binary:N:51,,,stage1_binary,51,N,0,c73e59d138cf473e32ed58b4f92e1e2afdb5574dfe6a23763947b62c668959eb,e9e554ec35e9d1f811d25049249f7012a3ce85babce44557d401230cbb741b0b,"[0.5353381037712097,0.4646618366241455]",0.4646618366241455,0.5800000000000001,0,True
stage2_multiclass:S:3555,,,stage2_multiclass,3555,S,1,382a0c1b9aa90fed61f9051d801990d5050d52efd7b8a77271c371104ea3540a,c759aed1cba5d9fce6af420253f915449a4076c7de95435c2e6c86006277f57c,"[0.6242333650588989,0.3757665753364563]",0.3757665753364563,0.5800000000000001,0,False
stage1_binary:N:13,,,stage1_binary,13,N,0,07ebdc06d76a5610651e36c3a433fc6bfe4119049a70fa877ee29e7ae0d04343,4671e00c53953b89acc55c863a3bf3624063e4984352733ebe6ab89ecfabfcbe,"[0.6062867641448975,0.39371323585510254]",0.39371323585510254,0.5800000000000001,0,True
stage2_multiclass:V:425,,,stage2_multiclass,425,V,1,6b644231e10f2a390ddbb9f34e54f4d2a00495e7de65532a2bb60501168e2c8b,35758fa76c955945406239bf2864ad5430b2271df2adb184ac8115c2b4d65c28,"[0.472757488489151,0.5272425413131714]",0.5272425413131714,0.5800000000000001,0,False
stage2_multiclass:F:3845,,,stage2_multiclass,3845,F,1,c57adf178efaba255bcda8d873ea5b9843f0e109251943ac5c598035d546a504,0f89925be1a86b0692149ff67c7fbab1b2b9a5721be4ec3a304430c5cc826f2a,"[0.851249098777771,0.14875087141990662]",0.14875087141990662,0.5800000000000001,0,False
stage2_multiclass:V:601,,,stage2_multiclass,601,V,1,228ce13bc7cca57433562d4a8cf44d485b973e3ca2ebbbe00118e64209e4087a,a6b4725a2eb6f88c6e15578b53ebbf082dd5943f6f3a68e678bf428d14ca7d38,"[0.9445617198944092,0.05543830990791321]",0.05543830990791321,0.5800000000000001,0,False
stage2_multiclass:S:10,,,stage2_multiclass,10,S,1,805886fc5edb47801dfd5b2e6cc66103ea760fe2803261ce5280913daa9a26b0,7a15e5a04b0627a8b4b2f716d6501339fbd9d1dc3e65098b12c22aa0168b8650,"[0.5376938581466675,0.4623061418533325]",0.4623061418533325,0.5800000000000001,0,False
stage2_multiclass:S:944,,,stage2_multiclass,944,S,1,545f2a8d6fb2c2cd1198ddf2fe6b82a3ae7626271a4695ccfb608fb82fbb865f,75b51b1c73185fd998138f19c5aa1d6a25079be57b1a33b3e88e798f7d9c61b2,"[0.7229403257369995,0.2770596146583557]",0.2770596146583557,0.5800000000000001,0,False
stage2_multiclass:S:2445,,,stage2_multiclass,2445,S,1,ec8433557641f54139ecb80ee748619559a7ec21f79d72c79ae7fc8f0adce7e8,404b373a54e68dd7359f42972cc944ab53fc311c1f6eb4a9eaab1e0898f7d7ba,"[0.7930028438568115,0.2069970965385437]",0.2069970965385437,0.5800000000000001,0,False
stage2_multiclass:S:2686,,,stage2_multiclass,2686,S,1,f0d877772700af3f381e442b81b0c0b738153e83ddc60d1e4c84bc477e4a7a7e,ebbd6ad35ffcecef3d32a40c82d20948b96fb1c2fd2d097bda249314d10a2b5a,"[0.8188225626945496,0.18117745220661163]",0.18117745220661163,0.5800000000000001,0,False
stage2_multiclass:F:5725,,,stage2_multiclass,5725,F,1,5a165fc41fc6c256488c7d3ac0838a911ca7a97a3b8b4da08902c417ec6e5da2,250743ff0c8e1b8fd345f05dbf94b4c94eac17e1976e9440273c9444ac0fdb06,"[0.42183780670166016,0.5781622529029846]",0.5781622529029846,0.5800000000000001,0,False
stage2_multiclass:V:426,,,stage2_multiclass,426,V,1,0a862ce87ef6ec3612636a8f48117675381276c887aad59944e678101244f01a,fed9f1ae4590c3df349361545c36081781f2e093b3d3ce09f1dcf30d89076a5d,"[0.9293556809425354,0.07064425200223923]",0.07064425200223923,0.5800000000000001,0,False
stage2_multiclass:S:3558,,,stage2_multiclass,3558,S,1,dc7aedf9cc0caf38c374874abe849d58ceb8a31bf206b90c189f566e87df6477,b6f72c85fe4d4433447696c2ada663f464913b78aed92ebc961106c182f7ee8c,"[0.6381986737251282,0.36180129647254944]",0.36180129647254944,0.5800000000000001,0,False
stage2_multiclass:V:367,,,stage2_multiclass,367,V,1,3d403eb0ddd54ae6d20b2ee8f99909dfab74b3fae0de0179d2393a69a150d1bc,f788a540ead5ef4b9a3142aa2299fab1e33197ac86367169561a2847147b8c22,"[0.5173471570014954,0.48265284299850464]",0.48265284299850464,0.5800000000000001,0,False
stage2_multiclass:V:134,,,stage2_multiclass,134,V,1,f9a0ed6665291ab5b01b964890610a3a8d9a1abba6be8621337ad572e77f9c79,ccd44530007876681c0f13be7ac5d834e54c71d168ad840c7d52eb9ad049ecb3,"[0.7794772386550903,0.2205226868391037]",0.2205226868391037,0.5800000000000001,0,False
stage2_multiclass:S:1661,,,stage2_multiclass,1661,S,1,ad15cbeed6efef97a05bec6c5e48f8e631b065de5e4b019c16a34056aee9784a,6ee11fd1538ab8f40d4f8597213e2b4b3c1e42a3e3b983ee09db69324d1a6fe2,"[0.8580267429351807,0.14197328686714172]",0.14197328686714172,0.5800000000000001,0,False
stage2_multiclass:S:3564,,,stage2_multiclass,3564,S,1,9322ff2746224c8c5644a2ea6c6cd7e39e14ffe35e27dbbce24aaa3b443f1042,34c6c03882f24692d38e47dade24d819f0e7328387faa98378b460c753c16319,"[0.6245168447494507,0.3754831552505493]",0.3754831552505493,0.5800000000000001,0,False
stage2_multiclass:S:2547,,,stage2_multiclass,2547,S,1,cb8ee518c6b9d7a9d8b3a6b72eb4a46f934273949fbd9c51f5033ca1a0bb967d,e71ff29eb0c0d27ad3beb32464bb599f2850b714ee3806141827c0e735f18f95,"[0.782032310962677,0.217967689037323]",0.217967689037323,0.5800000000000001,0,False
stage2_multiclass:V:399,,,stage2_multiclass,399,V,1,da5fffe49f21bdbd9e82f6fb069e9706ce1b2d6bed20546953564b45cefd0cd5,fb63066b162fc952152ec3a1b96d0719390c46174ffd77bdf30a3cfb7dcb0bad,"[0.8929241299629211,0.10707590728998184]",0.10707590728998184,0.5800000000000001,0,False
stage2_multiclass:F:5987,,,stage2_multiclass,5987,F,1,337377fd87637e4241ef11d7db31190375d01d34387c569f0dda3abbef144aab,a5a1c530f91c03794baf6e463cf0b1df1fd225c77307634a6563526383223c52,"[0.7917797565460205,0.2082202434539795]",0.2082202434539795,0.5800000000000001,0,False
stage2_multiclass:V:424,,,stage2_multiclass,424,V,1,762dfac1ec399c25074573257801b0acdbfe0494441086600cc4a1719aa099f6,52ddbf8658d1794f153f6fda4c851dfd1ada1104029e3f4fb6f9c32a6ee530e8,"[0.7761736512184143,0.2238263338804245]",0.2238263338804245,0.5800000000000001,0,False
stage2_multiclass:S:5123,,,stage2_multiclass,5123,S,1,e3a9475f15d8c03ee74376acda61265ce1ca3e8bba1d0c374bb7c8d1dfe46a77,3fd5b0ab877234f0ef9660b9c13cb30d67edf0fce0e6014647223a4fb6aa0f7e,"[0.4397695064544678,0.5602304339408875]",0.5602304339408875,0.5800000000000001,0,False
stage2_multiclass:V:204,,,stage2_multiclass,204,V,1,98e043cf64e855abb81d6d3759660c150349e46d01b94cf205585c990f37cd6e,6536a048f93509b3d35d85cd482f586a0c2f16fa5117989b153fefed36d9725f,"[0.7826675176620483,0.21733242273330688]",0.21733242273330688,0.5800000000000001,0,False
stage2_multiclass:S:2701,,,stage2_multiclass,2701,S,1,ea44ef80c678dec033a7ce4e375537b37daf184d0de8ae0887d3dc30d30e25bd,e3eb41121b7baa50b6aa13585a8d398ae5ee36f4015e472a83986a080838dced,"[0.8226671814918518,0.1773328334093094]",0.1773328334093094,0.5800000000000001,0,False
stage2_multiclass:F:3755,,,stage2_multiclass,3755,F,1,48b58d742d1459beded34d84049a9593c1898bfbdcaf87a811bde2a3379bdc6d,a60296b96139ee7d2b7b3925ad126bb28033301bf95358e012421352866e8bb8,"[0.42087408900260925,0.5791259407997131]",0.5791259407997131,0.5800000000000001,0,False
stage2_multiclass:V:395,,,stage2_multiclass,395,V,1,7dbb9594d95aab8e06fdfbe675ff8d07d66844cd56277217f6a03e68edb6ed6f,b78709e682baf648df17819c4aa4fc27efb75f9617c6a544dc032d1d0b79f61b,"[0.7024996280670166,0.2975003719329834]",0.2975003719329834,0.5800000000000001,0,False
stage2_multiclass:S:3612,,,stage2_multiclass,3612,S,1,609c5cffb2d62cb9fd4e34f4e1846e8e70d6fe613cb3afc5ad48d531b94c9a80,26d813c2bc1aa43b5f33576d6781da17dfe95ad2f8c455af565ae06834ed97ee,"[0.4365847408771515,0.5634152889251709]",0.5634152889251709,0.5800000000000001,0,False
stage1_binary:N:67,,,stage1_binary,67,N,0,d84858de2a64b81c7aff542ce6c02666ff15be3bffcbbf1511a893e638f29a49,2d43fc42e5bf58878ab35f266098b5fc2ffad404aa5de67ae47cf3238e69dce5,"[0.6035159826278687,0.39648398756980896]",0.39648398756980896,0.5800000000000001,0,True
stage2_multiclass:V:535,,,stage2_multiclass,535,V,1,750f341be12f1d0f1ebb2a26749401b7ec294fdfac5b90446764fd0fd536de8d,ec933ac949bb7dab41744b585c8ec17e08b69761dc26aa3cec4d4e35091580d9,"[0.6343675851821899,0.36563244462013245]",0.36563244462013245,0.5800000000000001,0,False
stage2_multiclass:F:5946,,,stage2_multiclass,5946,F,1,945edbc7b7fcce5763227ac0a463bbe224b554015f7327afe71f20c936a8b696,544ea696172d78383acb825058c946a53d9dde3a0305d092e9a039fe4b693056,"[0.5503503084182739,0.4496496617794037]",0.4496496617794037,0.5800000000000001,0,False
stage2_multiclass:S:983,,,stage2_multiclass,983,S,1,e8138536632cb9898f9ae5c0c7e373b41ea2c7cb8fedc58260b681a5aa5688d5,a93bd6e96c3d86ced70bf6bfb0b4d3103e65146b4c772e6e6b13be916604a416,"[0.7053676843643188,0.2946322560310364]",0.2946322560310364,0.5800000000000001,0,False
stage2_multiclass:V:206,,,stage2_multiclass,206,V,1,dabf764ae9cd5b208be7aaa93da4ad33dc38e757d84f1dc39cca7c2068288090,6f41b854b645aaab747f9640538a9d7d11e7f22cb27fdaedebc296f4fd34ac8b,"[0.9168034791946411,0.08319653570652008]",0.08319653570652008,0.5800000000000001,0,False
stage2_multiclass:V:296,,,stage2_multiclass,296,V,1,2d68dc31f3f0b5ac75c964b60a88c3168734fcae0acbe0db6f08e7d469ed617f,db73a427295ee145a59ff862b014be99a8f94ff95aa035249a29b0fb43f15a30,"[0.9428073763847351,0.0571926087141037]",0.0571926087141037,0.5800000000000001,0,False
stage1_binary:N:114,,,stage1_binary,114,N,0,a5607e95597cd77038ea5fcf85ffb65cb69c3b4edbfe75e1248d60b2c4fcd302,572b1d0d7782b3c7b81ec01169a1de99f787f055529c904d010845391e746e6a,"[0.5793135762214661,0.42068642377853394]",0.42068642377853394,0.5800000000000001,0,True
stage2_multiclass:S:731,,,stage2_multiclass,731,S,1,793e5ad2111559c67b071a56a0ac0138928de20374846cd5490e543e9845d0b0,f7214d85f0b033d9d4b0a2b887cef09238148d70b74993e47a05f24e562466b5,"[0.9340980648994446,0.06590194255113602]",0.06590194255113602,0.5800000000000001,0,False
stage2_multiclass:S:2674,,,stage2_multiclass,2674,S,1,69f0e4c932eb769d34d2c3a0adaea8a55334a647c0cf4653af8a4d24da323ea8,822db4b1720e27454ee900af55cce254701d20d6d69734a8836e1290f8b2f4e9,"[0.783144474029541,0.21685557067394257]",0.21685557067394257,0.5800000000000001,0,False
stage2_multiclass:F:3777,,,stage2_multiclass,3777,F,1,fa89a3a2362370be13985efc97a3f580ac862d6cb4440e8f9d08170525a41731,a05e4fb37d2651e5a8104de8f9c508ef8cd013ce48b6367970a06a33d3569fa5,"[0.4833441376686096,0.5166558623313904]",0.5166558623313904,0.5800000000000001,0,False
stage2_multiclass:V:404,,,stage2_multiclass,404,V,1,99236a5e4d48b7abbfa2d09e5ad577ee5ac4b1333181e60613e0965f4c9b40f3,8f57e6382c9a14f7bb0be82ee9734178aa6e3c3ed594d635404892df162a80a7,"[0.9061681628227234,0.0938318744301796]",0.0938318744301796,0.5800000000000001,0,False
stage2_multiclass:S:3622,,,stage2_multiclass,3622,S,1,59bf4d92ae98125507f32836d2c75850b558e6f9f3070de7570789680c1e2b77,75a91c1f8cbaf642b6885b9e67e341abe154b850c11eab128038471863be72f8,"[0.4216439127922058,0.578356146812439]",0.578356146812439,0.5800000000000001,0,False
stage1_binary:N:128,,,stage1_binary,128,N,0,aa9d58c64970b489d7ca3e41632165eef89019d2093ccdab0468d20256762ce9,60ed97ce92a242e33432995ad0a92a1f8281f7a289af014f46d233eaf00ee5bc,"[0.587762713432312,0.412237286567688]",0.412237286567688,0.5800000000000001,0,True
stage2_multiclass:V:88,,,stage2_multiclass,88,V,1,ec58e8ba67ef599956bd7430e7139c23ca9f756f82f5c475634fccded7ffaff1,89af00ba6da992f00b34c24afc222a30650ba2197dc1fd369a029191df2d79a6,"[0.7928081750869751,0.20719188451766968]",0.20719188451766968,0.5800000000000001,0,False
stage2_multiclass:V:67,,,stage2_multiclass,67,V,1,7a3624655afb464c4aa4f231533f464caa951ef079101668e57d1d6945d12e66,1af77dd0318e9b7234b57775f73fb8f44bef7e467a0d8b964f7650206cc4f3e5,"[0.8074578046798706,0.19254225492477417]",0.19254225492477417,0.5800000000000001,0,False
stage2_multiclass:S:5061,,,stage2_multiclass,5061,S,1,4bc2c9a5ca1d6a99ae4d1b278051075e67a1e7a42fa22930cf20db2a8c418fec,d870a8fac3e87f6813da6d4657f771c20b5662b66aafbe3651e690d79ac13ba2,"[0.9242922067642212,0.07570779323577881]",0.07570779323577881,0.5800000000000001,0,False
stage2_multiclass:F:4286,,,stage2_multiclass,4286,F,1,cac6e760a924a6af2e82bea537318a4fa68d34d39f3a9fffd9bec816ca8b49c7,d010317b53f0db68d7d54f9a9b1642e009a093864f69d423581aa8f805ce809d,"[0.4606966972351074,0.5393033027648926]",0.5393033027648926,0.5800000000000001,0,False
stage2_multiclass:V:54,,,stage2_multiclass,54,V,1,b1fbc1eeb030107727b41f841b79a3b5c575bc13c2d59cf5791638cc00b26b83,fec9d8bec54f4962450d29a47b13c21ccbc0c5c0f1af818d03c960331934727a,"[0.779667317867279,0.22033274173736572]",0.22033274173736572,0.5800000000000001,0,False
stage2_multiclass:V:420,,,stage2_multiclass,420,V,1,41f7c0579d4d16acf472dbec5aac0ffd2baf89fcff659f5fb77e7efe6c639b02,80df67e8a1137877fb60024d134e7f4b753fbc815e9179568a90b9e90854dd3e,"[0.9203174710273743,0.07968256622552872]",0.07968256622552872,0.5800000000000001,0,False
stage2_multiclass:F:4630,,,stage2_multiclass,4630,F,1,abc70283400ae0498cdc33337e376bfb38ad823f0a73e3f1e0eecace09a64733,14f6d7b7a28aad1bc33aa50bb1c95f0c85181922cd5ffc7d3ea18e9a104a2677,"[0.44247058033943176,0.5575293898582458]",0.5575293898582458,0.5800000000000001,0,False
stage2_multiclass:S:5046,,,stage2_multiclass,5046,S,1,e411f7a795128a53765a95c57047eec37b1ad74744d20c9bb184c4b6f508909b,a73e61b64fc985f509640c2e850ff9aecb5b4cf5a252f6e240e936fa70a95af9,"[0.8870882391929626,0.11291179805994034]",0.11291179805994034,0.5800000000000001,0,False
stage2_multiclass:V:211,,,stage2_multiclass,211,V,1,2aec8550aff5fb466aea54dd20318a4f729d51fe3a04cd11f91503364c8e06c9,9304411754b4f5d1bcfc0831a1d9247bcba35351e657e1a0f6eabbda923fda13,"[0.9125098586082458,0.08749013394117355]",0.08749013394117355,0.5800000000000001,0,False
stage2_multiclass:S:19,,,stage2_multiclass,19,S,1,f0df15838811fd6737e4e4e015018a6793fc78b7c1a5e07a153ffc1d01ffa1a3,0b62f379755d400aef80c6da03dbc27cd4b50976f2ec2cbbd827d6ce06bfd972,"[0.580956757068634,0.4190432131290436]",0.4190432131290436,0.5800000000000001,0,False
stage2_multiclass:V:343,,,stage2_multiclass,343,V,1,35f78f91284e8a3ef74ecf053aadb692d3ff6c2da0cfb21b0d368e163562c56a,4926eb7d7a55918298b26c99f447376ee349bb33fabdcf523f02d5c612189889,"[0.9416134357452393,0.05838655307888985]",0.05838655307888985,0.5800000000000001,0,False
stage2_multiclass:V:432,,,stage2_multiclass,432,V,1,30e2c2a9cc8d47d02e26036d2291e9c4a2b414171c20ea9d0df6bd55540a0fb0,033ab8b2f7f7d52bd798699801e129d057d529629a7887c4d4fb9f1bd59a2556,"[0.7825408577919006,0.21745918691158295]",0.21745918691158295,0.5800000000000001,0,False
stage2_multiclass:S:2,,,stage2_multiclass,2,S,1,3e44b93672046c02799e27471d085773419a1cc4e1ce7444b61c86208ab3a171,d488443d8b7f2462f4289f78e76f60ae0ccdb3c5b10b97ae97e1f46a586f2d61,"[0.5990960001945496,0.40090397000312805]",0.40090397000312805,0.5800000000000001,0,False
stage2_multiclass:V:130,,,stage2_multiclass,130,V,1,598ebc8bd20fac054d91aa49fdf7cbb4d5113ed6cddfef7b5c5be1dd400a197c,541c1272c0012bd72664412236096253e8e5579bd8c707588772180dc042bc3a,"[0.9060654640197754,0.09393446892499924]",0.09393446892499924,0.5800000000000001,0,False
stage2_multiclass:V:437,,,stage2_multiclass,437,V,1,47b29d62e0b696a22e87189413fa97649830f0e6b83aeeaef5cf2fdcdfba1324,dbbab48a9da5e891a9721d3e763fbf144c4ea5880f56544770c1084bcfa52f6b,"[0.9199972152709961,0.0800028070807457]",0.0800028070807457,0.5800000000000001,0,False
stage2_multiclass:S:3569,,,stage2_multiclass,3569,S,1,3003cff8ef2abf9a5fbd4ea2b656177da8a0fd28e6ed7941ef518b239c982e11,a4c8372335dad5c29502a40a63e7b9fe18fd6868ea4c7b13ce16bc028cb494f8,"[0.6056198477745056,0.3943801522254944]",0.3943801522254944,0.5800000000000001,0,False
stage2_multiclass:V:93,,,stage2_multiclass,93,V,1,f4612dd8f9cbb7607a1c508183cd2b69e60d184c150d18e6ab1b30935b928614,4418982a581849cf442e4df2806544603a16dfa2f2fcfb0c0a5bd40c9b821717,"[0.8650972843170166,0.134902685880661]",0.134902685880661,0.5800000000000001,0,False
stage2_multiclass:V:526,,,stage2_multiclass,526,V,1,ad56779878c3282b7ec68f2679ea9af04dcfcbef543915992682940e7a6b608e,e0db7f3594b8fa04bccef870c477aea4f29a96b1c778490b177f379cc76075e1,"[0.9295396208763123,0.07046043127775192]",0.07046043127775192,0.5800000000000001,0,False
stage2_multiclass:F:3709,,,stage2_multiclass,3709,F,1,ea7f9045177283a08fde3d84c3d3144800dac9add68a5ac0d3a23b8761e47f29,650c7f715de02d3300dc2351bc1114c296223f017a59bf058496b64f8e26a10a,"[0.8584207892417908,0.14157922565937042]",0.14157922565937042,0.5800000000000001,0,False
stage2_multiclass:F:5873,,,stage2_multiclass,5873,F,1,c17cb832f2e6200f24a1b18d0989432bd1dc3c0f41d129bcdcadb634a7418a9e,c202d3bd8e94f785fe40daee781e0c3757c0fb94b85c822474e3a61930badfb8,"[0.6898933053016663,0.31010669469833374]",0.31010669469833374,0.5800000000000001,0,False
stage2_multiclass:F:4664,,,stage2_multiclass,4664,F,1,5c7ad36c3fd95a1c8c9c68e9eea93368ed51fcce0442a95d51440d20ebf8c709,7f245a8363ad431f398e8f505d5be67eb2b6288fd5b795532cb41ea05bce1006,"[0.402542382478714,0.5974575877189636]",0.5974575877189636,0.5800000000000001,1,True
stage2_multiclass:V:541,,,stage2_multiclass,541,V,1,9d8765760625afe1efb1962dd774618a95042e9a8ea413764213e3ab59cee640,6ccb46cfddfb79710de0b54b172ffab58aeed6087aa0460f5d5ec073506cb756,"[0.8137839436531067,0.18621599674224854]",0.18621599674224854,0.5800000000000001,0,False
stage2_multiclass:V:226,,,stage2_multiclass,226,V,1,ec7aa43f49a6941742d4f2e4587e22cdc7c704650108984a5039dff93e41480d,3f0987b6b19496c7dc81aeb8c7f24e16c574e529f6090071af8fe8e872c50811,"[0.9235653281211853,0.07643471658229828]",0.07643471658229828,0.5800000000000001,0,False
stage2_multiclass:F:5756,,,stage2_multiclass,5756,F,1,3d3dd6173194a5ffdee6270b3e3d719e613c56af291154e66283dcf26b4150a4,bb6f9c2a707c25acad68af814f33a5883c7318a217b8c776e0d5619cf1ee13d4,"[0.43010440468788147,0.5698956251144409]",0.5698956251144409,0.5800000000000001,0,False
stage2_multiclass:S:960,,,stage2_multiclass,960,S,1,19d84652a93784c98f38feb78f330560954bb37af82eec5a28949afb735a992c,e2740e0e3c7d910570712c3ac60cbc402ede5ae2866a20d9bd9792e4820b0b43,"[0.42853301763534546,0.5714670419692993]",0.5714670419692993,0.5800000000000001,0,False
stage2_multiclass:F:1523,,,stage2_multiclass,1523,F,1,653e32d3f5ef06759d4db5b50559c38785bd4652e1c933c8f64a547a84b0f76e,961ba65122cfd1870e4601f40a73552e527ab98934d0187dd478645124b5aa91,"[0.8563962578773499,0.14360374212265015]",0.14360374212265015,0.5800000000000001,0,False
stage2_multiclass:F:5695,,,stage2_multiclass,5695,F,1,6395c32cbb47c9391b0ef18e7531df679116ce491de3f23dc48f781f1475b739,327561d4088e8419f0ee2600cafee68285492a22de9732c0ab51dfecf0117868,"[0.5034629106521606,0.4965371787548065]",0.4965371787548065,0.5800000000000001,0,False
stage1_binary:N:24,,,stage1_binary,24,N,0,0d0e518f00a1735eecf42e0db5ff243cbefb600dae8f90a8588903f3fc1e6c88,6566d09a29b00c5fb2427a59deb1997801c7eacbbe64ae87b6c74b093b3409b7,"[0.5901176333427429,0.40988242626190186]",0.40988242626190186,0.5800000000000001,0,True
stage2_multiclass:F:5838,,,stage2_multiclass,5838,F,1,0bf4322a9c938ae062afa3db4544ca23c0b6bca4b96001811484ed40d931d45c,5caddae4a5b006d48e952f1c0d9c5c2037f6fdfb55fe5d14e7877948ee83c35c,"[0.4769350588321686,0.5230649709701538]",0.5230649709701538,0.5800000000000001,0,False
stage1_binary:N:70,,,stage1_binary,70,N,0,1d33a7b6e5643cb311be3a10d341e7bb202e482d9c1836d03b40fe43bbd39225,4cdbb07e7e1f86a76b180cc2ebec2d385d6150499fefb345f3fc7b2dbc690b55,"[0.5622398853302002,0.4377601742744446]",0.4377601742744446,0.5800000000000001,0,True
stage2_multiclass:V:70,,,stage2_multiclass,70,V,1,29a0358295f099498cd4627ee6d6d08775d260d4a5e26bc4a3259cf331ea7a1b,563b90cf22f58d753e438d04114ab56786f07c1b7c590e85d1f4929a623765fb,"[0.8019809722900391,0.19801904261112213]",0.19801904261112213,0.5800000000000001,0,False
stage2_multiclass:F:5662,,,stage2_multiclass,5662,F,1,8c9266e705e7c296e0d0ac67ccfd3fd19260273096b737c9f02de4839ed13fbf,015ddc0949d9adf60d80808d1643541c512fb1326aebf62bd7b8a9cbb8b595ed,"[0.7208625674247742,0.27913737297058105]",0.27913737297058105,0.5800000000000001,0,False
stage2_multiclass:V:377,,,stage2_multiclass,377,V,1,3401e8d32129335ccc8a5fbf0aafacfa15f71c441cdb2747ee4ad1b40e0607c2,3ffc307df95bf9e832ad4668e92207d135777cfe537fff6a89a276dda53d52ea,"[0.5697458386421204,0.4302542507648468]",0.4302542507648468,0.5800000000000001,0,False
stage2_multiclass:F:3298,,,stage2_multiclass,3298,F,1,1c1d6b7a015edc42d5fac03ed044473bdba0087260b0f23a7a283c9b24e49730,0ff6a37feff026750ef0482b21d0c27275499380b05141ee2bcd1b94075f9d38,"[0.8383864164352417,0.1616135835647583]",0.1616135835647583,0.5800000000000001,0,False
stage2_multiclass:V:223,,,stage2_multiclass,223,V,1,90b028076673974e2bbab89358027f15b641d1852f3127b528ec4a401523fa57,3de85dcda5a01f5aef04c9cd25fc1b4652077181fcf5a34e495308f7b13481e6,"[0.8894577622413635,0.11054223030805588]",0.11054223030805588,0.5800000000000001,0,False
stage2_multiclass:S:1009,,,stage2_multiclass,1009,S,1,7b336520f7cdcc7720eec5aabc75ff843a7d393a103f7f0de40bd30b8de76258,81dd92d87612683be39b10dec460547b0bd7b062f1b921526566707eb0309567,"[0.7899077534675598,0.2100922018289566]",0.2100922018289566,0.5800000000000001,0,False
stage2_multiclass:V:177,,,stage2_multiclass,177,V,1,1db855357da963d0a8571c5111e62ad649d473e809c786b0c2eceeab7fcfef05,fdf0b238bfed0ed4b7f7d56eb7398301d184354e6da2f95e5152e03e9433820b,"[0.779306948184967,0.22069308161735535]",0.22069308161735535,0.5800000000000001,0,False
stage2_multiclass:S:2768,,,stage2_multiclass,2768,S,1,344cab4eda25505cb1d5f50c5409ca23bc3e27795613172103aa948d5c60cb4b,a0a6c738ad8159f5a3d34d020bf3919cab34afcc89a4ae80eb72cee90e0bcf4b,"[0.8370454907417297,0.16295452415943146]",0.16295452415943146,0.5800000000000001,0,False
stage1_binary:N:99,,,stage1_binary,99,N,0,57abd8eccbe077c6d74fcc40668d575c21ae94dad1bdc05286b00fbcd8b624ee,30a2d21f9da991b603d8fd8ece688356405cce35af52116fe203c77792be219d,"[0.587864875793457,0.41213518381118774]",0.41213518381118774,0.5800000000000001,0,True
stage2_multiclass:V:287,,,stage2_multiclass,287,V,1,92fda133d519bd12fa038e904b579f8b69396891c5c532ea20ef713b8a89d621,8423a70017c286fe612e697cc14b84247494515f1f1ea1c16f34c4cabe907386,"[0.8040655851364136,0.19593438506126404]",0.19593438506126404,0.5800000000000001,0,False
stage2_multiclass:S:2785,,,stage2_multiclass,2785,S,1,f1eca2d4d54e5a900dfce476ed034e598345b5dddb4ec4593880cfbca70f8abc,f58abc7d5d574a05fa5b1dd77cdbb9bda8bec895aaac4e58d5f0b4585c6d7b10,"[0.8320559859275818,0.1679440438747406]",0.1679440438747406,0.5800000000000001,0,False
stage2_multiclass:V:281,,,stage2_multiclass,281,V,1,4ae52412df2c7ea890806ed4c37ebb708766f5e122b25e8dc0ce3e7f748f781b,9749158246d188bfefc8cff45dc806726e151af4f6939fe3743bb5690b6f36be,"[0.9040529727935791,0.0959470123052597]",0.0959470123052597,0.5800000000000001,0,False
stage2_multiclass:F:4197,,,stage2_multiclass,4197,F,1,a753483ff12aa5ef5c3aaa698df0d754541bab6a5bd07edf9a299728149f7f7f,98027b68a83895485ebd3abbe99471876065283627b19e9faa8d2a9237236bf1,"[0.8513417840003967,0.14865818619728088]",0.14865818619728088,0.5800000000000001,0,False
stage2_multiclass:F:5882,,,stage2_multiclass,5882,F,1,a5e4e877542fe2e0d791651cc58deed62db11464942a0a90148a2e6e58ebe571,7498d65cfcadac7763e8a0cf359560b2a7cd989ec8c3539e659aeb375e0a6ddb,"[0.7933812737464905,0.20661872625350952]",0.20661872625350952,0.5800000000000001,0,False
stage2_multiclass:S:961,,,stage2_multiclass,961,S,1,92954fac9b8ca5e032769ea023264368b193ca31de9ae8e7bd793fe6155bab5f,551c7525f5dc73bdd77260b6f23ad3f5ae0f5416d8be6abe6b444eb6c5b200e8,"[0.7714495062828064,0.22855043411254883]",0.22855043411254883,0.5800000000000001,0,False
stage2_multiclass:S:2419,,,stage2_multiclass,2419,S,1,c9b5f4d27d3729ba930051c5aa64352afad035eceec38226798423da06274657,748ea963b9a797921ac0ea967471d9bb5235e300d05c89812aa444e85eb49f38,"[0.8274806141853333,0.17251935601234436]",0.17251935601234436,0.5800000000000001,0,False
stage2_multiclass:V:422,,,stage2_multiclass,422,V,1,a23d26dcb22b39ead66986de3f6b35f66c7d1811abb29d0d63dc356478a35923,85a4bee3d3135106e36472581e6f1972003fde70a882518573d74d09d47b7615,"[0.9226036071777344,0.07739643007516861]",0.07739643007516861,0.5800000000000001,0,False
stage2_multiclass:F:4836,,,stage2_multiclass,4836,F,1,9504d2c0fc1aabe263326ad244f38788f578d80846c46ee7ca4ac1cd75368380,6f108c3561b6600cfa806bd688e094cbb462c0ac47ebacd1aa7828c9b763a0d6,"[0.877363920211792,0.1226361095905304]",0.1226361095905304,0.5800000000000001,0,False
stage2_multiclass:F:5952,,,stage2_multiclass,5952,F,1,2838f568b1d4c5609f9244b4bc058d3f2f788f276fdabd9bd9e0b25a32b0379d,a5148356ed24fd299486a9631a559f53118ee5d1d53949f5e3914d2f5350367b,"[0.36272141337394714,0.6372786164283752]",0.6372786164283752,0.5800000000000001,1,True
stage2_multiclass:V:111,,,stage2_multiclass,111,V,1,f8beaf3114b0414f2090d272ced65078828a9a2a68198338070e156ed8a08fd4,926c330cb712af75def58b00ba671049ae09bf5e2ad78616db2bc8d4b904f911,"[0.44271770119667053,0.5572823286056519]",0.5572823286056519,0.5800000000000001,0,False
stage2_multiclass:S:5071,,,stage2_multiclass,5071,S,1,e11c3b5cf388eb3c778ac3e7fd16a259ed02bcf7dfb7e407641a135d078180b6,13638b3c7a5b81d96029412ee586856a153fbdf31552aabfb0bf921a1d60205f,"[0.9143549799919128,0.08564497530460358]",0.08564497530460358,0.5800000000000001,0,False
stage2_multiclass:V:301,,,stage2_multiclass,301,V,1,a8816f1591d68a88fec71eac693cdd57fe42e482f8c95ff01cadb9c27135f63a,6b50c3701c94fcce7375c0c3f625fd2073af930fc0f2635258c3524727077404,"[0.818995475769043,0.18100446462631226]",0.18100446462631226,0.5800000000000001,0,False
stage1_binary:N:44,,,stage1_binary,44,N,0,965601c50401c67e90d420dc3aaee0349e0ca8e2fd54f382159dec90f067405e,5ab48e8051e67287cc2d0d636ec01d73e1ecb5d179c844e79ff3ccb63b63e7a3,"[0.6321967244148254,0.36780333518981934]",0.36780333518981934,0.5800000000000001,0,True
stage2_multiclass:S:3659,,,stage2_multiclass,3659,S,1,5562d63f466da681d58281d5f5c9a08b16b4a9dbcec20ac90370de91e86e0eab,d53422279d19967d279f974e5c3729aba5bea51ccb8876ec6c14834b94197eb8,"[0.5690541863441467,0.4309457242488861]",0.4309457242488861,0.5800000000000001,0,False
stage2_multiclass:F:3728,,,stage2_multiclass,3728,F,1,eb154e37538064cc3ebb550a7bf0b8f74cf955cc0a448dc5bbc81765ddf1028f,7693a97707fb3429ea0d9b657db7f4de55ae7ad45fb7214267bcad8bbaf5bc11,"[0.46989917755126953,0.5301008820533752]",0.5301008820533752,0.5800000000000001,0,False
stage2_multiclass:S:1769,,,stage2_multiclass,1769,S,1,046257a885b6f7dedf341f2348fabc738cafeaea128550bc0e25f2d02d8d2b31,93dc5e45cfb17e694b5f9198f566c186f26ade092320cb3d31dec7f15170ed03,"[0.8342688083648682,0.16573114693164825]",0.16573114693164825,0.5800000000000001,0,False
stage2_multiclass:F:4820,,,stage2_multiclass,4820,F,1,0897e2af01a5992f9e4e61b8dfa42b7c3ddf222032d0102e484c4db8ddbb7fc3,4c3e190839b60b2468aa69a1c341ea105c9d16ded1fdecc2c2aa7e7448c6b67e,"[0.8865160942077637,0.11348392069339752]",0.11348392069339752,0.5800000000000001,0,False
stage2_multiclass:F:5895,,,stage2_multiclass,5895,F,1,029b435bffe65f3158690f0f49f83a94305a24d3e6ca6a3e062ad3cecb8110e9,4acdf4611155f2f56e832637dfe2fe1d3221a397c921295efd2f444f32d90521,"[0.6834260821342468,0.31657397747039795]",0.31657397747039795,0.5800000000000001,0,False
stage2_multiclass:S:2429,,,stage2_multiclass,2429,S,1,ef4085e90a2880d6943f9e8f5dd5a09c880a8d8aadd709fd2d78b3f254e30aac,bd13233db12f3bc0f30e0f6fca0e9a91ce1111af072bfb34bf93e95969463899,"[0.8128951191902161,0.18710489571094513]",0.18710489571094513,0.5800000000000001,0,False
stage2_multiclass:F:4193,,,stage2_multiclass,4193,F,1,f819c89f09806d4199bb97fa27c54f7753d131b7aee6994070da33a2dfbd6c29,be5191a4b8e80183f318e9ea0b2efdfcba8a7cba904c16c76f201f866eb0641d,"[0.4288986623287201,0.5711013078689575]",0.5711013078689575,0.5800000000000001,0,False
stage1_binary:N:15,,,stage1_binary,15,N,0,d9156560b8b28e4a83e040d34086e3a016afe534458ed10315e904d31e9772f8,3cc0f7f386a1cd45178bf678f35d02c08c01a5774b787154c2b2d36c9f820b9f,"[0.550325334072113,0.44967469573020935]",0.44967469573020935,0.5800000000000001,0,True
stage2_multiclass:F:4240,,,stage2_multiclass,4240,F,1,6af1756f9b92247a1d8b44253db8fed3a335d66b57e14605eca103f3d79275ed,3492e162a24515a6eb98aebc25d22d8da9988299f6416589e4d8576d66b576ca,"[0.47866013646125793,0.5213398933410645]",0.5213398933410645,0.5800000000000001,0,False
stage2_multiclass:S:2416,,,stage2_multiclass,2416,S,1,dbbb8576ffa30bd1a293ea698c9c3fd17c5a7493734b4c4d0046e7d3a24b2d97,3db0d00cc5e48a6a0713260ec1d8abc096200a199bc5cb158be1be5db6f5c511,"[0.8193264007568359,0.1806735247373581]",0.1806735247373581,0.5800000000000001,0,False
stage2_multiclass:S:684,,,stage2_multiclass,684,S,1,efb2d5b741030d5c2273202fbf31f8060428e4b5c4e2cd4882c970197d513598,74595eae3dac87cd20ae8a79cb6a90ea21f91a6ddc283afe0e5387fa0a6ed7d9,"[0.7994042634963989,0.2005956619977951]",0.2005956619977951,0.5800000000000001,0,False
stage2_multiclass:F:5668,,,stage2_multiclass,5668,F,1,96a17cf61af2becbd3ac1635b173134a8a5acd8e637b762a15d884903ddee011,2a9d91f9228d4e0e8adf45b1a1f7860ac0ce5386c01848c1405b0c7a136a45ba,"[0.8208335041999817,0.1791665405035019]",0.1791665405035019,0.5800000000000001,0,False
stage2_multiclass:F:5944,,,stage2_multiclass,5944,F,1,606a82b406c600433fd897f9e661fd23dccbbd5184a802190c7f9a8b66fb4ef1,4d428df33ed19d40d0ed88763043dbbc755f700bb422b8b749296af954c5fddb,"[0.802941083908081,0.19705896079540253]",0.19705896079540253,0.5800000000000001,0,False
stage2_multiclass:S:954,,,stage2_multiclass,954,S,1,a7084db936d0be10def79d933f08eac840e0d778fb87a18ac10a251592c833d5,809b70468eeb56baffc9d244beaa8f5dd1ad2826cfdff0a230588297519a2014,"[0.7745048403739929,0.2254951447248459]",0.2254951447248459,0.5800000000000001,0,False
stage1_binary:N:91,,,stage1_binary,91,N,0,dacd4ef7859edff72c1ec8c166090f66398f83af460fbc2460937b163b76a939,4ee50bc5463035dbbb446aa04c84eb6a03048701579d2d51b484b6c4998bed6b,"[0.5998892784118652,0.40011078119277954]",0.40011078119277954,0.5800000000000001,0,True
stage2_multiclass:S:14,,,stage2_multiclass,14,S,1,d09559657bbb8850d01bc7e06dfb1ee70c097079c673f44ef07762121765c42a,6281414579ff65585953b341252111b3b5cc5d4c335f333d1c3bbafeffae9e8e,"[0.5148264169692993,0.4851735830307007]",0.4851735830307007,0.5800000000000001,0,False
stage2_multiclass:S:2687,,,stage2_multiclass,2687,S,1,0b327a68a559af951cf18ccb53ff5ae76ebf9f2ea9ab112a90c271dacc7d7d0b,e3473db72e878bb20a89dff32a05647b97c04438bdca5926247a35acf3b22e33,"[0.8277068138122559,0.1722932606935501]",0.1722932606935501,0.5800000000000001,0,False
stage2_multiclass:F:4681,,,stage2_multiclass,4681,F,1,691a91f4cef820c284841204cda6dac014d53aae2c40cbcc5f71576ae2070c7b,f9d40128da1adbf2cecf748ebe76822f541468005889a96af4baf9a1aa42af23,"[0.8647957444190979,0.1352042555809021]",0.1352042555809021,0.5800000000000001,0,False
stage2_multiclass:V:105,,,stage2_multiclass,105,V,1,a25bb255f5b229219e45aff0ac08f079b5a441581f2fe5126e52e6707c7fc559,bb3f50c1a964d603f09f29273cd09ff42ad04079b1fb79af338d7d57da479d19,"[0.8960734605789185,0.10392650961875916]",0.10392650961875916,0.5800000000000001,0,False
stage2_multiclass:S:1485,,,stage2_multiclass,1485,S,1,f351ff35de6d64b48e463722ac20ccd495d177fab94b85ad555ddbeeec1c1bd8,58b2e603c9ae8edcae011b9724689857a837b33df9778c5de1dba64d8a575f0e,"[0.7783149480819702,0.2216850370168686]",0.2216850370168686,0.5800000000000001,0,False
stage2_multiclass:F:5889,,,stage2_multiclass,5889,F,1,e0241320c57c3c8de69cc97d8d87158d8ffb3f378fc5c4ff3b6e8b3b90934a10,2f82889653ccd3907c8367a8cf1f350a837a3c203a04d7f81966ed8bf119fee9,"[0.8072052597999573,0.19279474020004272]",0.19279474020004272,0.5800000000000001,0,False
stage2_multiclass:V:162,,,stage2_multiclass,162,V,1,f7288d9d774e5d6eda2ef6d41cde620020ae49ff528350c668f8c5eb69719eed,53d3f23b64a44b6b1173bfa4765fc42f392cb7afcdf83af02a18457e37e4e7ae,"[0.779802143573761,0.2201978713274002]",0.2201978713274002,0.5800000000000001,0,False
stage2_multiclass:V:142,,,stage2_multiclass,142,V,1,4079c1530f51620645400878222720b4d76b4ed38c3b46e795c2fedafd583000,59e1794b578f6b743f4d9fc7aadcfe72b2911cbe914fecc9e6040e1caaf278ea,"[0.9126973748207092,0.08730266243219376]",0.08730266243219376,0.5800000000000001,0,False
stage1_binary:N:92,,,stage1_binary,92,N,0,562a3fea94f2b64f5e25311e97167878504bfba30728a07f922d1a09ad9a28d0,a7f7be8980d4472ad40126afbc25698e1f6a20623b03e3949cb88979fe408d1a,"[0.5763532519340515,0.4236467480659485]",0.4236467480659485,0.5800000000000001,0,True
stage2_multiclass:F:4851,,,stage2_multiclass,4851,F,1,9d30c0c0092502469a56376577c46d7af23b8057dbc5d5e5562a74780dd74281,f85d232a211f8d65305da8834f58eb4a3ba2fefd824da06fdaefd308451e4a8d,"[0.8746849298477173,0.1253151297569275]",0.1253151297569275,0.5800000000000001,0,False
stage2_multiclass:V:333,,,stage2_multiclass,333,V,1,5c1b8abc573d972cbeb7a92ddb02231497ce21c698b567eb4552ff4b0e2b1ec7,34a0a5eef986de3b61a8f99fddf2ef482251a3fdd3bfcc81cb931a09068c5805,"[0.918844997882843,0.08115508407354355]",0.08115508407354355,0.5800000000000001,0,False
stage2_multiclass:F:5768,,,stage2_multiclass,5768,F,1,ec6abf8f8c9cafd75674ef5f4d106c46e7cf80c2f8622c32b3246c31ff8f7899,a789ce6807cc8506930cb85167302380115b64a23f31c8ceb72d28ed6d6a17e2,"[0.43629395961761475,0.5637060403823853]",0.5637060403823853,0.5800000000000001,0,False
stage2_multiclass:S:2356,,,stage2_multiclass,2356,S,1,9c6f671d633612554aedf4a590ded0181335bed9ca94853c94a52c0047abc894,3097731737c0dacc23dd0dc3fdefd54196bc77afeb2bc2fa98f3c129b4ce59ca,"[0.8718564510345459,0.12814348936080933]",0.12814348936080933,0.5800000000000001,0,False
stage2_multiclass:S:792,,,stage2_multiclass,792,S,1,88ee5aa892d70f86257c3d558cdae5876dd68f68613c75942128cb420a6bd284,a92b16e21c8f86e017a9d0c8e5dbef0092cdbc68fad2a439e3fbcad7c776123c,"[0.853009819984436,0.14699018001556396]",0.14699018001556396,0.5800000000000001,0,False
stage2_multiclass:S:2613,,,stage2_multiclass,2613,S,1,b23232d214921ab7972ca54330f0469e0335e8fa5c98eb5b2265db44f2f83689,6ed5ca83a7f9412b7f3dca52e043dbdc622ac269f8247c2e76e73e00925b1f0c,"[0.8243197798728943,0.17568020522594452]",0.17568020522594452,0.5800000000000001,0,False
stage2_multiclass:V:330,,,stage2_multiclass,330,V,1,272773569e9fa21f484cfaf75e6e2e2c41d77e8b8812f98ba76b8c5a482277b7,dd85abd780a114adecf980e89292afb71b6084bda07c7a27cb4d5b0847da0e6a,"[0.7267550826072693,0.2732449471950531]",0.2732449471950531,0.5800000000000001,0,False
stage2_multiclass:V:147,,,stage2_multiclass,147,V,1,e9b11b001737044f218fc756d0cb7a741dc2ee8dfdd75722875e0c8a725a6e3a,f7fbffb313b3078e7f4a90632402378b55e74fe43771b17c10ae2a71503813a4,"[0.940089225769043,0.05991072580218315]",0.05991072580218315,0.5800000000000001,0,False
stage2_multiclass:S:2726,,,stage2_multiclass,2726,S,1,5e0fefd057e7830b37fb243502fcf0dac0cf3d040d646d631bc7b9c8c034fe09,55cd47846b761707257644b2af0789cf067eb61d768cb27c44475f8b9f2dae54,"[0.7977501153945923,0.2022498995065689]",0.2022498995065689,0.5800000000000001,0,False
stage2_multiclass:V:172,,,stage2_multiclass,172,V,1,207d3e2b5e4b52a9986147691ccf017cac93e5b0cb679a373a65ff5d25840c41,e033c2392c50788cf02bb8fc4e1d6fa088837da2ee82f07ee6b870c300b06919,"[0.8434141278266907,0.15658582746982574]",0.15658582746982574,0.5800000000000001,0,False
stage2_multiclass:S:2433,,,stage2_multiclass,2433,S,1,259b2909c390688ed3b74c0f74ee396870d38b731aee634b67fd5a70797ae40f,0aae0fc8190678ebda4463097be40b13122b7ccd2b458d5b3e67ceb03350df28,"[0.812038779258728,0.18796122074127197]",0.18796122074127197,0.5800000000000001,0,False
stage2_multiclass:F:5810,,,stage2_multiclass,5810,F,1,6c1e4cecbce175e04c2a3196ecd20e5fe7dd0d5e57b1c657a359efd76e8554fc,98cb773a6b757b752e70109a460e138767b9894f14e227cc25e93579432bc028,"[0.39317163825035095,0.6068283915519714]",0.6068283915519714,0.5800000000000001,1,True
stage2_multiclass:V:144,,,stage2_multiclass,144,V,1,ea4799bff1aaa0bc67d84c7f862f1b30da4c9525a1cd1899a01af4ccb71eb1d3,bf0501f7c3a6b15595feb2468c92fa632cb862863c96d381c60151ee63102113,"[0.7960080504417419,0.20399194955825806]",0.20399194955825806,0.5800000000000001,0,False
stage2_multiclass:V:310,,,stage2_multiclass,310,V,1,c10b765ab103128f65e79bcda5b28a146ce95b8af5fbfec3207fc6d7463717f5,fc8a76bffeb31c8f089acb7fd183445ea6e9f5bbc96b7c6dba39987391c914f6,"[0.7367029786109924,0.2632969915866852]",0.2632969915866852,0.5800000000000001,0,False
stage2_multiclass:F:5980,,,stage2_multiclass,5980,F,1,013251e2714bbbc74a53dc0da090f504541118d9efddb3f2387a3490135393e1,ac9a3959433c35f5b7c53be9bfa6a81ec83d2da5d58756c5180e125b82db6462,"[0.8548526167869568,0.14514735341072083]",0.14514735341072083,0.5800000000000001,0,False
stage2_multiclass:S:2688,,,stage2_multiclass,2688,S,1,fa599f26d38c0c10ae8e4e302e12d588499824107cead996f6a59dbfddc9dd36,63443d41f58452d71aa5229e4c5a557fa50a67bdb4ebb2b444aff969d4b3a9bb,"[0.8065010905265808,0.19349892437458038]",0.19349892437458038,0.5800000000000001,0,False
stage2_multiclass:S:2796,,,stage2_multiclass,2796,S,1,6877ff5bfceb79af90004fe8aba956dfa5afe7118d4f2688429a37651740920a,bc38601a11abfa9e51e3c501a4816d5629328562e8b07d1c1317af89ed58d5cc,"[0.8393746018409729,0.1606253832578659]",0.1606253832578659,0.5800000000000001,0,False
stage1_binary:N:54,,,stage1_binary,54,N,0,325ed77e5cd8e4f60fe64699c1641d557bce7f27d331238835237aebff643512,3244f855c8b911f50a6b1b67a684dedc9a1ee1dfb83c89ecf4c46131fd16cbb8,"[0.5392388701438904,0.46076110005378723]",0.46076110005378723,0.5800000000000001,0,True
stage2_multiclass:F:3775,,,stage2_multiclass,3775,F,1,0a0e4b889bd7a0bbc5662a55124ff17667a0cb28b490f7f375008e6f0f777dba,5a5a5092cfee62e9fd3f1e1f5a59eed6ca6955dca98cc13b8fc03e1d7a59c23a,"[0.857061505317688,0.14293843507766724]",0.14293843507766724,0.5800000000000001,0,False
stage1_binary:N:34,,,stage1_binary,34,N,0,60b5d42d30bfb50591f1e93b72f8b6a83ec717a7a6abcbe27cd089ef8d789ba2,56d018063fc2fb8c8b7bdb4bb4f776e770971f9d317686fefb83d7ad46cd5fd8,"[0.5744243860244751,0.4255755841732025]",0.4255755841732025,0.5800000000000001,0,True
stage2_multiclass:V:659,,,stage2_multiclass,659,V,1,78b4d24b4060bc2cd6f8ad7620eebff5395ea32e6488328c363dfff9385edf77,2779b5c540422edbca8c739648b2fd3a58d30816437bc1cb468da9a7c3f2c1b2,"[0.8252471089363098,0.1747528612613678]",0.1747528612613678,0.5800000000000001,0,False
stage2_multiclass:F:5708,,,stage2_multiclass,5708,F,1,e0aad8b948b93d947228eaac2f70e5eab19fcd2f06a60272136cfbb6bf73642a,649cb1c3199117e8c3236bcdf75350c86631165e2f53f2226aeb9164049ba1e1,"[0.36457952857017517,0.6354205012321472]",0.6354205012321472,0.5800000000000001,1,True
stage2_multiclass:V:434,,,stage2_multiclass,434,V,1,a4dfaf1e6708e086a2508a324e31c4276a4d741c0a9287dcdf1702f7595a8c9e,24626fa01336a5ee0c2a222ff80e50060234e451b810935339e91c85445e592e,"[0.7901154160499573,0.20988458395004272]",0.20988458395004272,0.5800000000000001,0,False
stage2_multiclass:S:3630,,,stage2_multiclass,3630,S,1,792442388cbd2907d5be3042312b4b682abc0b17a01e19d7dcafeb80f6570d99,4e6adfd8cf3ecc238f32ac20881f922a698ff2844de1ce8b001f958c563e9556,"[0.78598552942276,0.21401450037956238]",0.21401450037956238,0.5800000000000001,0,False
stage2_multiclass:S:1472,,,stage2_multiclass,1472,S,1,c494730491dcdcd89a91eb49aada4c4a281ea7440aac2fbc855e7b05e89e42c8,9fcdfba19c86e5e60b687e3bee37f0f99a1b7542d6ca648b6dd3a0dfc938c7b9,"[0.8498464226722717,0.15015357732772827]",0.15015357732772827,0.5800000000000001,0,False
stage2_multiclass:V:539,,,stage2_multiclass,539,V,1,83d5025dcd69569ad880a5deead5e444242034e41ee356c54db779b5352744a1,b0b9de386b032ca012fdc2c04b54c4534bb8dc875237edc442e1a7bcbfa678b7,"[0.8524609804153442,0.14753906428813934]",0.14753906428813934,0.5800000000000001,0,False
stage2_multiclass:V:306,,,stage2_multiclass,306,V,1,1e2631b072c2a8d3d4689192a3a893bb35c982155caf0a0880c9b76d1c25d3eb,aba6711613d7a040c4476e2b1a586f96033c67ac917f74d5ad906109f9ffe7c1,"[0.8870725035667419,0.11292748153209686]",0.11292748153209686,0.5800000000000001,0,False
stage2_multiclass:S:3572,,,stage2_multiclass,3572,S,1,bcf6b18e37a6e63bce47c4caff651e173f96bfc23a3da1075e767927960689e0,85d7f24bf6cad7cbe160a5c5d02b5975eba4c92ac6441768b8b76fcd30cb606c,"[0.6431235671043396,0.3568764328956604]",0.3568764328956604,0.5800000000000001,0,False
stage2_multiclass:S:932,,,stage2_multiclass,932,S,1,f4012e524d0a14925227dfc8020fb7df5f13817a75aa5a19e237a2a06ff656bd,b7ed1b9d66149c21999ebca9c4b332131eda6d5a298262e5a28e9de09388964b,"[0.4499168395996094,0.5500831604003906]",0.5500831604003906,0.5800000000000001,0,False
stage2_multiclass:S:7,,,stage2_multiclass,7,S,1,80e57204cbe203a73b872aa55260b01ae44472607d3da27daefda7e3723255a6,5804d26add81b052af68d0d9713db727ee7be07ace9125ddb45d56ad5022df20,"[0.5954270362854004,0.404572993516922]",0.404572993516922,0.5800000000000001,0,False
stage2_multiclass:V:479,,,stage2_multiclass,479,V,1,48eded14897ecaf19159c9330fd4c3fad3027e7b73bdc0ace186566fddde61e4,eed35ea1fb9631e31b3c099b9f5906768fa563694c1709b4eaedac0bdfe9c2e1,"[0.8061960935592651,0.19380390644073486]",0.19380390644073486,0.5800000000000001,0,False
stage2_multiclass:V:179,,,stage2_multiclass,179,V,1,be9b9952a6006d444553d12639475ff55286eb44f7e9e8bd6061ae14a0f79d59,3b44224d5f0ce58140b4af5fa0b84e28f4892ad5d732f7395872d915f03610f6,"[0.8037967681884766,0.19620320200920105]",0.19620320200920105,0.5800000000000001,0,False
stage2_multiclass:F:4282,,,stage2_multiclass,4282,F,1,cbd99cd95a4754cb008158307daf6be51deb6a02a6f5c7d8ec0598954ddaa6fb,effa582a8f219bf2d405afe6fc94b80e7a8b8efab249b1e80bc2e936808404d1,"[0.4253115653991699,0.5746884942054749]",0.5746884942054749,0.5800000000000001,0,False
stage2_multiclass:V:538,,,stage2_multiclass,538,V,1,8a1b205896833c86ced7afbddb26dae32f9a134efb8015da36a3bc69cf546cfa,89aa1588f1dcf096514aaccee514a5ce1e5993f82c9913a2b1f8afb7327bcb44,"[0.797157347202301,0.20284269750118256]",0.20284269750118256,0.5800000000000001,0,False
stage2_multiclass:F:4328,,,stage2_multiclass,4328,F,1,a29f85423f4fdd17e6a84839071aaaeea0faea406d1ccc6664ba638eee4ed43c,1a2a881c700bd4c7143166b982050188277d3007771ee8a9e43e23bf0996a193,"[0.4698311984539032,0.5301688313484192]",0.5301688313484192,0.5800000000000001,0,False
stage2_multiclass:F:5732,,,stage2_multiclass,5732,F,1,549a0c28c596a706def5a9f9b464394fb518d0daaba4c31f2bdc811d753a33ae,5dcd3c91f47dd30dad74207d71b1747ab9202ace141f1c659a8871b8c9f1e68c,"[0.3953438699245453,0.6046561002731323]",0.6046561002731323,0.5800000000000001,1,True
stage2_multiclass:V:394,,,stage2_multiclass,394,V,1,5b74f58857ad6c4c01264e6294b823a599e308724a3768ad900438d1c47eaf47,74d32596f5e1202c1b9e03b9f7f923f7d2f7058c7b263037addac12ff1ca83ba,"[0.7865706086158752,0.21342942118644714]",0.21342942118644714,0.5800000000000001,0,False
stage2_multiclass:F:4801,,,stage2_multiclass,4801,F,1,d7338878fed38828e8e76b457263fe701c3303607efacd60560533c1172ff921,5e1a84e4a93657224d93c2d720dce2bdebb0324e192af46c388dc49a64c6eab3,"[0.8530562520027161,0.14694377779960632]",0.14694377779960632,0.5800000000000001,0,False
stage2_multiclass:F:4336,,,stage2_multiclass,4336,F,1,8feb30e72cae9ea99104963825da27165858e18cfe271a53497f99ea85688313,20c831b4e0ced01a61c9a41e2061e423bc3781249fcb69ae38b986fa4a7538f9,"[0.8525117039680481,0.14748822152614594]",0.14748822152614594,0.5800000000000001,0,False
stage2_multiclass:V:155,,,stage2_multiclass,155,V,1,f855c042b3b455bf4cdfcc17a54b0eb88e6a7362d0bb7614ced10e66f7690ed4,e9c6ddecd6fa64473c27e2311bfa8967304a9064fda9bcab09f14960924aeabb,"[0.8322776556015015,0.16772234439849854]",0.16772234439849854,0.5800000000000001,0,False
stage2_multiclass:S:5037,,,stage2_multiclass,5037,S,1,01741cc4fc4246a0857e02b1cc1033c99d48d5dbce0274bcd64532b1a1c82a0e,6dd86cd49eaf770f042e5e1d1b6ef85f6c64fe53b3e73b7832797f67f671eb45,"[0.8618510365486145,0.13814900815486908]",0.13814900815486908,0.5800000000000001,0,False
stage1_binary:N:101,,,stage1_binary,101,N,0,95f3b8111a10294f1b8a04989158d3d6ae4854ac3bbb8f10b42a71998b861a63,8ecf0b41eac9d365e9e6657635ea5f3aba008c4d6e9bc42c0fdb98dedfff8dd2,"[0.5895121097564697,0.4104878008365631]",0.4104878008365631,0.5800000000000001,0,True
stage2_multiclass:F:3698,,,stage2_multiclass,3698,F,1,578acf014fe4c514337aa3e20c80cc7638219f40c44ee3372e44cce088b485c8,90b615a8c4ce2b4061161ebaa9b4bcec5d0a14ef086a159c986faaf6fc1fb660,"[0.43077951669692993,0.5692204833030701]",0.5692204833030701,0.5800000000000001,0,False
stage2_multiclass:S:30,,,stage2_multiclass,30,S,1,e19314b4845151fc4bbf9558c27241d7e141616864234fb3a4b59ea0f1dcbb5b,d0b7271182cccdf751c4522c714ac6b2f42a874db243d7971374d6d1b3803e7a,"[0.5557150840759277,0.44428491592407227]",0.44428491592407227,0.5800000000000001,0,False
stage2_multiclass:F:5705,,,stage2_multiclass,5705,F,1,0ee51d8e87f9c3266b99963ef92ca3b0b76934c6f697abdd78bdaba72437f219,672032402b147c46d1982764b571fffa8822dba3e210354177d183248d7495bc,"[0.8205815553665161,0.1794184297323227]",0.1794184297323227,0.5800000000000001,0,False
stage2_multiclass:F:5556,,,stage2_multiclass,5556,F,1,bf58ef8f60299f4e1e5cb41ec19ad4f972d3c05ff4eb71495cd431bb3065dc86,8e0f95e0b9a1f761f302e089aac3cc54384533af8db4cd5aa060cd9581c94c78,"[0.8203351497650146,0.17966480553150177]",0.17966480553150177,0.5800000000000001,0,False
stage2_multiclass:V:668,,,stage2_multiclass,668,V,1,d133541acee3f5a5926e1d752edaffeb0d3aeead51b07f1e2f4fd7a9cf44b7c1,736e22f8a79ea7499905455613465a2230573fa18008c72b6d4ed73f226f687b,"[0.7854511141777039,0.21454885601997375]",0.21454885601997375,0.5800000000000001,0,False
stage2_multiclass:S:1513,,,stage2_multiclass,1513,S,1,3f590f3382a6844a74c89e9305662084b268490787ef3494ee98900482bb66f3,6458d24a1e293ade97538a707cb5e41deb48e6fdac9a763ab8a1bdef673b3031,"[0.7542153596878052,0.24578461050987244]",0.24578461050987244,0.5800000000000001,0,False
stage2_multiclass:S:20,,,stage2_multiclass,20,S,1,146a59a159a8fe425850ef1b15528c34d3f5fbb2f249e259367b2198f7080ba1,f81496fb99ea92cf009c4a83eec0a8496492ba8b1c9f62f8e1c61e7f3f1744b5,"[0.5848521590232849,0.4151478707790375]",0.4151478707790375,0.5800000000000001,0,False
stage1_binary:N:58,,,stage1_binary,58,N,0,4def175b71021fdd76b3d3da1e8d5e24c9a12733e77c6205ac6da8f7139c5cd6,5b856cf1344365b8a271ede3fa13971a9a1824cc5f50f739f3eb649c4ec04c2c,"[0.5981171131134033,0.4018828868865967]",0.4018828868865967,0.5800000000000001,0,True
stage2_multiclass:V:531,,,stage2_multiclass,531,V,1,75bc9b21a4347c7d0a5a6eb043225ab9f308b12185dbf4832558f5c2c365adf2,da9d263228850356b059f235073d5da3aed03f539a20c794dab9baa15f0fc524,"[0.7652191519737244,0.23478087782859802]",0.23478087782859802,0.5800000000000001,0,False
stage2_multiclass:S:2711,,,stage2_multiclass,2711,S,1,2cb84c498a480d1770ea110e8e7b7f7e64a8b75c8492feebe267e8c25599aea8,0af24d87b89493c393c523fb0f4b331dbb85eaf66c3eb1e7b4c5df5df1a74b91,"[0.8214902877807617,0.1785096973180771]",0.1785096973180771,0.5800000000000001,0,False
stage2_multiclass:F:5723,,,stage2_multiclass,5723,F,1,60e6da95f3a5247db11cdc0aa827b36a89090bdfa189dc8218c6c81a38b18e52,bf35ec3b6911c41cfcd8fa01f4bebb06910ad8106109161d76bf1f8b25009285,"[0.8082796931266785,0.19172030687332153]",0.19172030687332153,0.5800000000000001,0,False
stage2_multiclass:V:319,,,stage2_multiclass,319,V,1,6d75ea1b0bb4b4dc84addabd286622597c08be449a7e5e1be25fc0d9d53e812b,eb6d0c50595ecb0d79255d3f91413267835b297400614f9c56ee11cadd515427,"[0.4241197109222412,0.5758803486824036]",0.5758803486824036,0.5800000000000001,0,False
stage2_multiclass:S:3594,,,stage2_multiclass,3594,S,1,80cebe55dc55bb994d4a8c48ca08b7fd4cf5f2075b3fdaea61ee7a7ff2cee364,de2afc0f22cfdd5754cdc7d5f85dc729385604b702f512d7e585f117d8797678,"[0.6577282547950745,0.3422717750072479]",0.3422717750072479,0.5800000000000001,0,False
stage2_multiclass:F:3848,,,stage2_multiclass,3848,F,1,73c290cd245c8dc26f07bb1da5acf64097413c9d950a573e77ab705b16e9fb45,d5a871572ca70142b4ccefa5fcf6b8ed1bb1556bd29ac936c3f3021d90cead99,"[0.8599264025688171,0.14007359743118286]",0.14007359743118286,0.5800000000000001,0,False
stage2_multiclass:V:323,,,stage2_multiclass,323,V,1,70d6c0761425d02d5d0e5c54f31640fee03caa7ca145fc52786bd70272bab0c1,14552d1bf24175bf7dbc21e1ab18697c45f756063618609bb89418a37b7d1d73,"[0.8104619979858398,0.18953806161880493]",0.18953806161880493,0.5800000000000001,0,False
stage2_multiclass:S:2781,,,stage2_multiclass,2781,S,1,5ad782841195854cc53bb6a2bdabb5d0650fccf4ad4a1cbc326b60158af054b0,6c6ebe787705ca8a2008f7a3a4519ab8517c8f8c29ff2fde8875fc8417a52a0f,"[0.8325309753417969,0.16746897995471954]",0.16746897995471954,0.5800000000000001,0,False
stage2_multiclass:S:5060,,,stage2_multiclass,5060,S,1,9cd62775e7b68ebffe0685e6edd23c2c317cccd69416d193c4b0700b0aded979,2db5860e13ed24875fbd45f62db401887cc926dc3e1d8a2d2975762a1313169d,"[0.9291620850563049,0.07083798199892044]",0.07083798199892044,0.5800000000000001,0,False
stage2_multiclass:V:205,,,stage2_multiclass,205,V,1,1e7dba751cadd2e702191d3128860a675077369827499ee62f0cd7bb76a54917,b716cf06c1242c8f5c92dfa876d6bdce94fbce942978d2798df47391ca0ddf5b,"[0.7954612374305725,0.2045387178659439]",0.2045387178659439,0.5800000000000001,0,False
stage2_multiclass:F:3863,,,stage2_multiclass,3863,F,1,a4327f51ef5201560e432382f8c4135979a6f69466456eafb98948dcf1ccadd3,f75a5951560283daf9edcebc6b35d9397adfb18c10d41150a3080306c97e7220,"[0.8384377360343933,0.16156229376792908]",0.16156229376792908,0.5800000000000001,0,False
stage2_multiclass:V:656,,,stage2_multiclass,656,V,1,430499784ecdc3e15454c46dba780673a5f01101dceb83576e3cc66e4118268b,06004ba16017c2f3a6f423458ec602162003db95a89f39a2cbade1d1b225347b,"[0.7566882967948914,0.24331165850162506]",0.24331165850162506,0.5800000000000001,0,False
stage2_multiclass:S:5027,,,stage2_multiclass,5027,S,1,49ec64e7b8f58477e8ae86a3b3f192a79f9a79d3e07acf696ceaf90a83c69fe9,7c606d0cfe2eb88cafa3a8dd7979646b0408d0dc0f95ae5cbf0d2cbef1b6e555,"[0.9081389904022217,0.0918610468506813]",0.0918610468506813,0.5800000000000001,0,False
stage2_multiclass:S:2631,,,stage2_multiclass,2631,S,1,5e4ccf293e4f53a9feed68232c1b805830bc4a586570efb1fec4bead0e470ac3,ff9a6068d92fd292aaf9b60e2551a78bdc2fe2942df15ab89029ab7efb811db8,"[0.8144645690917969,0.18553538620471954]",0.18553538620471954,0.5800000000000001,0,False
stage2_multiclass:F:3858,,,stage2_multiclass,3858,F,1,d85f038edb6ce38cc4496cce840a9b9099cfa98adc85c5f5a5ffad2fcebaef00,6086c6108f24b21b5aa0a4034a7478c94e160068e6667887e2a80ce67ef11012,"[0.9140825867652893,0.08591742068529129]",0.08591742068529129,0.5800000000000001,0,False
stage2_multiclass:F:5967,,,stage2_multiclass,5967,F,1,57801733537d1553c9fcfefe2a3c248b51cb1f07c521f8a4d7456691682a46fd,0b822cd476eb05dea8bc120a75f364244b2f3a9526404b95d16a663fd3655491,"[0.7680830955505371,0.23191693425178528]",0.23191693425178528,0.5800000000000001,0,False
stage2_multiclass:V:136,,,stage2_multiclass,136,V,1,a3ec60b7d754c9c632f7e233025cd2da6e4e22193bfc093149230ac38882be8d,8be3a6d073e0e2c3f3aeba6476ff4e67f178ac2f3ce0660ba670b42654c57cf9,"[0.5198373198509216,0.4801626205444336]",0.4801626205444336,0.5800000000000001,0,False
stage2_multiclass:V:154,,,stage2_multiclass,154,V,1,73ced4f19f11709a6405ef7f603f5a6705989cd23636c8d64918e0975c27e9f6,ba496fddcdd24153bd97fcb565788e6bbb7dcebb694ac8d17512cd2ba30bbc0c,"[0.7927865982055664,0.20721347630023956]",0.20721347630023956,0.5800000000000001,0,False
stage2_multiclass:F:4784,,,stage2_multiclass,4784,F,1,bc2cdfaddb8637721f6d5e1184f4af85ba75814094fed98b5e765ea319d32672,1e5f9c64a3ee5b61427ba241ae041d122a2915aeeeff48213ecbcf27d485fff2,"[0.8430928587913513,0.15690715610980988]",0.15690715610980988,0.5800000000000001,0,False
stage2_multiclass:F:4667,,,stage2_multiclass,4667,F,1,ff6e0a3c5726d3ffbe5069549d8171842631a4427d8b95ef0927679ec2f4d151,e5ae5d23f7f1c15031f60b6306234b774bacd6e5c92b2cea7d42e9cfdf14b91c,"[0.45116734504699707,0.5488327145576477]",0.5488327145576477,0.5800000000000001,0,False
stage2_multiclass:V:339,,,stage2_multiclass,339,V,1,e9ab631e3f430c1844c8283e9db6e25c2879e438ab5a3ff6b314810e0a2858bc,4d67e19c53945b2fa6264ae476351e07bf688fc1d4e12268d0c9b2c681b5b15c,"[0.44817107915878296,0.551828920841217]",0.551828920841217,0.5800000000000001,0,False
stage2_multiclass:S:2808,,,stage2_multiclass,2808,S,1,d794210d26585220afe43fa8c7714a69a16b0f520e9e540eca00e5d702916350,82a28a40afab0ed33f1e4a7da1ebb26333bbc31f1b824ae0d604ea7eacd3afda,"[0.7853996753692627,0.2146003544330597]",0.2146003544330597,0.5800000000000001,0,False
stage2_multiclass:F:5647,,,stage2_multiclass,5647,F,1,1c04115b3f62a508dbf5533d3b90246a162ce347aca1fb247312764e7d5c192d,bbaf00839bd82b6cca5f8ea935ecc175706dd95ea0123c44310d2b29fcf8166d,"[0.7438361644744873,0.2561638057231903]",0.2561638057231903,0.5800000000000001,0,False
stage2_multiclass:F:3856,,,stage2_multiclass,3856,F,1,22728c0eba3ca4a6761011b46fe301238dc2a4d57946e4a2aed0e87cb94ede77,8afa4daa15e385ac87b55ce9cb50a88f213a0b08c59aae5dfbe92c099afb9389,"[0.8117688894271851,0.18823109567165375]",0.18823109567165375,0.5800000000000001,0,False
stage2_multiclass:F:3251,,,stage2_multiclass,3251,F,1,f9c96cac20c932f77eb2d10f93dd8fcdfa80a57cecbc00f34e9696dcab2de611,0bdd5825ee206db39fdca64a10bb5f5fc05951a5c2c8ba1ebaf81af6af42e982,"[0.5087428092956543,0.4912572205066681]",0.4912572205066681,0.5800000000000001,0,False
stage2_multiclass:V:350,,,stage2_multiclass,350,V,1,f7156e8b6c9fec34513feae4a8c7b13573d304be0732f04e88a7f49614850363,c846b050435052a3ec5ddfd4bf3ffa67f658cfcc4aff3cb0db1a0b51a1734379,"[0.9174035787582397,0.08259642869234085]",0.08259642869234085,0.5800000000000001,0,False
stage2_multiclass:S:940,,,stage2_multiclass,940,S,1,8688f8ee756e6b9677ccc5eb4c905dd82dde0a94b64c517f30a235f115c8782b,781cf8884612bf21514aae8fe497702f941fd99802f275bd62e007ede36b0531,"[0.4253362715244293,0.5746636390686035]",0.5746636390686035,0.5800000000000001,0,False
stage2_multiclass:F:5924,,,stage2_multiclass,5924,F,1,5c3a511de100bc7fd33aa796bee5ab800e9bfe5f4a73ed0283494910cf218db3,77a1082ca278e88aba3bc9798af4f16028abb2cbedb866adca9e43e1e6817d32,"[0.694002628326416,0.305997371673584]",0.305997371673584,0.5800000000000001,0,False
stage2_multiclass:S:914,,,stage2_multiclass,914,S,1,8f24e10e2f0076fe2da4e29541143c2f69dca2035909a99b9889364e045f0cc7,627680eb0ebdddcf5af8cb8683ec091a15d99ab6699a4b4e5bdaaa98bf1f06fc,"[0.5862464308738708,0.4137536585330963]",0.4137536585330963,0.5800000000000001,0,False
stage2_multiclass:S:937,,,stage2_multiclass,937,S,1,cededf9c0689c11aea4d422b965399e8752cab2f69d619d92493829429d4f841,9308eaab8842cee32512f138cbb7e78da893216a7622f36c058dffb6ce4d12d3,"[0.7202893495559692,0.27971065044403076]",0.27971065044403076,0.5800000000000001,0,False
stage2_multiclass:V:53,,,stage2_multiclass,53,V,1,be9307ff0dff29ee960636395d9c74f229b67c24033674410a2ccce0850a49be,e43387c7d7ea6b26f1e6672b1c4ffc16ef8a5d2cfc7bda04a8d4ceb6e76bf4d2,"[0.8055119514465332,0.19448807835578918]",0.19448807835578918,0.5800000000000001,0,False
stage2_multiclass:F:3942,,,stage2_multiclass,3942,F,1,2f7c8f3c0561609014a5e3dba89c7b6e09704cca09c8419a791492fed7d5b115,5267d9862a0e586abce2e8c2567e79bb7653e7075b1b9a9d63cd3574990d4af2,"[0.6224397420883179,0.3775602877140045]",0.3775602877140045,0.5800000000000001,0,False
stage2_multiclass:F:5955,,,stage2_multiclass,5955,F,1,6063c8a8c1f36c52ce3522d4340e6256c44453349876e9d6a7d4f79fd51be295,5267d1eb66dd63613b76d71f450e2e4d1eb60390b43d03792ff17f96ae556bf6,"[0.7319325804710388,0.26806744933128357]",0.26806744933128357,0.5800000000000001,0,False
stage2_multiclass:V:483,,,stage2_multiclass,483,V,1,428f3781d8ac57157c268df8c07e291bcee41b0252186efa90f5f7c299c9aa93,79b9f0338591d5a7b4e1eef58c9e1f838236fb2b054132961a4433f16ede2dda,"[0.8147693872451782,0.18523061275482178]",0.18523061275482178,0.5800000000000001,0,False
stage2_multiclass:F:4402,,,stage2_multiclass,4402,F,1,35d9aeca495399a98ca677b89560c60053707ca8afc274ae4650f8b0ca3b5c8a,b38ac8900d72dfcf60143336837ba676b5d528319a2bdc006cc03ed4d5541adb,"[0.4851073920726776,0.5148926377296448]",0.5148926377296448,0.5800000000000001,0,False
stage2_multiclass:V:331,,,stage2_multiclass,331,V,1,0c26cc21c4c7ad5a4d32440d7724b65a83200c7f3299f90dc037147abb791e7d,7b2edadefd6dffca90326d6f5b3978fdb1e78a87cd36d8c5423d66a597617970,"[0.9043869972229004,0.09561298042535782]",0.09561298042535782,0.5800000000000001,0,False
stage2_multiclass:S:1004,,,stage2_multiclass,1004,S,1,091885403303a5790f68e22f34050ec6077cc710f5819f90d553877725c47133,d0a0cc3b12794029021dc661ea95043500c79328ba2d23e61e229ec77eaa16ab,"[0.7786064743995667,0.22139352560043335]",0.22139352560043335,0.5800000000000001,0,False
stage2_multiclass:S:2734,,,stage2_multiclass,2734,S,1,02980d3d60bcca7678efa3e5dd49db5e94ebd900173f3b2f292776a930139a9f,ef4b21ed1a0ef5d457a8f8324fcb7a18d52c86994c779d3e514361a120a8a8ed,"[0.7902886271476746,0.20971138775348663]",0.20971138775348663,0.5800000000000001,0,False
stage2_multiclass:F:5848,,,stage2_multiclass,5848,F,1,14e2343eff178f613564bc23a2ccb466b4883dce95ae29a329d4a6fc28095ae1,f87ca7a357e69214f3ae85822d8ce9b1c145698a7bc495e906da106f9f514017,"[0.8437910079956055,0.15620902180671692]",0.15620902180671692,0.5800000000000001,0,False
stage2_multiclass:V:115,,,stage2_multiclass,115,V,1,054cae1d1fac5b1ae2c2db28f080d3e5d68d37eaf8bc3d513e0e00706d6745bb,291e228883084a3f91089d19d8e1c8a19f5bda5f5f21de8aaa307b169253297d,"[0.9308273792266846,0.06917261332273483]",0.06917261332273483,0.5800000000000001,0,False
stage2_multiclass:F:1522,,,stage2_multiclass,1522,F,1,ba4b0917ec203597c294546d664fe6d83e2abbe36da4cf3d3ff594753f7574cb,d7aa800717fcca41437f279982fde008b5c00ce967d0895889733604268a1c67,"[0.8634634613990784,0.13653647899627686]",0.13653647899627686,0.5800000000000001,0,False
stage2_multiclass:S:2809,,,stage2_multiclass,2809,S,1,ed8ffc3e4dfa658af71ce0639819832718d26ae08afb0d31a9e3c7406e67947c,aa674a27f0171ffa19c12a672fdcab1577d806f8ce5c6731e36c1136d8bdf72a,"[0.7802016735076904,0.21979831159114838]",0.21979831159114838,0.5800000000000001,0,False
stage2_multiclass:S:5091,,,stage2_multiclass,5091,S,1,6372d2a4990f443d58770a50ff07b05fe24edf7df4a5c5cf4a5be5416fab4c6d,70da450359433c3683b4369a70c22cee9e1c91f3633505267d54fab7964c1620,"[0.6990242600440979,0.3009757101535797]",0.3009757101535797,0.5800000000000001,0,False
stage2_multiclass:S:966,,,stage2_multiclass,966,S,1,ae7c9b2b0b2822148da225d58ab7cee80cdd787ca62d252496ece0cf35ddb88d,44b5339ab79059805dbb248833193f55d34123c435ec2244527bd4e21bcbf870,"[0.8180164098739624,0.1819835901260376]",0.1819835901260376,0.5800000000000001,0,False
stage1_binary:N:124,,,stage1_binary,124,N,0,f95b51e2b83a8266dc1f83c6ac8c81a959ea04907d61da5a76c86274e6b77459,4057eb18110e417ce58df341b985d4fa1d500022a30e8c2fe5da0a5bea907f3c,"[0.6080580949783325,0.3919418454170227]",0.3919418454170227,0.5800000000000001,0,True
stage2_multiclass:V:358,,,stage2_multiclass,358,V,1,8ab36f2112dd82dd21f24d80abb1883b727325702f1a30b40550f77c839be9ab,ef6e4394caf11b5b81dbb0db2533f9f07f22bd74a5dd5e6484f4fa14dbead65a,"[0.45593205094337463,0.544067919254303]",0.544067919254303,0.5800000000000001,0,False
stage2_multiclass:F:5791,,,stage2_multiclass,5791,F,1,9cce490439b5a19a6aab38198c9e3bc6c0447fca51d5c1cb145085e45ae3eb8d,57fff1f8f7312da6cc25b3de9bdc369f459d35b23b96950162c58bfab0dced62,"[0.782544732093811,0.21745523810386658]",0.21745523810386658,0.5800000000000001,0,False
stage1_binary:N:111,,,stage1_binary,111,N,0,b3adbd725f1d6baff517d90d0bde572d4d072a6594e5504562399e1f79bc8e1b,e8a10719c8aada9e3d0f0f4248058615de2b103a4d940bdf1ba8113b0b9d71ad,"[0.5665748119354248,0.4334252178668976]",0.4334252178668976,0.5800000000000001,0,True
stage2_multiclass:V:639,,,stage2_multiclass,639,V,1,dfbd8fdac254347a3a37269dd805a969b851c626e62c94eece71a1f989830def,c9aa0e5a75b46728657cee19cb1c8d9db6ca9c1ff902529a78e6d39d74258a83,"[0.38025471568107605,0.6197452545166016]",0.6197452545166016,0.5800000000000001,1,True
stage2_multiclass:S:1471,,,stage2_multiclass,1471,S,1,dea55628a7fa98cbdbdb0edf6d006a2352b17ab6d51eeb51a20504bd623e185f,c92ed198abdf6aa67aa06642a4605f634f64adf70e5ba663a997440a90af3f26,"[0.86265629529953,0.13734371960163116]",0.13734371960163116,0.5800000000000001,0,False
stage2_multiclass:V:532,,,stage2_multiclass,532,V,1,0d85f344cd2036a2d9a54267eeddd23a4a80e29e49023ab418686ae6bc993633,4c97777a014a62e79b657c06fe9966471da0919b9fdb718245683a3ed9e546c5,"[0.9011865258216858,0.09881355613470078]",0.09881355613470078,0.5800000000000001,0,False
stage2_multiclass:F:4442,,,stage2_multiclass,4442,F,1,16d8f9b03c26c20abf0adc3006793c3fade08d83699884c48eb38f9c385e01b0,e4d849afed3832063bc31920313774ad31cc5340b732971356c9ac801d4384fd,"[0.49983999133110046,0.5001600384712219]",0.5001600384712219,0.5800000000000001,0,False
stage1_binary:N:63,,,stage1_binary,63,N,0,211fefe741c7b29c9a7d7e299a69c2d39d6975c0a5d61e461c77496ad19a5c76,63ea6bfd05e03995b8ef87bfe77c1664f52a40e3c7df1f58c88091a580b5a191,"[0.5803412795066833,0.41965875029563904]",0.41965875029563904,0.5800000000000001,0,True
stage2_multiclass:V:207,,,stage2_multiclass,207,V,1,80c5bafbef50ca68863f6e504fa78e70a853a4536bd71290286d950d57f70e83,344d5918b3874e6b7cc22c4beee32df2886b8ad28f17f297931e4340acad8c21,"[0.9203723669052124,0.079627625644207]",0.079627625644207,0.5800000000000001,0,False
stage2_multiclass:F:4348,,,stage2_multiclass,4348,F,1,89d0eb43c119d0f98bfc6c5089abb06bb9cfb63063483ab95808874dc9c45af1,2fca2198244492e27d8e7ca7186d043d5e09ad3d0efb4ea22f20deec0a018361,"[0.7404060363769531,0.2595939636230469]",0.2595939636230469,0.5800000000000001,0,False
stage2_multiclass:F:5865,,,stage2_multiclass,5865,F,1,d22a402ed51b9033f0e9f59a89dd588599833ac8daf527a56f1e747ca0e63298,03d3f060a8527de13277807a55dc0d787c55e433c59df1def486f6d7585ba518,"[0.38032543659210205,0.619674563407898]",0.619674563407898,0.5800000000000001,1,True
stage2_multiclass:S:5117,,,stage2_multiclass,5117,S,1,823e279d49521653b2c8cc14d53e6f9f64443f2368f584794184f8deb365868a,ed2f3d7e0b673566e294b4a4b4e7b96858b997588947b9a84aeb3b8a223d6989,"[0.8870169520378113,0.11298299580812454]",0.11298299580812454,0.5800000000000001,0,False
stage2_multiclass:V:604,,,stage2_multiclass,604,V,1,76a2d541d8d504e4bdb0c8d7d86523941b39f9cde9535ae38ed7cadf1a7ffa10,5648f9a6bb9efbee4a088d2f90d537d3914d3fef49eea9290ae822a8fe25b2e1,"[0.9115177989006042,0.08848216384649277]",0.08848216384649277,0.5800000000000001,0,False
stage2_multiclass:V:652,,,stage2_multiclass,652,V,1,b001597b53abd3e9b120698f06f43bda2d1c136658d77ae015f2be60e9b94747,4daa0c7dead154f371b2296c4d56aa4d8235fa43546e10e66b4a433068519ad1,"[0.9058959484100342,0.0941040962934494]",0.0941040962934494,0.5800000000000001,0,False
stage2_multiclass:F:4406,,,stage2_multiclass,4406,F,1,5f2d413910772ab642771021b10544e2db169fd0c31af96d309b29774d18af61,158176af3742052420064358ccd205f2cb837ab517334bfe0dd482cbfbfe3c3b,"[0.9366137981414795,0.06338625401258469]",0.06338625401258469,0.5800000000000001,0,False
stage2_multiclass:V:291,,,stage2_multiclass,291,V,1,28b62f2f9987ed772657b05ac811614bb81442055ce66478e8089cbe05fa1b5b,adcdb9082c170a6b2ecb3f5df49dcb70684fb4ba378bb7396e86ef23ce032497,"[0.75196373462677,0.24803632497787476]",0.24803632497787476,0.5800000000000001,0,False
stage2_multiclass:V:152,,,stage2_multiclass,152,V,1,f78f27850910e49fdc2502b4be81ffb18cea57d66eeb213edd43b54eb3892fef,a15dfa0262677808f6267ca2c3f01ba4841cc48dc4ccf7798ed3f8c3807aa66f,"[0.8267530202865601,0.1732470542192459]",0.1732470542192459,0.5800000000000001,0,False
stage2_multiclass:S:947,,,stage2_multiclass,947,S,1,dffd7af3164bedc7566c28bae7c8d8a43ef2311f73aea1bdee721fe7704a7370,b5130da5d5bb1424089bc3c14fe2c8ce8e60a527a6d0a4265de923caaa6ea4cc,"[0.805096447467804,0.19490359723567963]",0.19490359723567963,0.5800000000000001,0,False
stage2_multiclass:F:5840,,,stage2_multiclass,5840,F,1,e469ee4e45c45e98d578d113f8b635029deb6e4da57bcf5b881d0a737f2ac92d,b67ce9841be1f57d79a86130f36a5dcf12b4cc7e0de1f6760faa9e1118cf2970,"[0.6672802567481995,0.3327198028564453]",0.3327198028564453,0.5800000000000001,0,False
stage2_multiclass:S:3652,,,stage2_multiclass,3652,S,1,530806f166097fe01d41b3f91ee80e65ce0d0861cfd78686127fd870ded47f87,03cc1b7b176b514bec7265ade439f8bb1286ff0a2c84d01b012a55e90544ce0d,"[0.807330846786499,0.19266922771930695]",0.19266922771930695,0.5800000000000001,0,False
stage2_multiclass:F:4146,,,stage2_multiclass,4146,F,1,f8776f614a30536efa40db02757d870ddb59b013942a39cc1b482543295bcb49,35fa6215c6a9181816aa60ddb54353b1a4ef32b4c3309b792a00dbce4ca24ff5,"[0.4223383963108063,0.5776615738868713]",0.5776615738868713,0.5800000000000001,0,False
stage2_multiclass:S:5125,,,stage2_multiclass,5125,S,1,88a6cba6f5529e60e0ae7a4008097d66cde1c194a0cc89923a01d2b296335ed6,b85a3f056c3264e5042fb7371425b6cc9a5234c05863832337697528cb79e96b,"[0.9523313641548157,0.04766867682337761]",0.04766867682337761,0.5800000000000001,0,False
stage2_multiclass:F:4043,,,stage2_multiclass,4043,F,1,92c3f1a3b430bbb568ffcc8e340ef51a3a86d5649f432182dac30c129ad611dd,52dd903cfb60136e37965dfee3102b0a15cb3a60f51b7ddec5228816d21fb4d6,"[0.865007221698761,0.1349928230047226]",0.1349928230047226,0.5800000000000001,0,False
stage2_multiclass:S:2715,,,stage2_multiclass,2715,S,1,a4fac96c296e2ed8d229e3227fcb538f45373ed5be79bec54c1cdc41a923dafa,e21b286b08378171cef69e68d8f4a7f8084ecd8252b93f8855019fdeb1be0c99,"[0.7860366106033325,0.21396338939666748]",0.21396338939666748,0.5800000000000001,0,False
stage2_multiclass:F:5731,,,stage2_multiclass,5731,F,1,f5e53eb6217e7c130a1697e7819699a73e81edead7a456ac2406a6b1b1c52d13,64393fc6a589c9b61082bf3e467d0fd2c9dfb8069b3071d590d9fb9bdd13a626,"[0.9280449748039246,0.07195504009723663]",0.07195504009723663,0.5800000000000001,0,False
stage2_multiclass:F:4484,,,stage2_multiclass,4484,F,1,cff2743806ef26f785d5d6d9ac805631e8901d5f8a1f770f58bb0525a6c85574,ce148150d7b654eb5997233570f10e02f1ce14e33f2662891fdb87f81db7737c,"[0.783290445804596,0.21670956909656525]",0.21670956909656525,0.5800000000000001,0,False
stage2_multiclass:V:253,,,stage2_multiclass,253,V,1,a17f74bba7f171387688a1e2af9a346714b57305a7bb94b5fa512094ae9dab9d,ad705081f9bf5068c35a1a0e21c2d68baff5219f79e3f0e2fcaf4f3443ecb47e,"[0.8390024900436401,0.16099750995635986]",0.16099750995635986,0.5800000000000001,0,False
stage2_multiclass:V:574,,,stage2_multiclass,574,V,1,7353b9ab59e80694c214754adee9682f3acfe77a3e219cdf409c35c9b11fbd92,6e4530cf43fb0ead8132bf16804d132e085d7af45b0b8e203476cb82773fd553,"[0.43099725246429443,0.5690028071403503]",0.5690028071403503,0.5800000000000001,0,False
stage2_multiclass:F:3794,,,stage2_multiclass,3794,F,1,f14411a2cd95eadaa5b9176df9973403e8080a178d1b93d25cfbf2d44c05858b,899765ef76310747879c853b07472786b240b43fe5f2504cc001396521d656f7,"[0.46505284309387207,0.5349470973014832]",0.5349470973014832,0.5800000000000001,0,False
stage2_multiclass:F:3993,,,stage2_multiclass,3993,F,1,f94028d25a8a811032cf648464c324dfd3210eecdec876ca9352d28e3c5c3404,a29021363bc574cb40278734b77819978f6ef9524c7bc86e29cf2f81675db2d3,"[0.451178640127182,0.5488213300704956]",0.5488213300704956,0.5800000000000001,0,False
stage2_multiclass:F:3814,,,stage2_multiclass,3814,F,1,116d3f6c28ad08836d0fedcac4697c54ccc6091f6d371c363b380fb4e3cedd15,562b4b483767cb5c4cff867396955445a06da56f3ab71b98b13c6c8d556cb148,"[0.8440983295440674,0.15590165555477142]",0.15590165555477142,0.5800000000000001,0,False
stage2_multiclass:V:46,,,stage2_multiclass,46,V,1,3991043f0b642bf079e208cd9dbab45d2d6d7147e3a5c92d1c2b328ad0d9aa5f,f33e47af66dd7b5ade55cbc20cebe03cde4afb40d8be80c4b35f0c9278152b9a,"[0.44709154963493347,0.5529084205627441]",0.5529084205627441,0.5800000000000001,0,False
stage2_multiclass:S:2728,,,stage2_multiclass,2728,S,1,d05c550da66f4afa29ba757f0a7acf6aa79a47b3a88866e0bf8d77109a5b99db,4a2d7d24c43e4eee0ff04790f623bbc436347a0c2a123e940cbc2f2ed5567a6d,"[0.783571720123291,0.2164282500743866]",0.2164282500743866,0.5800000000000001,0,False
stage2_multiclass:F:5711,,,stage2_multiclass,5711,F,1,1c02b5e8516ae6b1ed567ecb2dde2f32a0e78d0b5026c0fd7bbc047cc8af8b2a,5ecbeff5c9360b4262f491427ebe106f35cfdd3eb2d38f5d63156fc00b8a2eee,"[0.4315190315246582,0.568480908870697]",0.568480908870697,0.5800000000000001,0,False
stage2_multiclass:F:4760,,,stage2_multiclass,4760,F,1,3fe1dd5dc281abb9051a54da640147c547c291a20dbf3e5e9a353e13caeb73be,8d5b571cece31c601bd922c58f29f5a335c83439d93bc650aed1004ec85d3b9b,"[0.46565142273902893,0.5343486070632935]",0.5343486070632935,0.5800000000000001,0,False
stage2_multiclass:F:5765,,,stage2_multiclass,5765,F,1,2e449920ec999fcd0010eb4ef03103499b0e009422a1ace0ad5b4869e03d9b18,e67ea37e0d622ef281276f9235e2df64a9665a8f21cdc1eb54d295d58ad0dc63,"[0.7373338937759399,0.26266613602638245]",0.26266613602638245,0.5800000000000001,0,False
stage2_multiclass:S:775,,,stage2_multiclass,775,S,1,d836356ee35b5022e4b5a96501ced57ae87531224c81a749b4ae12997e051d26,38a176f47ebd8799ca3f47ee35455100eb2007cbcba0424a454e9559755f0f42,"[0.7790729403495789,0.22092702984809875]",0.22092702984809875,0.5800000000000001,0,False
stage2_multiclass:S:2690,,,stage2_multiclass,2690,S,1,9252ba5badcf3c83647e550bb6fa58ac240d843664364726fda6af01ab19fe45,79008c7fc38241f83ac58ba6b0f8fb016b4b2b95102e98624c1a0ffa58ce2966,"[0.7762444019317627,0.22375555336475372]",0.22375555336475372,0.5800000000000001,0,False
stage2_multiclass:S:2732,,,stage2_multiclass,2732,S,1,5a404f537382fefacc860b5cad9b6f597b6118e72a20bfa4db008849bbaa88f1,7d6369e3ffd68ec462aa06740558d924a48965aa5fc3b6bbb37a704b6df78d39,"[0.7976928949356079,0.2023070603609085]",0.2023070603609085,0.5800000000000001,0,False
stage2_multiclass:S:912,,,stage2_multiclass,912,S,1,1383aee34b3f22dd23ddd9d863d934bc247b8ae615bfc6aef6cd29349277f21e,15a25e9a4448cb6d4e36381f2191ffce673e3fcff865769999519e4d58298189,"[0.6048809289932251,0.3951190710067749]",0.3951190710067749,0.5800000000000001,0,False
stage2_multiclass:S:2769,,,stage2_multiclass,2769,S,1,b8cf07d44d65ce9c7a9739f2ebc6226138038213e37fe4aa1dc7f7ae4a207941,e349f5a72f88aa3dae0218bb196b3856de36558f58374ae2f1ee42a99877226a,"[0.7837932705879211,0.21620672941207886]",0.21620672941207886,0.5800000000000001,0,False
stage2_multiclass:F:3288,,,stage2_multiclass,3288,F,1,24a5eb05bea9bdeeb2af4493aac1d5dac5424202db2724421543d4241e91ddf4,bab99ad8fa39f0392fff33b8dd8959a66ea035ab6750640765518079f2916797,"[0.8280900716781616,0.17190992832183838]",0.17190992832183838,0.5800000000000001,0,False
stage2_multiclass:F:5876,,,stage2_multiclass,5876,F,1,f47a867581ec864d74c030bc1c5e521503ad48c55a12d0ca139e8784ab0ba8af,5ec71401df8ecf77c104c3e2456006eeb29b76db6223fb02c76a03ca09ea1a2f,"[0.8345789909362793,0.1654210239648819]",0.1654210239648819,0.5800000000000001,0,False
stage1_binary:N:41,,,stage1_binary,41,N,0,42e31030f76b96231c7ca0011deabdab0b4682bec5d7ed24d21713498a3be489,9a93fd67930cb648f2b5d741d96ccc7f68be21f4267644b718e984945c7de944,"[0.5952545404434204,0.4047454297542572]",0.4047454297542572,0.5800000000000001,0,True
stage2_multiclass:V:493,,,stage2_multiclass,493,V,1,454ce2e586bcdbe7a456075f16e607438659eadf807d57bc8fd930beb81488dc,09d02432feb4f8aa244581727fc00b00089a3de439e2a76c2bce96ac713a231b,"[0.6011416912078857,0.39885830879211426]",0.39885830879211426,0.5800000000000001,0,False
stage2_multiclass:V:391,,,stage2_multiclass,391,V,1,e3f3e735f37b5f7bf2d02d2f75bae1a8e79332a9b49845a1dee1588c229ba84b,0af809f66922f5e506cc31fd2110f20ddf3dae6fbc232f56f10d2499ecb9e3cb,"[0.7793118953704834,0.2206881195306778]",0.2206881195306778,0.5800000000000001,0,False
stage2_multiclass:S:3589,,,stage2_multiclass,3589,S,1,ae3a5a04fa36b142059822c019b1419b6995740fd0854ec5aa92477f5b136e65,c55b0619b99a26ea53591d2aec9d08e7ccc9af292a3b276cbbedf0c06269a55e,"[0.6454103589057922,0.35458967089653015]",0.35458967089653015,0.5800000000000001,0,False
stage2_multiclass:F:5784,,,stage2_multiclass,5784,F,1,b103aed02e94283bb767de692341307b0d284c54c81f401dba6d67a102dd57fa,0d48f4e1be744e5f41f2918970630e0251b76660886781a1874f8ac92af318a5,"[0.39647895097732544,0.6035210490226746]",0.6035210490226746,0.5800000000000001,1,True
stage2_multiclass:V:414,,,stage2_multiclass,414,V,1,95a0cb429830b0fb16357b886cc831592a88b83bae67b31605ce3f91fbca8b58,f0d8f2e7f13f5de2a1bae1af2a0f41d9cf11737f5f4a6b527e3662f9eafd82e4,"[0.9000434279441833,0.09995661675930023]",0.09995661675930023,0.5800000000000001,0,False
stage2_multiclass:F:5783,,,stage2_multiclass,5783,F,1,2cc9d1afadb1babeea0cdda4e232ff5cbdae8bc580fc3b59932f27c7a9a3826f,94aaa2fb099bcf2b79dc2e4613364d2268b835e3d8804eaa4b0b5d58927fbd1e,"[0.7684004902839661,0.23159950971603394]",0.23159950971603394,0.5800000000000001,0,False
stage2_multiclass:F:4841,,,stage2_multiclass,4841,F,1,120718badea47696a9e5e89e1a3d41375927f50338ed1ec7a77c98810eb06a61,b26bbcecaf99faef5aa27d06a0bc78ed36359d8ca8c548dd72373e4179076d46,"[0.4489936828613281,0.5510063767433167]",0.5510063767433167,0.5800000000000001,0,False
stage2_multiclass:F:4150,,,stage2_multiclass,4150,F,1,444e59d7d34ce4ba82182a5b44c6b2c1c8f9addbc2efc5c1b1deee0e850b83f5,20c0eb031a300d7b60b314ad3fcb318ccc13a34432724b708dab68966e58c1aa,"[0.8557084202766418,0.14429154992103577]",0.14429154992103577,0.5800000000000001,0,False
stage2_multiclass:F:5651,,,stage2_multiclass,5651,F,1,42c244cb8363f5371b8cd4800effb116ed7d6b7b4569c7a918a213a93705f633,be549835c2b43ebd756c0b996e7b4cba0a1f16b88d8ef787ccbf0828a4b6b28e,"[0.7401227951049805,0.2598772346973419]",0.2598772346973419,0.5800000000000001,0,False
stage2_multiclass:V:614,,,stage2_multiclass,614,V,1,d661e0e65fe3cc2f1bac1bc59428717e903b97819bc6233f5cd22795f235471a,29ed2484d6027502a906fc33c6820fea0319c2cc2f37957b8b2bdcb6e79bbd81,"[0.4113873541355133,0.5886126160621643]",0.5886126160621643,0.5800000000000001,1,True
stage2_multiclass:S:5064,,,stage2_multiclass,5064,S,1,0c91aa54a0c07a17b125f7ace79596a92955578b8d38ffa3bf7d5e29735ebf74,ee9cd5002fb8f845505576cb1fb9145d671af6f940e8948352f8d14ab98d43bc,"[0.44138726592063904,0.5586127042770386]",0.5586127042770386,0.5800000000000001,0,False
stage2_multiclass:F:4809,,,stage2_multiclass,4809,F,1,d3ad1affff97b4b6a3907a46e4afd2b14971c0a48802585f66bb0b7a23a17135,02910c70242eed589e7a7432b597c6bb7c1b55aae7f0dc1feac19620fffc7ac2,"[0.8601882457733154,0.13981173932552338]",0.13981173932552338,0.5800000000000001,0,False
stage2_multiclass:F:4220,,,stage2_multiclass,4220,F,1,49153c5f0074124761e7c7e19c118b35974ade24ce6d6439af32604e2baf7c78,58bfc34ef3ac755981c8d9d03c856bf0752573c773ea6c28adf50056d85b861f,"[0.46432846784591675,0.5356714725494385]",0.5356714725494385,0.5800000000000001,0,False
stage2_multiclass:S:2777,,,stage2_multiclass,2777,S,1,087fc634ef980216fbc388652e522f2da3a86c01d3dc9b24e29a628e061cf24d,29c32473152dd4dcfcfd4f9d4eefe9e2f138b6b0fde8ba0111b98e826bb569d3,"[0.8553676009178162,0.14463241398334503]",0.14463241398334503,0.5800000000000001,0,False
stage2_multiclass:F:5989,,,stage2_multiclass,5989,F,1,f5bf078c8098c5994daac61c54e676557d63a1fd817c8fc1bf5bd94ad8b7569f,55f163149c374989442de67b749a16bf54906681b3e5e0b63f3350b18a33ba70,"[0.903455913066864,0.09654413163661957]",0.09654413163661957,0.5800000000000001,0,False
stage2_multiclass:S:2677,,,stage2_multiclass,2677,S,1,e91111bff164f567a0c3b2cb9512159f872f15a706a9fd35b89f7b0dc3a833f8,7080e5464c0ee6d22114423109eb88d97ea1448d8b2eefc2087a1d08d1d3ffa3,"[0.7913820147514343,0.20861802995204926]",0.20861802995204926,0.5800000000000001,0,False
stage1_binary:N:89,,,stage1_binary,89,N,0,4fc993c0cfae1505692dbdb2b483c702564417a5183e680e96daf5e90d8912d1,9531fbc2582f34a1521eb39e50fb1363d445dd6f8cf8d25a054a9cb7030659e5,"[0.5569718480110168,0.4430280923843384]",0.4430280923843384,0.5800000000000001,0,True
stage2_multiclass:F:1992,,,stage2_multiclass,1992,F,1,b408c8c593c89e1a25d38cbe51a9c12ac06ec25ddced5ac7ce2e7d56702fbb34,75b8c196c882ad7d5da75c182852cc5b1d54fc10e8091202c172a2f9267d7cf2,"[0.8360482454299927,0.1639517843723297]",0.1639517843723297,0.5800000000000001,0,False
stage2_multiclass:S:1488,,,stage2_multiclass,1488,S,1,961ca5729ce8abfb70850d48f27a4f1e10d3e46886cc4ee4df5b33b1df9397aa,2987a2d6836d68e4565368eb97b7857b798b7d83b19ce2e5ad041193b252accc,"[0.8563452959060669,0.14365465939044952]",0.14365465939044952,0.5800000000000001,0,False
stage2_multiclass:V:419,,,stage2_multiclass,419,V,1,f605cc31ba798f417c4858aeb68f80825ac9968036f92be4efe56f263f9b2da4,394b5389438098a4c4d1bb70996ff0a65afa4fd360abf874392759f2e1a8a0b2,"[0.9185167551040649,0.08148322999477386]",0.08148322999477386,0.5800000000000001,0,False
stage2_multiclass:S:5,,,stage2_multiclass,5,S,1,a1d1536ee9f95e2309c1bb7c6eaec6ff2690118b40ba9ee950f4968f5a3a92ac,082abfa0c05f10b2703d134a8b8725912f9d037285a555a42211d610f2f76850,"[0.5378955602645874,0.4621044397354126]",0.4621044397354126,0.5800000000000001,0,False
stage2_multiclass:F:3841,,,stage2_multiclass,3841,F,1,520a5e324b97dc2728e951d2e028b9b4b9b925771e5294011697582e862ff5de,3840629623afb33c41e020e09de1b282efabfa20971f88af8220cd01279627d3,"[0.456515908241272,0.5434840321540833]",0.5434840321540833,0.5800000000000001,0,False
stage2_multiclass:F:5857,,,stage2_multiclass,5857,F,1,b30efd7de5a7afaea5abbf08e4509e555173ce38caceb00e6166309f2c80cb2d,f27d1f93a9dd8d22ec4d870898a0c895914aa24c2d4dd7db01c7d76741cf05d7,"[0.8078195452690125,0.19218042492866516]",0.19218042492866516,0.5800000000000001,0,False
stage2_multiclass:S:1721,,,stage2_multiclass,1721,S,1,72690a212252e551eb802b26fc9b70a3a9ed11cddf41ca10d8b50cbd913bea9f,8eebee04981b6742f48d226d042e09a5f6d0a0cfdbba60e2690e3b34a67b4834,"[0.8772475123405457,0.12275251746177673]",0.12275251746177673,0.5800000000000001,0,False
stage2_multiclass:F:4472,,,stage2_multiclass,4472,F,1,007b9a523ab43cd9ff2da9acffa636129d1f3ce040629cddc383a2a58901a5e6,a28ddb371e66e61ab4e1b61f61eb455576c67dd92d4cea74be2f59e3a40c857c,"[0.8507184386253357,0.1492815613746643]",0.1492815613746643,0.5800000000000001,0,False
stage2_multiclass:F:4843,,,stage2_multiclass,4843,F,1,278a2b7f96fa4ecd231d1b05831710c4a29f20fb0b09b7c9034288ee0c6b45c8,3fd584ce61f7ca1df74cec87b263a8e1fcc90f805a23c1e9e79fa386feffa78b,"[0.8203997015953064,0.17960034310817719]",0.17960034310817719,0.5800000000000001,0,False
stage2_multiclass:V:439,,,stage2_multiclass,439,V,1,65e0a18deb3ff329176c6f1b6fcc10cbe8327e53a0a8980bd5d69fbeced2d6a2,dcb73cb97da6b313b20a04969cd77394f1c4809a7d11952e57e53ab1f7cc93a5,"[0.42995089292526245,0.5700491070747375]",0.5700491070747375,0.5800000000000001,0,False
stage1_binary:N:56,,,stage1_binary,56,N,0,5b9035ea77e4b47228fc1bcbbd649f8e3903cd3f14cbe701c6fa1770bfc9d292,d25492f22387a17545eac1d807b7738aa69b38d2021e5462abbbe15784d628de,"[0.6172401309013367,0.3827598989009857]",0.3827598989009857,0.5800000000000001,0,True
stage2_multiclass:F:3820,,,stage2_multiclass,3820,F,1,f260fd92df8a27663c9bc8b4dbae86742a6b987e533e136f6cf507163f62a413,0dc424da6de13e15b787fc18beb4304f99fa06136981873053e0420413b29f9c,"[0.8579055070877075,0.1420944631099701]",0.1420944631099701,0.5800000000000001,0,False
stage2_multiclass:S:3635,,,stage2_multiclass,3635,S,1,190977824d62355242297ed82994a4b980bc70b3fe76c5d894a0c8210370cf6f,e8896534a92d11f0d1a396e7149b9c2e5109cc1a9a06f7d777b6fa8f02a2266b,"[0.6149505972862244,0.385049432516098]",0.385049432516098,0.5800000000000001,0,False
stage2_multiclass:V:540,,,stage2_multiclass,540,V,1,43e3c14b51c059e6c94fa10697864e0bd6d2048815aa8c03efdd7984146f1117,4b804d88985392e77d4d0cdfd062abc8b654ec955d8553b1ed29f66b3cb68b6e,"[0.754967987537384,0.24503199756145477]",0.24503199756145477,0.5800000000000001,0,False
stage2_multiclass:S:3334,,,stage2_multiclass,3334,S,1,5a5386c9ae695844a08f81c16c9919ebfc178572c95bf34605db57865d828936,ebc3d8130cbebddc010fa8b6a2a9a29572035fb9e05dedca54cda53b4aa8b0b2,"[0.8352838754653931,0.16471615433692932]",0.16471615433692932,0.5800000000000001,0,False
stage1_binary:N:0,,,stage1_binary,0,N,0,63284acd9d394c3cb3c93adfbb926e046f5e5f9400cece0579e7e9fc33599332,129e517b0acdac174561974e20e47052999c44b61c19ad32bed327ae5e8ebcc8,"[0.5325812101364136,0.46741873025894165]",0.46741873025894165,0.5800000000000001,0,True
stage1_binary:N:97,,,stage1_binary,97,N,0,211a6e0ff8216dd3a76ceb4d75264d852de8fc005caba13fad7865362facdec5,ee8feac81c278e31c72ac9cce9c4dfc6c1375ee7b2578b42e25a7ee1cfe937e0,"[0.5327001810073853,0.46729981899261475]",0.46729981899261475,0.5800000000000001,0,True
stage2_multiclass:V:491,,,stage2_multiclass,491,V,1,bd1dc427cd62a5555f06694db9371468b2a7d80a3e069288f941e6b9bfbf5d19,f21ddb2d1ead5d10dcfcb70afac9b8626a61e7cf2e0349a264b92bb0beb3b3c2,"[0.51595139503479,0.48404863476753235]",0.48404863476753235,0.5800000000000001,0,False
stage2_multiclass:F:3985,,,stage2_multiclass,3985,F,1,b87a929674e1bab8f31ec8ca17d9380fa7a4ea7029601f0d9b7418a111a1fde4,bcc26e29a7b4c6f10a67307620df2618d774165f243ade0a6622ebe51f94b5e2,"[0.41410815715789795,0.5858919024467468]",0.5858919024467468,0.5800000000000001,1,True
stage2_multiclass:V:667,,,stage2_multiclass,667,V,1,abfd92bce5594a7d319c750f5a976f0b2b214b02f1320493382b433b48b1b1e3,bb0350196c37dddc3baa3e37ba623d5afbe717b5acaaf47c2b801e8ef1909d30,"[0.8275529742240906,0.1724471002817154]",0.1724471002817154,0.5800000000000001,0,False
stage2_multiclass:V:524,,,stage2_multiclass,524,V,1,43594e5dd0923e71571d1766396bff8237273f74b9d19f1fa6101a52e12b1d8e,8683ca75585e74f880973a28e0e5981a5aeef9d8eb165f6a962e8f2ddbf10130,"[0.9294748306274414,0.0705251693725586]",0.0705251693725586,0.5800000000000001,0,False
stage2_multiclass:V:216,,,stage2_multiclass,216,V,1,08cb804b26da2e9befcf2832e435ab4224d3b1194034a085020fc6f908fc6a14,138ebe8e461d67a64cc6bf9683b1c59881b116a0bcd4f3dc2e24642b340a1499,"[0.9169875979423523,0.0830124095082283]",0.0830124095082283,0.5800000000000001,0,False
stage2_multiclass:F:3838,,,stage2_multiclass,3838,F,1,8ba324f6f49209504efac2c77c8ef09059a5ed3030cad8d3f7905a633643b524,14ce5f27632d42a90ee6f7d13e814a1c91513112975723fc9e1c50be2e903557,"[0.8601616024971008,0.13983841240406036]",0.13983841240406036,0.5800000000000001,0,False
stage2_multiclass:V:615,,,stage2_multiclass,615,V,1,83965abf45a378695b6875ee5bc6ec028391e85860d61853a825c61c6c202d23,415e7b33562f1ddd86a0fd9c8f67b371a91251253f0bb1cc83121f4991275361,"[0.46367737650871277,0.5363225936889648]",0.5363225936889648,0.5800000000000001,0,False
stage2_multiclass:V:579,,,stage2_multiclass,579,V,1,5832159de5d1dfeed900ba971b67dd9ccd500c8ee04f75c4d36f7af93e63d008,799fa5f1d5ad885f899d4bd336ae16ae11cade955c95c732b43060b479a6a685,"[0.7730783224105835,0.2269216775894165]",0.2269216775894165,0.5800000000000001,0,False
stage2_multiclass:S:2713,,,stage2_multiclass,2713,S,1,b59a218bf643e64898ec0fa26cd42fe8d944b5c53f8c5c73f1af6064498963f5,485b44e06563564dbc4666ad4db487c24dce97e7d4eb4ae3e44fb38afd2db22c,"[0.8378498554229736,0.16215012967586517]",0.16215012967586517,0.5800000000000001,0,False
stage2_multiclass:F:4346,,,stage2_multiclass,4346,F,1,efcebfdd1589ea855e9a5667a20e9ab31bcdf1312118af590b1a3cecf0b6b62c,e60f8bfc98a64cf907b08be663d5096a6d7a3886ea83899b002404c056b648a8,"[0.5036535263061523,0.49634644389152527]",0.49634644389152527,0.5800000000000001,0,False
stage2_multiclass:V:273,,,stage2_multiclass,273,V,1,ebd6787a71a0d7731e793f7590750d3b6aba0e1e50e19c4fb55b1acb847514a2,0615d28f18fc2c76cbcb063a2aa71cfb162c2d3f238942ee9496c831574b09ae,"[0.8462600111961365,0.15373997390270233]",0.15373997390270233,0.5800000000000001,0,False
stage1_binary:N:102,,,stage1_binary,102,N,0,b2281c3b5cc52d05fc7e747e3fd20553f2d2c136d26b66c63e315f6d8a2fb826,9365a8ad85e097d37b00b6335f4a4484320f73888410cb2263991cd7e44d93bd,"[0.6092121005058289,0.3907879590988159]",0.3907879590988159,0.5800000000000001,0,True
stage2_multiclass:V:78,,,stage2_multiclass,78,V,1,83184fed0a92f7eb47427f658a4bfbbc7b8e7f611ea4e59f83a77236d821466f,c017158df329bd6e55caea2537d0b5c3330d3ef9d33d4840e4f0f2edd3625e5c,"[0.7473878264427185,0.2526121437549591]",0.2526121437549591,0.5800000000000001,0,False
stage2_multiclass:F:4142,,,stage2_multiclass,4142,F,1,5ecde0f33fe307fdb3697f7e49e77e7a71bde912950f48ba417a05d9a3871be3,8c924a1f1616924e1676e520af246aa79f2734e13cf72a59a18bdbac6d96d804,"[0.42186203598976135,0.578137993812561]",0.578137993812561,0.5800000000000001,0,False
stage2_multiclass:V:194,,,stage2_multiclass,194,V,1,ecab19451044931e00583eba77d1f01064ca92c22d4fbdc7901b5486a80abb5a,43ea224b407cee329beea5f266ddcd770c69a080da02697ba613d826bdc6eab7,"[0.9249820709228516,0.07501792907714844]",0.07501792907714844,0.5800000000000001,0,False
stage2_multiclass:F:4684,,,stage2_multiclass,4684,F,1,66ca6279338bd0e0f228122c0b41fd2982280bd6cf00c6085a1d3018057122c1,e37709a63957080db42f81dbb60a333b6de86a6c2331a8522f7b829e1858e0e2,"[0.43752482533454895,0.5624751448631287]",0.5624751448631287,0.5800000000000001,0,False
stage2_multiclass:S:732,,,stage2_multiclass,732,S,1,88f7f892c3ec4a1a05bb84b291855c8205a9ecd14dee62f1a3a7f535fdd644ec,d268ebb305680d0ddeb8e8f4f58541942ed968dfbda40368146855996afaf3a6,"[0.9464711546897888,0.053528860211372375]",0.053528860211372375,0.5800000000000001,0,False
stage2_multiclass:V:568,,,stage2_multiclass,568,V,1,695634731d0db894c93c69df4c4c919bec3e03f995fae8fa65ef2f498dc53135,32a4953361e59e19de9a37977577d35cf56ac3dc04e9ff4a0f47e00687955048,"[0.7791836857795715,0.22081635892391205]",0.22081635892391205,0.5800000000000001,0,False
stage2_multiclass:V:103,,,stage2_multiclass,103,V,1,e0fd2eca7a97bb6c9fc6c63fe6c4bf686d1c6cb1984a90a0521054377bbe8133,6f2a4e8c10b2699ffefe9a00dc3e2a5d825ecbc5ab85c0c57badd0f144f10d76,"[0.922940194606781,0.07705984264612198]",0.07705984264612198,0.5800000000000001,0,False
stage2_multiclass:V:150,,,stage2_multiclass,150,V,1,51737bc6ab8dad90d294db889c7e8d6b5b70031cacb9379ceb07946b6b76b69e,808154873569637b03516dfb345487f5ce5e9e96736c8f00ea0a07fe1d69f152,"[0.8329759836196899,0.16702400147914886]",0.16702400147914886,0.5800000000000001,0,False
stage2_multiclass:S:5065,,,stage2_multiclass,5065,S,1,633af63277560e0472f596eebd4a33d0d7a53ea7f234d608f152caf5c69a5d20,433a3a164a783c21c67d66e47e57f282b732a4fc93cffecdc9cfc9232584a7db,"[0.8969674110412598,0.10303258150815964]",0.10303258150815964,0.5800000000000001,0,False
stage2_multiclass:F:4773,,,stage2_multiclass,4773,F,1,7373997ee5d1d817688c060b389e6bf6102c610d83ea06ca5164ee35f1b6182f,a3d4b7e7754f4540e76909f4f39cc06649726fe3e4e5cb1e97b7346861cc456a,"[0.8490878343582153,0.15091216564178467]",0.15091216564178467,0.5800000000000001,0,False
stage2_multiclass:S:5124,,,stage2_multiclass,5124,S,1,4318da18953c47547e7c30f05c4147e4098ce4df2859d711e032d0e80fb3bd22,c49cd2e70f00586570e2074e702f83b8b6a383f257d1b66470e3e39465dea859,"[0.8686457276344299,0.13135428726673126]",0.13135428726673126,0.5800000000000001,0,False
stage2_multiclass:S:1491,,,stage2_multiclass,1491,S,1,e5a85897232f55c5e476d6e96213153f2b1a5d6bba92a00a38b61a4825192097,d44c0b4cbc63a782a012f43212a13463c218ac1b12bd70b69a9538ee93482f84,"[0.8676116466522217,0.13238836824893951]",0.13238836824893951,0.5800000000000001,0,False
stage1_binary:N:2,,,stage1_binary,2,N,0,816e5db1a2936b7b500e6f3b65c61820743b44b035ae736269612bc2e0cb5bd8,441f40639400020c22df6782909a7667da389a9f8401ce0e0349b6471d989f49,"[0.613242506980896,0.386757493019104]",0.386757493019104,0.5800000000000001,0,True
stage2_multiclass:F:5504,,,stage2_multiclass,5504,F,1,3e5e1e7b6b3e2ca4246e9d487a7b4d4a93c88e99605860e638e94d6ad49cfcb4,290fec3e05d4f1efa9924c11cb36524033bfc6be8ee2af50bd84ef296b1a6e2c,"[0.8251686096191406,0.17483142018318176]",0.17483142018318176,0.5800000000000001,0,False
stage2_multiclass:V:99,,,stage2_multiclass,99,V,1,7b4a54f1f0687644e62053a6528249faa3b6069b3a4749e620e4500ab509120f,a08de530f61969428f9204c9f37d1db3acb4828c466a156320ed5b58aa924842,"[0.9260419011116028,0.0739581361413002]",0.0739581361413002,0.5800000000000001,0,False
stage2_multiclass:S:2733,,,stage2_multiclass,2733,S,1,2258b248b303c06c9de20e6f385dabdb28dd9826293ee5dccb73c9e8a124b04f,f5c3a7f53d352fb9b32f2cb7ddf9352caa0919ad41e48437294b2d1afc9f57f3,"[0.7885006666183472,0.21149928867816925]",0.21149928867816925,0.5800000000000001,0,False
stage1_binary:N:98,,,stage1_binary,98,N,0,07ef98085c8d8468e1e6c16730ce491e8f14e62c39331a7f3b32adaad0a721ad,81824f610e1266b07b26d49ded126b72989a467e7b93ca88ad50f596a801ee54,"[0.6092309355735779,0.3907690942287445]",0.3907690942287445,0.5800000000000001,0,True
stage1_binary:N:113,,,stage1_binary,113,N,0,4f5b21e4bb4c75a4ee2c5389fc955dc4d1f7a09012e36df0c69d8d362f670187,f528ecf44ccfc1356bd6a9c156c47c859ba3a7c3d6958f7c562239e537b54fcd,"[0.5554670095443726,0.44453299045562744]",0.44453299045562744,0.5800000000000001,0,True
stage2_multiclass:S:2412,,,stage2_multiclass,2412,S,1,e10998872536f7b1840a560ea37c6857feda603c291a4d125363c06d9ccad2bd,afa305bd0fd0a3c0b33b27cb11cb084762d0ae795cc5de4a99f59ac1b69f93a6,"[0.8111475110054016,0.1888524293899536]",0.1888524293899536,0.5800000000000001,0,False
stage2_multiclass:F:4738,,,stage2_multiclass,4738,F,1,4595b6a910496d3038b1612625aa8388477940f21edaec47a775e7d3fa834586,c293e62231da4cf987e0e0aa74bb24ec1060765b1c06b3565875a292c6e75142,"[0.7148342728614807,0.2851657271385193]",0.2851657271385193,0.5800000000000001,0,False
stage2_multiclass:S:2678,,,stage2_multiclass,2678,S,1,58825621d0553a2c26b7c2ec90cdafc0dcaac76e539a7cfbeec29ada03e5fcd9,e8fb7e325b67b1078d9c9731bcb58434170b3e712bae30f0b8ca1437f5b3bb70,"[0.7996242642402649,0.2003757208585739]",0.2003757208585739,0.5800000000000001,0,False
stage2_multiclass:S:3631,,,stage2_multiclass,3631,S,1,89948db737ddc95e81bdb22bd65fdc016925e0ce6f46d59f40d53644a5c6165d,39381090f3a40740547387e77b51b97f48885930de5cc1577f23fd2b50311ea6,"[0.43306148052215576,0.5669385194778442]",0.5669385194778442,0.5800000000000001,0,False
stage2_multiclass:F:4737,,,stage2_multiclass,4737,F,1,b0cff4149fbcdb5de2668814fdf66bd044bdeeed2784197a4e7d6f157393151a,60c4044527174eef0398bd5d2d2097da9a5d1d87ae700a8da9f20837b444adcd,"[0.8455489277839661,0.15445107221603394]",0.15445107221603394,0.5800000000000001,0,False
stage2_multiclass:S:5085,,,stage2_multiclass,5085,S,1,63bae0d14af028dbc8a66d0590892668007e9d15011b9b0486cbdab970aee81c,138a45f83a6d7d04d4c8a93d6d3b01e347f0154b9897eeb3aa260a2ecbbffe25,"[0.8775660395622253,0.12243397533893585]",0.12243397533893585,0.5800000000000001,0,False
stage2_multiclass:S:3587,,,stage2_multiclass,3587,S,1,77709879cdc02d7edd931f68b3dd8b7ab664d6cf32f60309f5c15d8385d3a85a,9acacc34f7f391ef6e143ae1e517bfdb6e36af0a4935eb89a8915530fc4fcdd0,"[0.8034795522689819,0.19652044773101807]",0.19652044773101807,0.5800000000000001,0,False
stage2_multiclass:F:3960,,,stage2_multiclass,3960,F,1,5e8df8bdc7b614973d2631080e57f576c06f6b448cd195ace85dff473e7a0cb5,4e8d858b3b57d84940dc55cc8d25d0fd6e83e47533b6fdd6629ec8bd807742e8,"[0.4249015748500824,0.57509845495224]",0.57509845495224,0.5800000000000001,0,False
stage2_multiclass:F:4224,,,stage2_multiclass,4224,F,1,17d408b62aa740f5222ef5111c0985b92d3faf636a04550aa8ff35b8dbffd560,ea8fe29bba624559e52daf288acf3efac7b5660c946fdac9df037405bfe6f581,"[0.8557795882225037,0.14422044157981873]",0.14422044157981873,0.5800000000000001,0,False
stage2_multiclass:V:182,,,stage2_multiclass,182,V,1,5aadcc1f6250a86d2e748e9e821a7728d976e12e6db1abd6524569872e3f36cf,0eb7a86eef34b03e584568eed03826aa6f3b672817b49f376975aa1e61fb2792,"[0.8627234101295471,0.13727661967277527]",0.13727661967277527,0.5800000000000001,0,False
stage2_multiclass:S:2758,,,stage2_multiclass,2758,S,1,e2f9b457823aaa12e52fc0a8c37837dd8069c321a680419ace5937d60f892bf7,45c65c47ac41e7fda9d70bc2d222b38ffe90209e12b9550b0e91e3a4e29b724e,"[0.7930598258972168,0.2069401890039444]",0.2069401890039444,0.5800000000000001,0,False
stage2_multiclass:V:332,,,stage2_multiclass,332,V,1,e9aa8209839a4fbb0eb327a76415ea10ab8ef1b9baca24bfed274f6125b588c3,482b2e0b5cf06bbd9d4ec7132379b7b4acecd2c5afa73fa65c086832e1d738e2,"[0.8418874740600586,0.15811249613761902]",0.15811249613761902,0.5800000000000001,0,False
stage2_multiclass:S:5090,,,stage2_multiclass,5090,S,1,e25c5204399c2ddc2c83b4aa9ae55a716b2c9b9169c08932a32e9742cc13e2f5,68c9fb52d0a4b4d83ee35d061a30edcb55dbaa4ce3277ae675a898c385734014,"[0.8712880611419678,0.128711998462677]",0.128711998462677,0.5800000000000001,0,False
stage2_multiclass:F:3725,,,stage2_multiclass,3725,F,1,081f07538dfbe951de560b55c6fe4c8d155d4420f591a673def323ae8a5c34fb,59108926d9ba11690b8070eb0ff28ca965bdb670a8c13f4eee4c73ef6fa53d26,"[0.8515474200248718,0.14845256507396698]",0.14845256507396698,0.5800000000000001,0,False
stage2_multiclass:F:5887,,,stage2_multiclass,5887,F,1,25431bbd14a01e553cb99cfd06a1dc5c6ebb60737e50d412021bb13ccbe766c1,28cde7119b08ee2390bd36f413e0dbc9c5de0a10e5a1f6cc5ca0f037055aa631,"[0.9296356439590454,0.0703643336892128]",0.0703643336892128,0.5800000000000001,0,False
stage2_multiclass:S:2681,,,stage2_multiclass,2681,S,1,c9c41f64566b250c6a3e88f6f9b4f063cf9c862f68dec62aa03082783f98cbb2,1f39e4f98f8ad32fb3d9de8e85982906a66aed9fdd1c91ff3645514dbe52d0ca,"[0.7317551374435425,0.26824483275413513]",0.26824483275413513,0.5800000000000001,0,False
stage2_multiclass:F:3296,,,stage2_multiclass,3296,F,1,e30501cf1a5b42929397ffc29e8b1aadc064119fb4dafa80a80ebcaf70afddb2,a8d3fa47c38e7682cb9e89a3980280ce498977a56736f9ee87b0b54aab94052f,"[0.8418161869049072,0.15818387269973755]",0.15818387269973755,0.5800000000000001,0,False
stage2_multiclass:V:634,,,stage2_multiclass,634,V,1,bd07c3369f82fb6eb6dbde5181361ae21a3a29fecd9a5d2b4e76a6d8321b9f06,e7f12ce84a6fd60be394f826a17f37209fa3d0f675c44e5a34604da6a3cb02d4,"[0.5437578558921814,0.4562422037124634]",0.4562422037124634,0.5800000000000001,0,False
stage2_multiclass:F:3790,,,stage2_multiclass,3790,F,1,3d1e2dad18c8a3ea7d6dc2714bc5518281cd54be2e84f37d82814c1fc6d079c6,c1f6c5ab6fc739ad9c9c437862d8c6fd626a640a8ae161a312877e14dcc18ea6,"[0.3875522315502167,0.6124477386474609]",0.6124477386474609,0.5800000000000001,1,True
stage2_multiclass:F:4535,,,stage2_multiclass,4535,F,1,7ef9e032b88ebfa444fc016022be527bc5df93d7ac20ed4aa1ab1f5e2fc5698c,fa6436374b2ff2619cbabde1a424d2313178350fc19070e6a864d3efbdffbdb3,"[0.5288223028182983,0.47117769718170166]",0.47117769718170166,0.5800000000000001,0,False
stage2_multiclass:F:3293,,,stage2_multiclass,3293,F,1,54a1970089e54ece8e0bc9557d6c6edb1d6f7f13539c11090800d9f1826d8e51,466199328be7712703b706b994e692d10170a33cbc69b2d7f46d1197b46c7e50,"[0.8344525694847107,0.1655474305152893]",0.1655474305152893,0.5800000000000001,0,False
stage2_multiclass:S:5121,,,stage2_multiclass,5121,S,1,d2bdb5ed185103b08b23f3e8383015f2b26b52391d7579845c74da2a82223e01,8d0b4296dc235671f08c3d7c73893a53bbb09551d91f7a30de2f478131ab8478,"[0.8841871619224548,0.11581282317638397]",0.11581282317638397,0.5800000000000001,0,False
stage2_multiclass:S:3648,,,stage2_multiclass,3648,S,1,e6514852640c7629014f6037ed6fefe3e47481204454e1459c9b222718367430,ce56db95bb6b7078f44e48a335c482ff63346cebd2fd14cfddf5b6f1074cfdfe,"[0.5811656713485718,0.41883429884910583]",0.41883429884910583,0.5800000000000001,0,False
stage2_multiclass:V:175,,,stage2_multiclass,175,V,1,3ea1ef0d9c52450f5197423ee0317eb54e25123e80d35634256bb4428c75c13e,ef3011a462a3b85292c9bdc042b004cdcd734bac083dbb81c94adb78ba60afe0,"[0.8483421206474304,0.15165787935256958]",0.15165787935256958,0.5800000000000001,0,False
stage1_binary:N:12,,,stage1_binary,12,N,0,d4f94a14bfa43ddad135149953d13b40b08fc8065bbe1252471b0d3d3c216e86,76be6920fc92cbec9fba6b9bde18079167c276e23205a3dff14f061d3fedf50b,"[0.6049307584762573,0.3950692415237427]",0.3950692415237427,0.5800000000000001,0,True
stage2_multiclass:V:514,,,stage2_multiclass,514,V,1,048ed24c6c994b51bb6cd41b74b26f8fdd668669a381c62fc939daac4cf21d6f,08b70bf4f0f267a31a8341f0703cbea28d2425a295e672dfef851cb2c4fe9131,"[0.654912531375885,0.345087468624115]",0.345087468624115,0.5800000000000001,0,False
stage2_multiclass:F:5786,,,stage2_multiclass,5786,F,1,ae99bda7a19ad9d9a53f368cbc666b8a61c99b7fc91f55ccaff257f8de4fcbe9,e84efb1a24d9f81a8cf00d95ba8cdb29bdfcce060e51a5a518651ab8579cc386,"[0.408933162689209,0.5910668969154358]",0.5910668969154358,0.5800000000000001,1,True
stage2_multiclass:F:4258,,,stage2_multiclass,4258,F,1,cf48717496f1de50e4a872da207a995fb280b8ca6fed03d2e01fa4fcff07b811,53c7e7bd5c7e35907586bbd83e5c5ab484366b45b58d85542f1ae257d8781d58,"[0.3739502727985382,0.6260496973991394]",0.6260496973991394,0.5800000000000001,1,True
stage2_multiclass:S:3625,,,stage2_multiclass,3625,S,1,c9336082d525a1e6791e7c8f1db015581abd9c0ae2ac3e729b12933ace8de7b9,94f10ee8bd5d479fa13dd19fdb52cc0f31e619d56b63aaf96487e6ebed7cd99e,"[0.8024397492408752,0.19756022095680237]",0.19756022095680237,0.5800000000000001,0,False
stage2_multiclass:V:433,,,stage2_multiclass,433,V,1,d4262f739ead716596521005f8e7e9056cdc1929f89483014bfc7c1abcdc8262,46ad9f761507e97ae0311a3af763a85e5b8cbc837b34e128033d754ad15ba3ed,"[0.6372780203819275,0.3627219498157501]",0.3627219498157501,0.5800000000000001,0,False
stage2_multiclass:S:2587,,,stage2_multiclass,2587,S,1,42cca69313adf53e0620bd64a2a9d28cc8882660865fe44df96a174fc4991560,2ff0e003f78cff219759dc736c7977281e9b87814d6ee19caa190896f569a5fa,"[0.7803095579147339,0.2196904569864273]",0.2196904569864273,0.5800000000000001,0,False
stage2_multiclass:F:1493,,,stage2_multiclass,1493,F,1,0ccc2d545aa04af675adae54d069a0fbb88d37e1e57ff617d159f93b62c84cb8,b6b2810cb558ddb3253eb4fb8779c9c244b4f433e53d34d45751a2a33499278b,"[0.8533938527107239,0.1466061919927597]",0.1466061919927597,0.5800000000000001,0,False
stage2_multiclass:V:575,,,stage2_multiclass,575,V,1,1d74567ee43f2300080ce7161b8a36a13ed1ee127414b53f00300276cf4fa552,d3b026bedc44448ef1327e8df90e0886933fecb94a6bc8590d9791e744090fc0,"[0.6033436059951782,0.39665642380714417]",0.39665642380714417,0.5800000000000001,0,False
stage2_multiclass:S:5056,,,stage2_multiclass,5056,S,1,73e66ce768369b90b844d59dc42fa9a6b5d1430cea824c4ca6bef9b2a447e89a,ce852d20d34502048864da08871aeda6fe93085cb4fda5b5c268fc2c4c563d9d,"[0.9170938730239868,0.08290615677833557]",0.08290615677833557,0.5800000000000001,0,False
stage2_multiclass:S:5068,,,stage2_multiclass,5068,S,1,703185f2bfaf69998f1caba15bdd2b86a70513aca2d90b0fffc3e3042a4b4193,0f8246b3c2b8c10044521dcc69be4cbbaf25cdcf4743eab983e0bdaeeaefa72e,"[0.8917050361633301,0.10829497873783112]",0.10829497873783112,0.5800000000000001,0,False
stage1_binary:N:69,,,stage1_binary,69,N,0,01e0f0e2df79646e09315f560ad47cf7acce1cdfa756d250289c90b80b6bd491,bf5913472462497c05922b0eea7d04b61a97ca5105085531ff7d2a81bb4a990e,"[0.5876556634902954,0.412344366312027]",0.412344366312027,0.5800000000000001,0,True
stage2_multiclass:V:133,,,stage2_multiclass,133,V,1,00188f3bfcdffefdf0a25bddb6cd12e3eedf57cf699ed71c37c524fb15d0cc25,caaeceb4847b0a730c0f220467305e7cdc015a7f4c6088a4b118ecf39b0010f5,"[0.4173535406589508,0.5826464295387268]",0.5826464295387268,0.5800000000000001,1,True
stage2_multiclass:S:959,,,stage2_multiclass,959,S,1,566e9d9f7be23a2e1c32e7e15ad619a3f96ed5dab501428e2614f83738b42bb8,d694cb205e6d654288f6770ed34786b76c7d795e1d16787b6932f12578b67952,"[0.7834159731864929,0.21658408641815186]",0.21658408641815186,0.5800000000000001,0,False
stage2_multiclass:V:374,,,stage2_multiclass,374,V,1,285bc684e19a0ae0675be63036e4a74a34007a66a03fb3e0e97aa74e5628f2de,8ef34f2f0e82855f934c426d31a6999aa9653765eada11cd0156cb5651468d2c,"[0.7138009071350098,0.28619909286499023]",0.28619909286499023,0.5800000000000001,0,False
stage2_multiclass:V:145,,,stage2_multiclass,145,V,1,f3aad9d60300e6ef15e8916ee320fdb28b8c2fa1af04263f58513040c0cdb948,21bf7ad09262a373e028bbb4760ae5c68c511fd4022793388ac8dadad21eef5f,"[0.7343084812164307,0.26569151878356934]",0.26569151878356934,0.5800000000000001,0,False
stage2_multiclass:F:5776,,,stage2_multiclass,5776,F,1,74635ab4491a854711824e034ad49cd0332dd8b7e93ce6e9423770b83a40e3f6,78fbab3849d9d4da3e77f8be5a5b83988740d9e6b3672110ce240cf186a73c7a,"[0.795510470867157,0.20448949933052063]",0.20448949933052063,0.5800000000000001,0,False
stage2_multiclass:S:2590,,,stage2_multiclass,2590,S,1,46f59d740af84f05fc021e9ccb2d1dc9a8cb9a527c35db24db3a827626782367,5250da80379007699b5a08f317840d42a915aafb4c4365a594e00ccfb8276dc4,"[0.7837958335876465,0.21620412170886993]",0.21620412170886993,0.5800000000000001,0,False
stage2_multiclass:S:5096,,,stage2_multiclass,5096,S,1,bd4fea2e869642c8cf49dd115c7d7216355741688380bebdf0d33a293f62c470,aa235f2a170244126a83246ab1e49901d78ecfa880fc238082412def913976c8,"[0.8919309377670288,0.1080690249800682]",0.1080690249800682,0.5800000000000001,0,False
stage2_multiclass:F:4314,,,stage2_multiclass,4314,F,1,279d15d8e66acf1539779e2995d7b88249f35730eb677c46f1c0f8fd50dc8695,9270092f854844b6d0c6f26efb815dcb5ea672ef94af458dec8badfe2b748770,"[0.43923547863960266,0.5607645511627197]",0.5607645511627197,0.5800000000000001,0,False
stage1_binary:N:62,,,stage1_binary,62,N,0,304405ebd6043aa6f65e1aebc08e9be4b31eef42612d828d3b241f4af5a260ad,562efdf6ef6272529874b20a8cd9612543c08fe87407d68f9ba145a1cc1ef826,"[0.5960564613342285,0.4039435386657715]",0.4039435386657715,0.5800000000000001,0,True
stage2_multiclass:F:4168,,,stage2_multiclass,4168,F,1,7e8ecb52128631c3f8b532db5b01aa0e286abc0f29d68f4e946ad5f9a43e847d,02eacb3039b89b38171d2571b62d0deae67182b1a5d58271418412324c6e7a57,"[0.8512652516365051,0.14873473346233368]",0.14873473346233368,0.5800000000000001,0,False
stage2_multiclass:F:5748,,,stage2_multiclass,5748,F,1,e7f2943a66a18061ef8b4b4c8b59f514c851dd87d920efcc5765a34a9eb333a5,3932180853c97dd1ab7a45450d047260dad8514b8b0e5bfc52a4a13e7768c671,"[0.702357292175293,0.29764270782470703]",0.29764270782470703,0.5800000000000001,0,False
stage2_multiclass:F:4416,,,stage2_multiclass,4416,F,1,aa8a7d66895cb2b88e016b9967db9fd52a94057f734f48c01c69556c60db1579,91e70ed4d276eb6414e01c9d236bb01f488a78d3222ca51ec7b1f7a6d78a747a,"[0.41883584856987,0.5811642408370972]",0.5811642408370972,0.5800000000000001,1,True
stage2_multiclass:F:3910,,,stage2_multiclass,3910,F,1,e9563284122d8c723b8aead3f9e91f4e64ae86abac7160050cf95df2e50326fb,0facbd26bd03f229b9e3b163826bd7590caade154497dc5994ebe9760ab14a42,"[0.8510891795158386,0.14891085028648376]",0.14891085028648376,0.5800000000000001,0,False
stage2_multiclass:V:314,,,stage2_multiclass,314,V,1,f449cc2709a6abd3755b947ad98fae7f9978898c419f26fd64b131727e1cdb49,c6bd9dfb35b5edc6b9432d527dc6544a3f2c43c43aae5f974c53632d86629cdb,"[0.4937793016433716,0.5062206983566284]",0.5062206983566284,0.5800000000000001,0,False
stage2_multiclass:S:0,,,stage2_multiclass,0,S,1,94d09468e23550e4cc03152627b0a9a676ae046e639d9e920340986e6c69c60a,096cd1d9025092bf5a2aecbc10e85526962e95826b990eb6e207aead50a047bf,"[0.5872204899787903,0.41277948021888733]",0.41277948021888733,0.5800000000000001,0,False
stage2_multiclass:F:4795,,,stage2_multiclass,4795,F,1,859b956a1fb9a8b320f60983b7672a861d56a4c830c691fc9ed48a6de078803e,ddbe6ccaf3454133b879f201d5ade459095893684c9bd29746f556bf46be9c79,"[0.42475348711013794,0.5752465128898621]",0.5752465128898621,0.5800000000000001,0,False
stage2_multiclass:S:5095,,,stage2_multiclass,5095,S,1,592c70b920cf99df87e6e78e12ef7baa5e6f39223b22d6be3e8a6f6a58865d0d,674d48f4f04c23f5eb873781d3c9be3ef0db7aaf323cacc7dcd45e4c1ccae768,"[0.9490616917610168,0.05093830078840256]",0.05093830078840256,0.5800000000000001,0,False
stage2_multiclass:V:613,,,stage2_multiclass,613,V,1,7005dbbd49701a56e50184266ba8e45ebe43d4e2185cb1208907e1fd94b115fb,b8d416523778695e3f44bc1f86bf79dcdf38be6697157c82d391621a698262c2,"[0.5230094790458679,0.4769904911518097]",0.4769904911518097,0.5800000000000001,0,False
stage1_binary:N:30,,,stage1_binary,30,N,0,4b76d7543bc397468a8c787ee52605ee2fb585ada830aad7a0011b1d5158c8ce,09988ed272b36a91e72c809c46f82f91048d6a5b496a3bab21228648d92382e2,"[0.6001032590866089,0.39989668130874634]",0.39989668130874634,0.5800000000000001,0,True
stage2_multiclass:F:5749,,,stage2_multiclass,5749,F,1,7aa88cb29dd542cb45abd645a3958a059d550725dcb028ae798a812ce481d484,1859ceb162219c2dee3bbd2c58c2fd0d5a995d08ebb645a8d16adcfd278e6e0b,"[0.43278899788856506,0.5672109723091125]",0.5672109723091125,0.5800000000000001,0,False
stage2_multiclass:F:5833,,,stage2_multiclass,5833,F,1,764e92c759fccf4b3ee6263d9499eaf0f7982e10382a519bba665b325e85e49c,6e1f82f31fdefa82515f9c403c9a48444a161a4c70bd4d87ee1fd3acbe5ce45a,"[0.7632362246513367,0.23676379024982452]",0.23676379024982452,0.5800000000000001,0,False
stage2_multiclass:F:5943,,,stage2_multiclass,5943,F,1,37f3470562ab8e806e99fb007b6ec8b273530214f421547f6bb7fc71b07e8507,3926b0f5e7df38a725e4269dbe967a5cd1174b9f7249025b257564bd0d3a8a75,"[0.3779706060886383,0.6220294237136841]",0.6220294237136841,0.5800000000000001,1,True
stage2_multiclass:V:448,,,stage2_multiclass,448,V,1,b11fbf492c8677e724f8110490c7964e6c02a369d8440341cc91f05e46f991e7,f20bd464695e0a97445bc82b2ce5723c39377d317891714ac6ffc40af1421f82,"[0.7728533744812012,0.22714656591415405]",0.22714656591415405,0.5800000000000001,0,False
stage2_multiclass:V:261,,,stage2_multiclass,261,V,1,a40770bb97ad3b95119528eb0885c5d577a3b4a413ed470f0ddc332e9806cb7e,cd4d394e2141f98df6ce10746535a386ff50b9baaa9bfb0c6e135283b55155d3,"[0.8137778043746948,0.1862221658229828]",0.1862221658229828,0.5800000000000001,0,False
stage2_multiclass:S:2790,,,stage2_multiclass,2790,S,1,373be2a461b30cdb26dfebd274ff9b7e48dcd8d94f0af538a81a584b27ab2593,690a5c3c51030a94e9e90983387d8725ea505f20d8f4e22b118b893abca1bbee,"[0.7783838510513306,0.22161611914634705]",0.22161611914634705,0.5800000000000001,0,False
stage2_multiclass:V:409,,,stage2_multiclass,409,V,1,15fea327e5f606f192ad4a6ca077582e1f91c8bc5b2f760f3671543d9125b3c9,0d739539f3a00249e8cd051fa4429017f4a274fee762a1770af44dc980db2c1c,"[0.8755624294281006,0.12443749606609344]",0.12443749606609344,0.5800000000000001,0,False
stage2_multiclass:S:2807,,,stage2_multiclass,2807,S,1,e3b730265cc33336664ed6608f70f53986bd5e0ac8b2ef198622f026e9f7ae9a,3777999411856c91ce75c56bb5d08fdb6f5afc450882cf5764125f89068d6fcf,"[0.8207722306251526,0.179227814078331]",0.179227814078331,0.5800000000000001,0,False
stage2_multiclass:V:87,,,stage2_multiclass,87,V,1,a53e2ca33a1f0850d0fd691989ea7bad8ec5ff41b02049e0f1e9ebe56097d1a7,b033becacbfc9b481037b0268ce133acad7ca87cdc7aa045574b31aa631d31be,"[0.8476856350898743,0.15231439471244812]",0.15231439471244812,0.5800000000000001,0,False
stage2_multiclass:V:591,,,stage2_multiclass,591,V,1,556e28ddfbc78556fa60d936a3d662fa871d11f8da66d744c2d72c659c3b1871,a958d486ede677d277d96f7aba39d7e995b5161267f93da04a65fde2f322a563,"[0.9334236979484558,0.06657629460096359]",0.06657629460096359,0.5800000000000001,0,False
stage2_multiclass:F:5964,,,stage2_multiclass,5964,F,1,ad8e611628c9b3ff0145319185a92b682cd3f7a5d544564d5afc5524984fa452,0b4d2b6500d1b0b73497a0b4fb9f28740fc63a0b92af4f2011d6fb612b630d66,"[0.7208749651908875,0.27912503480911255]",0.27912503480911255,0.5800000000000001,0,False
stage2_multiclass:F:3947,,,stage2_multiclass,3947,F,1,edef37887129aabb57d248cd39299a51900c4250a22c561450d448b8e4ad7c5e,8fdecbc976be55447a2c92db1fcd2983f8bfbf0bb2c99c8fbaf2f42eb893113f,"[0.42241495847702026,0.5775850415229797]",0.5775850415229797,0.5800000000000001,0,False
stage2_multiclass:V:215,,,stage2_multiclass,215,V,1,1879055e11d5af54e70311367ac520fc401841b5ff8efb31a954a93f823fbe34,8f59a37ce40eeaa458023b8de0dc0e035f8ed6914cb067361347b8619eefcb38,"[0.9238590598106384,0.07614089548587799]",0.07614089548587799,0.5800000000000001,0,False
stage2_multiclass:S:29,,,stage2_multiclass,29,S,1,611b505fcbf0eece00f49ad930bad29ad3891e1544fb7430f4c65ca75af4eb3f,0ef092ded65ccd4c9eacbfa9b707b07c8cf24f40fc4d6b847520f6a7799aab4e,"[0.5803607702255249,0.4196392595767975]",0.4196392595767975,0.5800000000000001,0,False
stage2_multiclass:F:3786,,,stage2_multiclass,3786,F,1,294044e72eba2dad4f49d2e8815470e861947f34fe089028f17a4952917241ee,a54feab3ada5eaaaf14145d70aa58694bc2ff27c28f88e60ead623651a252184,"[0.8555746078491211,0.14442533254623413]",0.14442533254623413,0.5800000000000001,0,False
stage1_binary:N:7,,,stage1_binary,7,N,0,7c27c8c5c31671aeccd356c6d64a6f09efaac2d48c8428c9013fce365636044d,1da724fce522ab18bc2dc7d12342500239dd385d71e065fe6489af819de8508f,"[0.5602819323539734,0.439718097448349]",0.439718097448349,0.5800000000000001,0,True
stage2_multiclass:S:5053,,,stage2_multiclass,5053,S,1,7804bb53085c4c21fb649480a2bc8f3d295a239ec64955306008f9d11c556a9a,e731945bface39eb5656603e5c0994d705b420fa198ce14d5ee1d6244fed8e4b,"[0.9160980582237244,0.08390193432569504]",0.08390193432569504,0.5800000000000001,0,False
stage2_multiclass:S:995,,,stage2_multiclass,995,S,1,79272a9ea8fb83452c624310ba763069b50d525dd92937b2fc0c763099622ab9,aaea6431d137089ae35d33356cb073405c137178a4e6ad31f108293445055d9b,"[0.7111323475837708,0.28886762261390686]",0.28886762261390686,0.5800000000000001,0,False
stage2_multiclass:F:4288,,,stage2_multiclass,4288,F,1,a663e4886685fc519ec90c222c5c64cd52f98b6dad45ff58915414107ad0e86c,3f14adeb67c58dfe291d5f0aebc245566ec075d47a45abdebe16ee5fe43f333a,"[0.8733315467834473,0.12666849792003632]",0.12666849792003632,0.5800000000000001,0,False
stage2_multiclass:F:3734,,,stage2_multiclass,3734,F,1,7b9821a8a113b348acda961b3d527d01a286ab56f25d48482b99e67cefa2dba1,9d5ad0aa1de1c7c36f0bf710d70b6b2ecb0abe316bab8b26de04446d9c209e0e,"[0.8707675337791443,0.12923242151737213]",0.12923242151737213,0.5800000000000001,0,False
stage2_multiclass:V:89,,,stage2_multiclass,89,V,1,ff0bd76a56335433fe01ce3378295d7634186eb232229bc2f64039f04fa50b68,e75799e500a73bb840e1c66539cac61c924e8e3078d68cd1b1ad2901fc812257,"[0.8625873923301697,0.1374126374721527]",0.1374126374721527,0.5800000000000001,0,False
stage2_multiclass:V:662,,,stage2_multiclass,662,V,1,d3c937abc68110628f9c022c240075d96dd9b1dd74fc51fc077b5d2b7130f935,e2b2d4af028f5c9b87fb3758e844f11342e1df86f4a4d5aafcfeea1ba279aebc,"[0.6017624139785767,0.39823752641677856]",0.39823752641677856,0.5800000000000001,0,False
stage2_multiclass:V:625,,,stage2_multiclass,625,V,1,29c41ea3da41b6ffd75ad15a4c67050b69812a527df282b3b8a4f245126420e7,2f55537ca93af16d10a6e1f634b0efe746f9a5d61d2889b69186a040d6f3eca2,"[0.5183473229408264,0.4816526770591736]",0.4816526770591736,0.5800000000000001,0,False
stage2_multiclass:V:229,,,stage2_multiclass,229,V,1,6a5ade496b102eaab81719f7e648dee685d1e22a9e28c8a5810923a328512acb,60ba4678db860a167deac09d31b01631b6cb3897e5762120cac90680e34491fc,"[0.914851188659668,0.08514881134033203]",0.08514881134033203,0.5800000000000001,0,False
stage2_multiclass:F:5816,,,stage2_multiclass,5816,F,1,4d960eacdf0947c3cc3073e9a7e10c1cf6b3916ebcf3a6a51de8377c7f879910,464cc326a40e437a81d5beda2cae1c4d569d9201b428b3e6b31470574122861e,"[0.7979102730751038,0.20208975672721863]",0.20208975672721863,0.5800000000000001,0,False
stage1_binary:N:72,,,stage1_binary,72,N,0,c0b4ca7995736f49cc425cba98732e3e0d19d638174c2bb98e2d713fd631a4b8,dc1a509ff750ef2d80a8a095dd61e9447c36bbb379ebf13a22ea224ad9ef91c4,"[0.4998705983161926,0.5001294612884521]",0.5001294612884521,0.5800000000000001,0,True
stage2_multiclass:V:378,,,stage2_multiclass,378,V,1,38396ae5b97c3f8017fb9f1756c1e03530c8a464d2895b649d46527e76cbaee0,d2affed649baf8ab7aa8ff9c798a37f14c0691d2d884d653330018dd488cd631,"[0.43002310395240784,0.5699769258499146]",0.5699769258499146,0.5800000000000001,0,False
stage2_multiclass:S:3617,,,stage2_multiclass,3617,S,1,fafe720e337bee70042c1027a1635ee3834dbce0829dbd23054490c18cb03627,c357b4b0e136f04260424a67b3bd8a22a69f61c0e9c7c1d00b5a336881ae8d0f,"[0.8058759570121765,0.19412396848201752]",0.19412396848201752,0.5800000000000001,0,False
stage2_multiclass:F:5871,,,stage2_multiclass,5871,F,1,c84acac9ff51fc6277359df9c7fe21763750d5fee4f1c1b8c27e394d5b525ab4,1d67d8012e1f0a2c32dabb3d65476ad3c68777b5dc754e8c99b19f31b3ec2506,"[0.7492750883102417,0.2507249116897583]",0.2507249116897583,0.5800000000000001,0,False
stage2_multiclass:F:4003,,,stage2_multiclass,4003,F,1,19a296634cabf32c0d916e2e55a6985ecf954b9ca451a17fe615fc97db77847f,17810c706620e83bdf4d892a19da1cf680e7edff0949dc8823826139be973238,"[0.6907245516777039,0.30927538871765137]",0.30927538871765137,0.5800000000000001,0,False
stage1_binary:N:127,,,stage1_binary,127,N,0,027051fdb5843d044261443e89e822e7d94571e6c0f2df998050bc128e840b6f,50d68a1aef7897ef53c5191b3776fe3836b3bb0bd9d409099bedf459cd55f9ff,"[0.6086754202842712,0.39132457971572876]",0.39132457971572876,0.5800000000000001,0,True
stage2_multiclass:S:735,,,stage2_multiclass,735,S,1,4068e6b91164394b089f7426f1e8c2b4b5c9f6c23ac7c3ebc9320b4422a5610b,044de1463eb07ff1ceb2c2c50a864a331e800ce5f8543c01397b3cd9fc91e90b,"[0.9275326132774353,0.07246731966733932]",0.07246731966733932,0.5800000000000001,0,False
stage2_multiclass:S:2736,,,stage2_multiclass,2736,S,1,07fba731f83b73ca18522e7c61f329a9abc7c92952a3098515e701914b26345e,c879b3f100a1818afe7b94570f18b6fc415549b5ae332cd03c0f6a49cb301cf2,"[0.7843204140663147,0.21567954123020172]",0.21567954123020172,0.5800000000000001,0,False
stage2_multiclass:S:951,,,stage2_multiclass,951,S,1,d166153ecea2c392976f933fd7e08982c0011387dcb5968da70447b17c1379aa,69270ba9be9df4813f5902b58e6b271c291fda6429bc09cab4b0e1b91b631146,"[0.7545241713523865,0.24547579884529114]",0.24547579884529114,0.5800000000000001,0,False
stage2_multiclass:V:135,,,stage2_multiclass,135,V,1,08b3de9236492656494fb145f6063f7adac69c6dc3d8c5b6f1a5eada22239483,3b79cd7cf67eeb7e51e8184a42a2b2aed0769f9e2aa56588e21df39efd8725e5,"[0.7219607830047607,0.27803927659988403]",0.27803927659988403,0.5800000000000001,0,False
stage2_multiclass:F:4658,,,stage2_multiclass,4658,F,1,7a206747c5af7b73a7f20865d43cd3d0cc5d0f7c0a08c04f97209a80d05f809c,83e30f0e298676990083ff61fd5a0b36a4305ec2da24f6ea3c64aa75fe49c30c,"[0.8919601440429688,0.10803979635238647]",0.10803979635238647,0.5800000000000001,0,False
stage2_multiclass:S:2784,,,stage2_multiclass,2784,S,1,c8b658124aa48bb525b511911c146bef48f380494910dae44852066d03bb8462,b8fee2dd22a7cf177b7a81c1c419466c3ab98b510dcad82ad6d1e337c6f515bf,"[0.842714786529541,0.1572851687669754]",0.1572851687669754,0.5800000000000001,0,False
stage2_multiclass:V:129,,,stage2_multiclass,129,V,1,dc3834759ad8137cbd36dcc78685c6b23f5653dc4c701797de1fca03766c22ed,377e988d9704d2b66a4576691df4ffc89f84bb909deb3c786a3e19f20ca0f09e,"[0.3493131995201111,0.6506867408752441]",0.6506867408752441,0.5800000000000001,1,True
stage2_multiclass:V:120,,,stage2_multiclass,120,V,1,fa822acb978ab25ee45fed41d022c7609320494f6387b62d7a0b43d1a4d07ed4,69d31615b2359aa5028f41d8d0c6cec5e477c42f401cc36d2eb8e2ee81d07de5,"[0.5599859356880188,0.4400140345096588]",0.4400140345096588,0.5800000000000001,0,False
stage2_multiclass:V:151,,,stage2_multiclass,151,V,1,a1ad6389612c618dfac8afcc40d198135e8050dab0c7e3c5b554aee4e209654e,2e73aedc9628c5e0625b6cec9d4ad0aa5283c51f406b2585d0cff5978500c580,"[0.7792239785194397,0.2207760363817215]",0.2207760363817215,0.5800000000000001,0,False
stage2_multiclass:F:4514,,,stage2_multiclass,4514,F,1,4bcc731fc86cf8a30f5601813e22d6993a0a32a89e012605db821570647de3c8,486bb77371f203dd3cb28eab326e64cfa43d5ce8116fa4b1bbd5ee32962cf247,"[0.4085027873516083,0.5914971828460693]",0.5914971828460693,0.5800000000000001,1,True
stage2_multiclass:F:5645,,,stage2_multiclass,5645,F,1,079e5c0e4bfcc13b1a5f8d6b8769fe6f339ff7b60505de11a8b36e35470218f0,384ef65f2bee2ff2a3bfa27f84b68fa109d17ff1d810cbd8bba54295facfba47,"[0.7945451736450195,0.20545479655265808]",0.20545479655265808,0.5800000000000001,0,False
stage2_multiclass:F:5779,,,stage2_multiclass,5779,F,1,2482eb21434fff1e1c1d6400645c9457e0fff4251c2957e67d21dc8c6547dc3d,ba06f7fea2390849c3dc74bd16231c2bd4f4428eb4a08cb90c13ffba3db5e092,"[0.9212879538536072,0.07871203124523163]",0.07871203124523163,0.5800000000000001,0,False
stage2_multiclass:F:5729,,,stage2_multiclass,5729,F,1,7c5047b8b0f5f9d86a0e1023ad80aabef19737818a43ddc8740a20ab2d429650,a435c8e20f8a5f1582e5b409caff83a01155ec737d2e32475c63e6231d8e7c0e,"[0.40492433309555054,0.5950756669044495]",0.5950756669044495,0.5800000000000001,1,True
stage2_multiclass:F:5696,,,stage2_multiclass,5696,F,1,39fdc2a6222b9d9e6dec0ceb0aea6819dd6b5d130d8b53d8ecdd7518e7bcd0e8,8e9dca443901e311ba00c82ac3b0658919546c1ff3a5a1dcd062452d77782d44,"[0.42411887645721436,0.5758811235427856]",0.5758811235427856,0.5800000000000001,0,False
stage2_multiclass:S:2719,,,stage2_multiclass,2719,S,1,d912a489afe82cb8919569d39a2d4e3f10e8a9d6dc513e006156b155ec187287,28dd3006dde88b39df9819b7cf56f4e38ae9ae0bfc8f1fca9c95663f3e8c2a07,"[0.8135276436805725,0.1864723563194275]",0.1864723563194275,0.5800000000000001,0,False
stage2_multiclass:V:650,,,stage2_multiclass,650,V,1,3c83b3f20627e5bf5a33b370608cf2d1420e7e15c78de6850ca3cf7597b8f98d,543d89c5be821521ff1b48540a0eded5d39db6682c62921e2d751e1474765038,"[0.48187947273254395,0.5181204676628113]",0.5181204676628113,0.5800000000000001,0,False
stage2_multiclass:S:1928,,,stage2_multiclass,1928,S,1,689b4bb37fb29adb85e10106519b0cafd7f7dcc0e07fd26055a2bccbb3db19a6,9b308c6e8692d846cd6b633b668f46ae71c403497b570290af6e8fa3e53466d9,"[0.8595561385154724,0.14044389128684998]",0.14044389128684998,0.5800000000000001,0,False
stage2_multiclass:V:153,,,stage2_multiclass,153,V,1,9a02955f65313af8dc48f52dd12ff22af0528dd3889bc1df2db308a46db47388,8b42cb127759b52fdfb6eb9125cad482290092f91ffd74b7d1cb44a5b5c298ae,"[0.7857297658920288,0.21427024900913239]",0.21427024900913239,0.5800000000000001,0,False
stage2_multiclass:F:5914,,,stage2_multiclass,5914,F,1,32f1710b42742ccb1311bd1f494182aa6368dc10f44635afa39889f913746a6b,7c3545394cacb03de2b582a0941b52641102f13ad304ec3f3465966dcd23921a,"[0.3877999484539032,0.6122000217437744]",0.6122000217437744,0.5800000000000001,1,True
stage1_binary:N:88,,,stage1_binary,88,N,0,85d9c67d37c3c8e1204b79b086f925e41f80f016f3db287bfeb1c409f1381d37,ed79f90ea1acef16ab2b1e970a732d306ceb6255c6e7b63d251683e1639878df,"[0.5758783221244812,0.42412158846855164]",0.42412158846855164,0.5800000000000001,0,True
stage2_multiclass:F:4207,,,stage2_multiclass,4207,F,1,158d1bb943e5b870ad50c1eed6f96d6dcdab965010b911510bb838c70a7a99ba,c54929d8a66c27091b426e666f985a1fcb72cd750ca7512cc75ff68d011debd9,"[0.8470314145088196,0.15296852588653564]",0.15296852588653564,0.5800000000000001,0,False
stage2_multiclass:V:251,,,stage2_multiclass,251,V,1,8f98222bea4e4783899ff69c6064e3b89a6ce715c1dacedc27c6a3642258a210,be8cc9a53005c3a264755f407f9eb5ad97082ef9307048085b72af674daa7d07,"[0.831100344657898,0.16889964044094086]",0.16889964044094086,0.5800000000000001,0,False
stage2_multiclass:F:5803,,,stage2_multiclass,5803,F,1,03abf2bab9a648742a4f1a4348afed85cd516d767649d9f2ffc59b8b63512fdd,3ea1122a8e28e194b828f21d795528fd02a3798b8c911bf20e8251a6bc362f82,"[0.38600343465805054,0.6139965653419495]",0.6139965653419495,0.5800000000000001,1,True
stage2_multiclass:F:4358,,,stage2_multiclass,4358,F,1,d7d5f5615ff951cf439aaa56d617be52346f5fc44e588272cca8a055bdc6758f,e11379e99cd0cddc5e98ba80517d22319444e6866071f958eacab4b41b59696c,"[0.8554427623748779,0.14455722272396088]",0.14455722272396088,0.5800000000000001,0,False
stage2_multiclass:V:472,,,stage2_multiclass,472,V,1,ef93dc926ad8cf2e95090d3bb03e8462ee2c55f252e96f3906bb6c5e52a31cff,7ec53d99bd37290046e5bedebe3da20777bd6c9a70aa3eae64e836152d5e259c,"[0.789909303188324,0.21009071171283722]",0.21009071171283722,0.5800000000000001,0,False
stage2_multiclass:F:4268,,,stage2_multiclass,4268,F,1,920e8229b442ebbdf618f19271093740c4a045cc5b72b382571a1a716d60c664,d84725466f9f067e5eab4bc63f19ee9971dffab62e5ed6928a3fdbcc37010f80,"[0.45135125517845154,0.5486487150192261]",0.5486487150192261,0.5800000000000001,0,False
stage2_multiclass:S:1012,,,stage2_multiclass,1012,S,1,4b7bf4986cfa9a211df200b3c98f7ee7dee640b665682a39787d7832565a1a66,1492bae8efb7d1328e7dc509bb765f3d748d6522c4a65296706943a180fba64e,"[0.7509196996688843,0.24908028542995453]",0.24908028542995453,0.5800000000000001,0,False
stage2_multiclass:V:345,,,stage2_multiclass,345,V,1,e9ab6419145d660a3dbd0011ea9e69cd12400790ef959927890b1310568d9868,f08c961f4145f697b31c96973e21e4c637f2ccadf44681d9a3b0611e9779697f,"[0.7920823097229004,0.20791766047477722]",0.20791766047477722,0.5800000000000001,0,False
stage2_multiclass:F:5664,,,stage2_multiclass,5664,F,1,bb2bfd960b33ac8d4cec97c0408b1b9447e73b36d7f2a066fbf69a79b858ac08,fa922dedb02cf3547152f7155667ac61ca5e49215e70232ad57d499daccfa4ad,"[0.5358099341392517,0.4641900360584259]",0.4641900360584259,0.5800000000000001,0,False
stage2_multiclass:V:610,,,stage2_multiclass,610,V,1,70fb2d1ff9342569255e4cb67b9f908d6c695dfb5de231e8dc88319ce1e51398,a65d7b83d23747645d1bb35c0588add4697a7f63001e6478d0428cbeae3a9e96,"[0.5378601551055908,0.46213990449905396]",0.46213990449905396,0.5800000000000001,0,False
stage2_multiclass:F:4176,,,stage2_multiclass,4176,F,1,fc87f3b5999f28b89f402e53ce0fcddca928dd87c17efbe578e4ffca0e1367c8,a9502993569319cfda5495c9eac3ce283203298b11a6502b60d4d3d6d5f38c7a,"[0.8656009435653687,0.13439910113811493]",0.13439910113811493,0.5800000000000001,0,False
stage2_multiclass:S:2607,,,stage2_multiclass,2607,S,1,e7ca5ac653095c12d289e302dd6eff235e9ffe5389094b79162391a20a5bd3cf,a562c126be9852b5efc580701a073e528c95981f22cd1fe7c02b3cade5e82ab0,"[0.8275327086448669,0.17246726155281067]",0.17246726155281067,0.5800000000000001,0,False
stage2_multiclass:S:5103,,,stage2_multiclass,5103,S,1,44ab1fe345e3edcddcfd7e0aab54f429eb2fc4387982ded172fe0e927d178589,0fa5c7ec0118132291281144a351c42d7a68cd69519b1ee4f058cb3df6c7682c,"[0.9008931517601013,0.09910688549280167]",0.09910688549280167,0.5800000000000001,0,False
stage2_multiclass:S:4,,,stage2_multiclass,4,S,1,35aedf51479ddbe5d2ff968faf14e5af4f415aefae80155c88b4401e9f89b1df,976bbe8d9e8267db58ae497caec2e82f545f8be222af0341169ed0dc393008d2,"[0.47287517786026,0.5271248817443848]",0.5271248817443848,0.5800000000000001,0,False
stage2_multiclass:S:2589,,,stage2_multiclass,2589,S,1,773652724e2f106e2dd3365e82ebd13dec969ecb1fea22ee24e9e076c7b0b14c,8220de41e0bc434e3a195f37662b68be9245f6dc44a9e20a65c72db2d6781d85,"[0.8249146342277527,0.1750854104757309]",0.1750854104757309,0.5800000000000001,0,False
stage2_multiclass:V:460,,,stage2_multiclass,460,V,1,f41b9ab164127e6c3ffb218bef5b7e31ae4a4ea309d0001d68b51132d53f3d5b,e2423a6d92a1bac75c85c94e79a907f4c9fdfc55acf7a4eb65dce9aceda72e76,"[0.4152511954307556,0.5847487449645996]",0.5847487449645996,0.5800000000000001,1,True
stage2_multiclass:S:2434,,,stage2_multiclass,2434,S,1,c389eb7282fee3d6e596a22aa8f1cdf186247806839aca57e59ffe1bb3c19133,700cba0daefca00b6ee7e91dae1fad31c2b6758db80c047a1ad55a922453cd97,"[0.788722038269043,0.21127791702747345]",0.21127791702747345,0.5800000000000001,0,False
stage2_multiclass:F:4316,,,stage2_multiclass,4316,F,1,de51fdfef0216a39fdaecd11ad2d99d02ced665b2f5131ebe398c682cabb4d15,9847cf7397b79bac2f3f487f09604aa7001c1d182383eead00d8836faacec6ad,"[0.8533676266670227,0.14663240313529968]",0.14663240313529968,0.5800000000000001,0,False
stage2_multiclass:V:423,,,stage2_multiclass,423,V,1,112ba39b39c89c37049cb94591cf35d1ef37c58580a2a1385ea683c270d74c63,9d15475cf4403a13a09b060ef9179911a67bf68728e7f4b907101cc4ec7b6d19,"[0.9209741950035095,0.0790257602930069]",0.0790257602930069,0.5800000000000001,0,False
stage2_multiclass:F:5841,,,stage2_multiclass,5841,F,1,106fdb3bae2e097f5b0475488226bec244f2a3ec9ac1aa82edb9011aea4c0334,e71c5f8c5e8b606c561f412e387d23bae7f18f648598c769ec492f59c533f422,"[0.796392560005188,0.2036074548959732]",0.2036074548959732,0.5800000000000001,0,False
stage2_multiclass:V:262,,,stage2_multiclass,262,V,1,05dbc4bd3265790bbb71669e95839ef1378c26b9b40512867e15c20d51f99d27,ef0e758cc2def254168e8dd3279c4faca0b15af389e689cee718c5d96146b94c,"[0.820465087890625,0.1795349419116974]",0.1795349419116974,0.5800000000000001,0,False
stage2_multiclass:V:496,,,stage2_multiclass,496,V,1,cacd34f2701781a8946fc8c24876ac93828526177abb3ca1df098ed0ccfa341d,a2dbe0c7723983ce6fcd998a429a43678e65653731888497fc7472d654588001,"[0.8098048567771912,0.19019515812397003]",0.19019515812397003,0.5800000000000001,0,False
stage2_multiclass:S:2753,,,stage2_multiclass,2753,S,1,cf80be7459c538a1a3483e676796e0c4ffc5bc9e26f9a249152b9e1120466908,5070d1136fbb25a082bc5c070af9095a67975777b9dcdf7b9dfb875c85c31304,"[0.8214963674545288,0.17850366234779358]",0.17850366234779358,0.5800000000000001,0,False
stage2_multiclass:S:3599,,,stage2_multiclass,3599,S,1,9449b3936e3d82c4c952c9623f34d7898933ca3698faef748432e69525d47fec,e879da848f05b441746702d7714b327bebbdeb9ae1a0b1c7f38410cf1842917c,"[0.5865294933319092,0.4134705364704132]",0.4134705364704132,0.5800000000000001,0,False
stage2_multiclass:F:4364,,,stage2_multiclass,4364,F,1,c8a896f351f31d7a1f820643541478119d2819356dfb28e47c7d0c2f2af7ae7f,2df354e305e247b287b3416546b54f3efffcb773bc208f3d643a28bfb418d660,"[0.8748825192451477,0.1251174509525299]",0.1251174509525299,0.5800000000000001,0,False
stage2_multiclass:V:473,,,stage2_multiclass,473,V,1,6dc3d314143142ef8d4d454b690c794aa00f33b12bebb12a7d972f650dafc9bf,d30de26db5180fc76377c0672bd8664e92353a20fd48f396393aa0f1d47a9922,"[0.5536315441131592,0.4463684558868408]",0.4463684558868408,0.5800000000000001,0,False
stage2_multiclass:V:624,,,stage2_multiclass,624,V,1,013295688272fe428467ca370206bdfd419bc16a28989acfe93ae2fd9a54c616,65439268776f4138dd7917cbd1767735954c1ad5a3d6363e40dcf03c388f0e78,"[0.4221813976764679,0.5778186321258545]",0.5778186321258545,0.5800000000000001,0,False
stage2_multiclass:S:978,,,stage2_multiclass,978,S,1,b0b6077825c131fa999bf324d6b45553692f7f18f9ef852fc88c025bc3568af2,4d71e8e2291f33e9000c2889bb0df0416ab14b4a91f60d90a006b44668fa9534,"[0.7551676630973816,0.2448323518037796]",0.2448323518037796,0.5800000000000001,0,False
stage2_multiclass:F:4209,,,stage2_multiclass,4209,F,1,3b81872ea08bf120eebc5c6ec4f9f8045ae2bcb67025eba01c674327871a75d1,dbd47486a0aa6aef89edd1c54d01ff71c8415ef6322280a54e9d783b2ed75d36,"[0.4810340404510498,0.5189659595489502]",0.5189659595489502,0.5800000000000001,0,False
stage2_multiclass:F:4436,,,stage2_multiclass,4436,F,1,60f7dbe7942a4b2447b0144e8eaa887f55226d8c7ce674389d72276c3a3d783e,72c633e1b8150330be93fe7fe51110207e82d2a3effb71535ca0b479f2fd31b2,"[0.8734682202339172,0.12653173506259918]",0.12653173506259918,0.5800000000000001,0,False
stage2_multiclass:S:23,,,stage2_multiclass,23,S,1,ce334e249182a08a1e7766184d80c0d3b9d092dcbc1d4ac3f9dcaa372a3f5ff1,3058c3df188024fd821f3468ff0930d927925b3db61e494119d75c37661d3358,"[0.5713565945625305,0.42864349484443665]",0.42864349484443665,0.5800000000000001,0,False
stage2_multiclass:V:467,,,stage2_multiclass,467,V,1,fedd17c762ea95b433d64039cc599a52a656699f8d714dd37fdd9465159b673a,cee53503584a09598b823615874dc12861404843fd295639f93ab835f47a2084,"[0.8771266937255859,0.12287328392267227]",0.12287328392267227,0.5800000000000001,0,False
stage2_multiclass:S:5062,,,stage2_multiclass,5062,S,1,1bbfba0b07b479c7a4ecfc5ab78972e581644cdeb3cc4abb50d0a1cd8056c96b,30c92a5d5f2cdfa59727732a9ee599cc05db0e3a5f5a3a7a857fd8e615c8aa6e,"[0.9717094302177429,0.028290560469031334]",0.028290560469031334,0.5800000000000001,0,False
stage2_multiclass:V:250,,,stage2_multiclass,250,V,1,4549b568b95a802e16d82da0d99cd3d59ed66c093fee9a45e5639d9cf06c4d84,2f6a9f7455461a89ebbdf915ec05cfe27b3516657b0f1aed88b14646eb2443ca,"[0.8359097242355347,0.16409026086330414]",0.16409026086330414,0.5800000000000001,0,False
stage2_multiclass:S:5028,,,stage2_multiclass,5028,S,1,568a5595dfa5f014f2c1c7c355de8a3ef7a91ae05a71a09efa160b42e1b1c25d,cf7ac75f1019b4ce389c1577109e247a9c6a0c21bece3cbb98a8e8ccd1bd6ddc,"[0.900205671787262,0.09979431331157684]",0.09979431331157684,0.5800000000000001,0,False
stage2_multiclass:F:5753,,,stage2_multiclass,5753,F,1,113fc414613a644f8b2dee33db7ab6cf3b6b014ed2ed8ae3285a3b34ac275d51,604878888fefe1c381792faaaeac5faafc0aae4b6caaa4298f2e2977877320ea,"[0.7472326159477234,0.2527673840522766]",0.2527673840522766,0.5800000000000001,0,False
stage2_multiclass:S:2789,,,stage2_multiclass,2789,S,1,7a2a9332f32a85499ac64bfe325a9a543b0727139193c7dafecd544912551a80,2429bb054aad6fbce3fecd62778cf4c3899481ccd5f5fca2b546fb3a68639d1a,"[0.8330656886100769,0.16693434119224548]",0.16693434119224548,0.5800000000000001,0,False
stage2_multiclass:V:187,,,stage2_multiclass,187,V,1,1f4196058b921fa6e0e2279bcf5ac8edb55a28f57ae915c10398ec85255574ad,46e855f0b5b905b0fa1d713f10e5c9049a073e3dedaf3b16aad5f6544fa30786,"[0.9155406951904297,0.08445929735898972]",0.08445929735898972,0.5800000000000001,0,False
stage2_multiclass:F:3672,,,stage2_multiclass,3672,F,1,5147046313acad143d02f9041c9ca0550321efd6baa54bc04bedf6e8ee14557d,823c22a64e14e84dcc0f365f75358f8be0193b84d2dc16185ac1d660502e42ca,"[0.4239445626735687,0.5760554671287537]",0.5760554671287537,0.5800000000000001,0,False
stage1_binary:N:95,,,stage1_binary,95,N,0,d1912af00aac4dc281196ec8988ab5d07a8241535fb480f441649f0c52639c49,4d70290d9733b37861bdda50f82b48b378ceee49e2a850889247e64122330a01,"[0.5564985275268555,0.4435015022754669]",0.4435015022754669,0.5800000000000001,0,True
stage2_multiclass:V:457,,,stage2_multiclass,457,V,1,8787c28c8a578b2cf3466f2143b3b9c8b551cb1b956c68035a80158e0beccd79,736a3eee4840a29d60a063d69bd2c1dd1a523bf22c105bac2737f47904ac412c,"[0.9128060340881348,0.08719393610954285]",0.08719393610954285,0.5800000000000001,0,False
stage2_multiclass:F:5811,,,stage2_multiclass,5811,F,1,b166b3688710e4ab597c67e5294ce716a98505dcffcd387da75f9b6e81f4e6a9,9953788a7a45f81b91745ef967760d357af39b91cf2e6bc143715266cc6ac4f8,"[0.7958871722221375,0.20411278307437897]",0.20411278307437897,0.5800000000000001,0,False
stage2_multiclass:V:644,,,stage2_multiclass,644,V,1,0a1d948d0801d343eae1f7539970c1ba16d45edb7c6812a0ce0ed6e1ccad0d6a,4efe5f29232abf7c6e7f9251ee35d6643e86268f86d8a9b4e9391750f99bc073,"[0.4738619029521942,0.5261381268501282]",0.5261381268501282,0.5800000000000001,0,False
stage2_multiclass:V:511,,,stage2_multiclass,511,V,1,a52ce1165ae54fc0d74460e6f0b012532317aee85d71d30700f6a3f3ba9a13d5,9dc2e2f46a2833ef7b6237dcbffbab74f26ce8f00b0b7a94faa43fbf7dabdb77,"[0.779147207736969,0.2208528369665146]",0.2208528369665146,0.5800000000000001,0,False
stage2_multiclass:F:689,,,stage2_multiclass,689,F,1,fd8f7f6521041831fa76ab3cb88f093ae876a06c6e0dd78fe51f59ada600d39e,0340a282e7d11ad8049464e3a6fb00b11f87756c36f82122705a083d413f4535,"[0.6765800714492798,0.3234199285507202]",0.3234199285507202,0.5800000000000001,0,False
stage2_multiclass:V:474,,,stage2_multiclass,474,V,1,4941e9a92bb1519bb4a4462d4230777de58ea4cb62cd0c351d3aa0c56814654d,5c029e79de08797fec5642a5e05ef829fdcc18057f3f728cf44e6ae883e62e55,"[0.8437488079071045,0.1562512069940567]",0.1562512069940567,0.5800000000000001,0,False
stage2_multiclass:S:968,,,stage2_multiclass,968,S,1,ad5be18c4332ad684f2242f8ddced6fa799be9c41c0f418ced4a246287eb17fd,08763979e9553289519b68da02ccf7b311b142c3473825d50a782a70e67230b3,"[0.8054165244102478,0.194583460688591]",0.194583460688591,0.5800000000000001,0,False
stage2_multiclass:F:5663,,,stage2_multiclass,5663,F,1,2baafb7d863241e5275a4a7b7af371e28fa01b973dbc24d954438d879a6503e6,7b4721e6aad4900a90b34fb36d6f6e3fa6e32383f5adcf2a9f6f7646190cf483,"[0.7864094972610474,0.2135905623435974]",0.2135905623435974,0.5800000000000001,0,False
stage2_multiclass:S:3641,,,stage2_multiclass,3641,S,1,f32024068fa3793cb635f9db3a5091c1f1d13de2bd9c49bd41540751cacdb686,d97c27397acb3d972c9a95a6fe08e29d032eee7b9595aa02739eb58e5df91f68,"[0.4556695222854614,0.5443305373191833]",0.5443305373191833,0.5800000000000001,0,False
stage2_multiclass:V:234,,,stage2_multiclass,234,V,1,cc2e3fbe4668794d787b8b354febbeb5d8dd3374f347f6ffc94d8bc68a9bed36,ca1ae51b8b51c3034250c3e9fa7a914720971470c5da184140241c4968442879,"[0.7761628031730652,0.223837211728096]",0.223837211728096,0.5800000000000001,0,False
stage2_multiclass:S:3642,,,stage2_multiclass,3642,S,1,0c2c1794c57b6578125a162ee4b2a27e099dca32369367bc6688722fa9f9fcef,c9e7b8061dbe44666630af9a82f38f6bcac8327683ed6b15977b122e4d650170,"[0.43526098132133484,0.5647390484809875]",0.5647390484809875,0.5800000000000001,0,False
stage2_multiclass:F:3991,,,stage2_multiclass,3991,F,1,9d66244c77259025a45dd2fea3c6472387352a444ac717b7c7e9379ab4e38409,442b4700efd7536644c68971f731c77313b857dec7a6606081c05a898bb592bd,"[0.4219263195991516,0.5780736804008484]",0.5780736804008484,0.5800000000000001,0,False
stage2_multiclass:S:3566,,,stage2_multiclass,3566,S,1,5e251da2fe30b9e21d0ef8c9fbcd719b7278f1d3d70609978cfd2f588026be98,e60eea9728dea0ea2d8db7a03d2072982bb1c16a3039e7e9e7f1bde87b5d7fac,"[0.6093789935112,0.39062097668647766]",0.39062097668647766,0.5800000000000001,0,False
stage2_multiclass:V:411,,,stage2_multiclass,411,V,1,63d605c2a785a9ce950c2783c4ed827894233842a4a032264a3fbadf33ebcbe6,d64612f00bba53986138319a8aaaa8b6dd3a0ab732aaf3ab4852d40ecf7abec7,"[0.906147301197052,0.09385266900062561]",0.09385266900062561,0.5800000000000001,0,False
stage2_multiclass:V:347,,,stage2_multiclass,347,V,1,958e012ea31cd1274fdcd083eea80dcbf3e01212f841303e50f8a12e0a78283a,bde1bed6735cb10b7f02a4ee000cb8b64ac281efaeb9ac6c78eaff0704019a6e,"[0.8599291443824768,0.140070840716362]",0.140070840716362,0.5800000000000001,0,False
stage2_multiclass:F:5679,,,stage2_multiclass,5679,F,1,44321150e6405e6283e828b72230ac1cc153b7299d7c21d8086a1195336e87fc,65916e8e079db91db75162e5ae949cfbdabb306d72bb3c9e5c3ad338a9b6c0f9,"[0.4644589424133301,0.5355411171913147]",0.5355411171913147,0.5800000000000001,0,False
stage2_multiclass:S:2436,,,stage2_multiclass,2436,S,1,ad9771602a8142f4fe73d31c94ef5a2162f97220d794a10535edb4b4ad6df47f,e5cc1f36097cf986ce1fe314c16c4e35bf073536d9d292bae40c35a6ae6996c7,"[0.7885515093803406,0.21144844591617584]",0.21144844591617584,0.5800000000000001,0,False
stage2_multiclass:F:4204,,,stage2_multiclass,4204,F,1,8185ecd3ab61000f705ad409aa896e05cc575411bc34b68591d21845fcbba5fe,8484ec0c3e188176217e8713e4bcc11a515bd2784b6419a939143fc765d23ef6,"[0.4199475049972534,0.5800524950027466]",0.5800524950027466,0.5800000000000001,1,True
stage2_multiclass:V:518,,,stage2_multiclass,518,V,1,e671e90864f4718a286216a7634a3e0932798105320d44606692fbd028769efd,d17899315aa50ba6e5cb303a296d79b82f030c12cf55bf12301d70f73d656e79,"[0.5091983675956726,0.4908016324043274]",0.4908016324043274,0.5800000000000001,0,False
stage2_multiclass:V:66,,,stage2_multiclass,66,V,1,bd1ed00828950fab5474a2236cd64afe91263b66b40a79b649dbcdaa4148c0a6,3b52689018566ca1b81cee589f5b51d0a9685a9295ac21a6d875e81650ac6bcd,"[0.7994436025619507,0.20055636763572693]",0.20055636763572693,0.5800000000000001,0,False
stage2_multiclass:V:220,,,stage2_multiclass,220,V,1,12efcca5b530578f3b2669fa61ba840bc0eed7f5758dd70a3f2ccce6eeae8f44,039a7067d24c254a3c4f428784885f2a1f4b8246aa66bc00f1d09b1a1a4fa687,"[0.7815936207771301,0.21840639412403107]",0.21840639412403107,0.5800000000000001,0,False
stage2_multiclass:V:45,,,stage2_multiclass,45,V,1,3dbd80e40114d1e1b18e83d09eb304141fb1bd2f4d11e759051078c8523767ea,ac5e5ad7f8c19e90a2dbb165b8f60acf2eef2178027e906d8fcc0fe593098a06,"[0.8046212196350098,0.19537882506847382]",0.19537882506847382,0.5800000000000001,0,False
stage2_multiclass:V:353,,,stage2_multiclass,353,V,1,43f60a1303c61f236c7ffecc11ff099e5e6a89f22ee277d0703556b62da579d7,e4cd94ecfdb71d19712837702648b2ec19f544532155c62a559c2c2fd158c5ee,"[0.7022538781166077,0.2977461516857147]",0.2977461516857147,0.5800000000000001,0,False
stage2_multiclass:F:5657,,,stage2_multiclass,5657,F,1,c4b290ccbacdc8f75eb35bb1479211764c4503527c13d02c6e89a4008b363f6e,15080158142e83b9a0b612052642ed9ae59a4ac1130bf182828efaf354b18c8c,"[0.38755396008491516,0.6124460101127625]",0.6124460101127625,0.5800000000000001,1,True
stage2_multiclass:V:269,,,stage2_multiclass,269,V,1,12539bed7c6f99dcaf3a3599bc157928cb940e44da5398ebc9f6c11041722873,79989ef14313f77989d6971faf83837966c419f57c59c34241021c4d2f61ebf2,"[0.779146134853363,0.22085389494895935]",0.22085389494895935,0.5800000000000001,0,False
stage2_multiclass:V:238,,,stage2_multiclass,238,V,1,8a64ba6142404058806bbbcf99ffb873055ca7a0a3cb0276a50700b9b40a8734,870912b84ff11d3db5f5f58f38c5bc3baf5b64149358716e555753a464babce0,"[0.922541081905365,0.077458955347538]",0.077458955347538,0.5800000000000001,0,False
stage2_multiclass:F:4130,,,stage2_multiclass,4130,F,1,91090f478fec788852f477f11062884f72935fb56d5547e527a964ebdef8f5b8,7bd25dba16c16f71066c246f9c6adf423fdb921d93dc8715d715cbf1ad1f0326,"[0.9423768520355225,0.05762312561273575]",0.05762312561273575,0.5800000000000001,0,False
stage2_multiclass:V:240,,,stage2_multiclass,240,V,1,4119f934607806159e0f91e123045ab069f0d0849a362e570479045c6f64d73d,4d42428c932c246600721a4fde4f67a773d2b79b54faec5b7cdd20eb487ecb05,"[0.7744476795196533,0.22555233538150787]",0.22555233538150787,0.5800000000000001,0,False
stage2_multiclass:S:5033,,,stage2_multiclass,5033,S,1,8f05f2cb18a9ad172f8f07ab11dcd3cc012ec764c9c631b041658b76a8902b20,c8529e1757abcb40237ec7b6d0dc00217d827902b01b1f614b4cf9e6f59a7a06,"[0.9157079458236694,0.08429206162691116]",0.08429206162691116,0.5800000000000001,0,False
stage2_multiclass:V:59,,,stage2_multiclass,59,V,1,02016ca1d90233cb7566e12a241690dacf323c440e7f35c67b434b190ea524ea,0abffd82d75169f80b14190fc76d29adc11cfda65e963774b39a2783278b6ec9,"[0.8108933568000793,0.18910664319992065]",0.18910664319992065,0.5800000000000001,0,False
stage2_multiclass:F:5642,,,stage2_multiclass,5642,F,1,a624c033ed79b3731c8bb4b1abb7298c95dee6d29050edc35a50588ad817da2d,f31a133c6f8a7108babc0e4adaf69b929af10c806688f19db9678873f6ef2ef1,"[0.3822413384914398,0.6177586913108826]",0.6177586913108826,0.5800000000000001,1,True
stage2_multiclass:S:967,,,stage2_multiclass,967,S,1,829f95f00c7efbd752d2362d5c0a6594d93a677a2ae832ac519cfafdd9834a01,a98e425c485458b9492b1101639edc7bcfd68726c7d73828ffe6dc3a2a1e0d2f,"[0.4571218490600586,0.5428781509399414]",0.5428781509399414,0.5800000000000001,0,False
stage2_multiclass:S:3574,,,stage2_multiclass,3574,S,1,1eda2089bce85e97adb35b0f937db17ad808bdcd4d48af315f52ca753e28f22f,0e3fea9a3b938f56e23ff4e3fc31243fb661ec18f293d760062d65c11c7e075e,"[0.8083910346031189,0.19160902500152588]",0.19160902500152588,0.5800000000000001,0,False
stage2_multiclass:F:4105,,,stage2_multiclass,4105,F,1,125cb851152f1fca09bc3469bcfef6e1f528f69401bfda0b837da339e145ab46,448a6d20041259d125f7f0d85542beb245648c3d61a4e46578327154314f3088,"[0.8206612467765808,0.179338738322258]",0.179338738322258,0.5800000000000001,0,False
stage2_multiclass:S:5058,,,stage2_multiclass,5058,S,1,069e1d910ab83bf9b1699b05f4477f4a50527ec19b9d79f77d0e4c5114d27e57,43d2fe1c36db64c0d08977b33330f93ec8f3801d4a6d867774263f3354e999bc,"[0.9161427617073059,0.0838572308421135]",0.0838572308421135,0.5800000000000001,0,False
stage2_multiclass:V:400,,,stage2_multiclass,400,V,1,b17f00c3640aed0b7639f97c4a5387b72c29027c93c60960c619cfa0098e9e31,06f1f1f2fd918b7cf944f8c4f901df6f3ca4143a92566c1268223c4bb7caee22,"[0.9143134355545044,0.0856865718960762]",0.0856865718960762,0.5800000000000001,0,False
stage2_multiclass:S:2280,,,stage2_multiclass,2280,S,1,e820c6b5c2533c1b7bdd581d7063583d7093184d53e0c833d802d1c7871ad67f,f27eccedf2a713f45a6d76d01eb85260ecc092384eb6dd5626d323407ee39bff,"[0.8480910062789917,0.15190903842449188]",0.15190903842449188,0.5800000000000001,0,False
stage2_multiclass:S:3604,,,stage2_multiclass,3604,S,1,83b71fded2da4b50e09bb9801609bb2ba1a8e56538264de7ac63ed24bafe64b0,433522fe23b1555746377ebace1e7d5f184ded2c4cb546da5f9c7bbd4a67916b,"[0.43403929471969604,0.5659607648849487]",0.5659607648849487,0.5800000000000001,0,False
stage1_binary:N:25,,,stage1_binary,25,N,0,1dfcc53c07847065be79aaa7d7b7318205e07a045444cc5c692649a1ffc5d68f,2829992795550e0751db557c091c39345911a23947855c531ddaf742d5924972,"[0.5340379476547241,0.4659620523452759]",0.4659620523452759,0.5800000000000001,0,True
stage2_multiclass:F:4746,,,stage2_multiclass,4746,F,1,a9bc8f98b9564ffebf76b90bf292dd74c7bcca3677b0109fc04fd54f5923325d,c90d7c8bf4438ccd10db3208dd39d47f8c548dde57749e551c1f49ff93de85b9,"[0.4988686144351959,0.5011314153671265]",0.5011314153671265,0.5800000000000001,0,False
stage2_multiclass:V:537,,,stage2_multiclass,537,V,1,86170b9c4e641f0c739b458fe3138d86ffbd88ef8b0b3f7f880bff698f076162,4a3fc6b3aeabd33226a50ec6a2040dcaf02aaebab2126a9c52c04ed9b4a71c42,"[0.8802419304847717,0.11975808441638947]",0.11975808441638947,0.5800000000000001,0,False
stage2_multiclass:V:161,,,stage2_multiclass,161,V,1,9a138d25d7378b6590d346d1bfe9adb8f90621557f2edce9e9adc2bf4d725ae8,148b0ad9182b47d567668d197ba3b67478a126912011a9f5407e65dfe5424b48,"[0.8790510892868042,0.12094886600971222]",0.12094886600971222,0.5800000000000001,0,False
stage2_multiclass:F:3700,,,stage2_multiclass,3700,F,1,c10d2abcce87d8b94ca5dbf56b13b86e4750d65e8a2a28a57dd63af22f4c722f,adbf81ea242481edf195577333a12e71d11fc802347684015df27dc645c7a94d,"[0.8540986776351929,0.14590127766132355]",0.14590127766132355,0.5800000000000001,0,False
stage2_multiclass:F:3788,,,stage2_multiclass,3788,F,1,f5f126d1c683ee5aa8b3907186b6c705117b54baa33b5cc00f8bf5492200f252,ecab612268189b7cd59f85d90600213350962227ca562aee794d18886ae6b15c,"[0.39689433574676514,0.6031056046485901]",0.6031056046485901,0.5800000000000001,1,True
stage1_binary:N:8,,,stage1_binary,8,N,0,4efe98e20d196a3e2ac1a3b01a59664bd1d35b9185b6e69fbdddfe771185a2aa,f8bbcf4490e9ae1a0c7862f847b12ec328aa6b8179f4c868ae4f0444190242bc,"[0.6018143892288208,0.3981856405735016]",0.3981856405735016,0.5800000000000001,0,True
stage2_multiclass:S:5145,,,stage2_multiclass,5145,S,1,ee5636c3d9ccccc1919794346c1ab136113cd5f67567172d97457a1b072a4222,78d5972e20e1de3015eb87dfabb631f469b7d5d59beeb94ff1b6692f6f67ddb3,"[0.8923020362854004,0.1076979860663414]",0.1076979860663414,0.5800000000000001,0,False
stage2_multiclass:V:379,,,stage2_multiclass,379,V,1,2c11648e2371708198ff1640a627f5ae61e1d36d175f2a56c6d628f9f05a7428,efab228e58e114716d00c70fa2218eb98c9b74e2b9f8a835c0bcb9536ceaa04d,"[0.806232750415802,0.19376730918884277]",0.19376730918884277,0.5800000000000001,0,False
stage2_multiclass:V:558,,,stage2_multiclass,558,V,1,bb1207de98f6aad08e35be38aba189154635f53bf7cc7444c9abf5c33e72acf7,cf5c4db0094db3f83e42cf9ab051e44c48911bb08148370b0eb262a1536e8a55,"[0.4205799102783203,0.5794200897216797]",0.5794200897216797,0.5800000000000001,0,False
stage1_binary:N:36,,,stage1_binary,36,N,0,c15f230c84d1168cd5211c596bd45032b0c73372abd8b3641ed31d1cf7eb8e57,de8639c638a36dfe9996d23db96da26ab0b1343b3bfc4a88fe9be3089af49899,"[0.5916880369186401,0.40831196308135986]",0.40831196308135986,0.5800000000000001,0,True
stage2_multiclass:F:3689,,,stage2_multiclass,3689,F,1,068df42695a0187db27f9ed4f6968f8434befdff89318db2a9eef2440a4108f4,46921e4b46d190535b5dcdfc797005baa124c65a37773cb5afda26b19454786e,"[0.9192734360694885,0.08072656393051147]",0.08072656393051147,0.5800000000000001,0,False
stage2_multiclass:V:672,,,stage2_multiclass,672,V,1,d700a624b6d377165c474cf7871cbe5c5b0cddd4ac349fcf4c76e941863976f2,8a904ab5989818853cd1192ab366054395c64a473db69f77c4734253cdbf3fac,"[0.8316784501075745,0.16832159459590912]",0.16832159459590912,0.5800000000000001,0,False
stage2_multiclass:F:4041,,,stage2_multiclass,4041,F,1,f55fcc00eecdb39df5c897779b644bcef0abcd5de16e9b7f94d67034a96447d1,a8782be937fd66353e6ef9add84868a8bac4459d539f773bc2a537306c6af5b5,"[0.8498675227165222,0.1501324623823166]",0.1501324623823166,0.5800000000000001,0,False
stage2_multiclass:S:3619,,,stage2_multiclass,3619,S,1,544c92d59b1836b71cf41af10087682eae5388be8d406ab3cce844c299f03ab5,1833566347478d2648a590ec5d2e1af4c20461f8d27fc4d430c0fe0b55fefe0c,"[0.623751163482666,0.376248836517334]",0.376248836517334,0.5800000000000001,0,False
stage2_multiclass:F:4832,,,stage2_multiclass,4832,F,1,392ed0f8f2bb9845a802a9ebd3d7a47655463869502f76028a4dc4871b17cecc,d869b9155f6731de9575d7469c1788efbfede2fe75737f26eeaf9c1c7586f29c,"[0.44595587253570557,0.5540441274642944]",0.5540441274642944,0.5800000000000001,0,False
stage2_multiclass:F:5671,,,stage2_multiclass,5671,F,1,aab2cc904144c812a82456299183cf76a1fdbb0cba14ba89dde8cd6ce779d4df,4668fd3de9bdbbd6652a831dc7e50bd070e6d368c1c9e3f94fea84ffa4a04ae2,"[0.7449883222579956,0.255011647939682]",0.255011647939682,0.5800000000000001,0,False
stage2_multiclass:V:643,,,stage2_multiclass,643,V,1,4730332402ea9f1bede6a84b0201e382f450847c96e85d569c476c72320e46bb,05bcfb98637cbcdcc5fa24a5b86bef138e703eba5efbf68ca18d7e9f9d1cde68,"[0.4819343388080597,0.5180656313896179]",0.5180656313896179,0.5800000000000001,0,False
stage2_multiclass:F:3997,,,stage2_multiclass,3997,F,1,b37d29f833c2f6af51a7452fc1bf0b8e971bcbdbb1e0c7d3fe8bf27a1d0d8caa,7734c8651c8fd2754d6a8cf66a6d3418a87ac60c4a83b8455b8e53a1f784f3a0,"[0.861133337020874,0.13886670768260956]",0.13886670768260956,0.5800000000000001,0,False
stage2_multiclass:F:5677,,,stage2_multiclass,5677,F,1,d6136b81cb6191ec5db77110c55d21840d3a766f03f7bbc130b9724fca2f9d9b,b5dafceedf05d34387553d4a50954ccdbdcc14a329c07cb1b118218b4204f043,"[0.3810778260231018,0.618922233581543]",0.618922233581543,0.5800000000000001,1,True
stage2_multiclass:S:1868,,,stage2_multiclass,1868,S,1,082ec6423c8ad6daf540bb60a460b1ec924fa2e4c992f6935690a40bd2fa3a3c,507de1625bdff89ff0ef9393de0c654ef3554478671a38e93d61377968930925,"[0.7755340933799744,0.22446595132350922]",0.22446595132350922,0.5800000000000001,0,False
stage2_multiclass:S:1476,,,stage2_multiclass,1476,S,1,8054504a221392754f10cdc75c4fe04378054e53d2a891b019516f383ab19597,fe0235cc36a83402c147967d6f08b428b9148b6dc47944dba1c994a8a352b1f9,"[0.7571917176246643,0.24280831217765808]",0.24280831217765808,0.5800000000000001,0,False
stage2_multiclass:F:4834,,,stage2_multiclass,4834,F,1,2a7b4f1b96dc57b81193de1882cef822081f94743a880d7b2fff72667445688c,74194ebe0c64d198de97e6668ec0fe5205932941f739517219a1851e8555d87a,"[0.8561310768127441,0.14386890828609467]",0.14386890828609467,0.5800000000000001,0,False
stage2_multiclass:F:5805,,,stage2_multiclass,5805,F,1,295fbf7bb81f1c87f63ee1d719d93b7821870a57a2d4f011f0c9886862148ddc,f9b8c5860f6a2a226dc037d0f723e05890b063ad769df5c2d0076f9786d07173,"[0.8351405262947083,0.16485947370529175]",0.16485947370529175,0.5800000000000001,0,False
stage2_multiclass:V:618,,,stage2_multiclass,618,V,1,f106ec0d204a6b6067a20803f2d4b3d270f4e4ff291491f2d6c54e96d7d0eb1a,751d09dc4a87b5de85cfe53ff9afadaff9f2b095fde612527f51f8189095eeb8,"[0.46207350492477417,0.5379264950752258]",0.5379264950752258,0.5800000000000001,0,False
stage2_multiclass:V:183,,,stage2_multiclass,183,V,1,4daf3aa82796548b9a9574655d62dd63ebb931022785126e85efd36fd9a92709,07eaa294754f52f929c0d858b7eb82da304d3b8e79c666705c792ea1575851a4,"[0.8645539879798889,0.13544605672359467]",0.13544605672359467,0.5800000000000001,0,False
stage2_multiclass:F:5648,,,stage2_multiclass,5648,F,1,7a5758b4d3135c0d11c3e6a1f829e68f608ab362f9564bd52d6a72b2704a60c8,e97e9e97cceb5cd8202025c295d8ff9bedb30dc0f94b29f08a8e88dbe6bd95fa,"[0.5234195590019226,0.476580411195755]",0.476580411195755,0.5800000000000001,0,False
stage2_multiclass:V:47,,,stage2_multiclass,47,V,1,8ef8afe269b75ca7c3d0fe152212883b3ec29aadf00fe90d4482dcb978fdbabc,39f3e1f64e2874d889feff6c8f9c22deaf195c3398742fec9a4c9198c2dcca19,"[0.8169373869895935,0.1830625832080841]",0.1830625832080841,0.5800000000000001,0,False
stage2_multiclass:S:1851,,,stage2_multiclass,1851,S,1,3d8316dbd4df925b1cf134f21a3b3780c6bcbdccebedb471aea6038e49e884b4,40e186c22f87435518292bc41e473e4531655df754b798797827a537e9d5022d,"[0.8427374958992004,0.15726253390312195]",0.15726253390312195,0.5800000000000001,0,False
stage2_multiclass:V:458,,,stage2_multiclass,458,V,1,a341bea86a5f9988044d3a11258544087c5c761a78a1ae2459aa5121e268158e,959ebbb64459b4befbe5cfac917ae389812874720c7ae71ac6bb2f8bb3b8cc83,"[0.8020719885826111,0.19792799651622772]",0.19792799651622772,0.5800000000000001,0,False
stage2_multiclass:F:4218,,,stage2_multiclass,4218,F,1,af70cb8171264e119e8b2844bb0901ce4ad94670182453af961f9fa3d3f09a0c,73aec34759f4be432287b617b12b9076cb03b14041aefeb993c2b451d7f5928a,"[0.8541753888130188,0.1458245813846588]",0.1458245813846588,0.5800000000000001,0,False
stage2_multiclass:S:5080,,,stage2_multiclass,5080,S,1,66928b32da2c1150e6bd7b225c30a7393b21eaee9dba1c150105839188f83a2c,c9afd34e235909ebcde64f1fb6661881eb8ff62123a5b9a9d77d3bc3cddd5c80,"[0.8986963629722595,0.10130362957715988]",0.10130362957715988,0.5800000000000001,0,False
stage1_binary:N:16,,,stage1_binary,16,N,0,87482114168341fd4b304839c42e625796a01c17646651259d6bee29e196b056,37f9fddcccb6e221ede8cd69894e6b4991fa9da5bd10163ee0424b0fc214a7d0,"[0.576104998588562,0.4238950312137604]",0.4238950312137604,0.5800000000000001,0,True
stage2_multiclass:V:214,,,stage2_multiclass,214,V,1,78bb66b0eb635881b14f90dc27a771127d7145f82943a059616fed5e876729c3,01e5dd3c473990673f52fb2918d748767f9b02801282a4c0044f4a4e1b7f6db4,"[0.9303157925605774,0.06968427449464798]",0.06968427449464798,0.5800000000000001,0,False
stage2_multiclass:S:5051,,,stage2_multiclass,5051,S,1,081ddcd9449f11614ff7a19a81bb66fb75ee86ca0440b624785200cf7dab278c,a6d79bdd6f3353267554ede96cc94322a1280cc1c08a75c058c0c6711c39ce0c,"[0.5115576982498169,0.48844224214553833]",0.48844224214553833,0.5800000000000001,0,False
stage2_multiclass:S:2490,,,stage2_multiclass,2490,S,1,dc921c91ad04b61d935173e01426bd5365088d2b2a9f03aefb97af08fc0a505b,a4c0abe52a7a8e4e80d4c1c74202f056072530b6af73290c3ddd27fa4fa69457,"[0.7842996716499329,0.21570034325122833]",0.21570034325122833,0.5800000000000001,0,False
stage2_multiclass:F:5675,,,stage2_multiclass,5675,F,1,8a7f9df464a3f2e8e80c3db8aca0be49510f9fe8b8e4453eb989fc4816b1c4b3,b9b31d1b04dab7faf182f448d5253c030e4a264e649078b0815c1d84ee8c6fcc,"[0.39096933603286743,0.6090306639671326]",0.6090306639671326,0.5800000000000001,1,True
stage2_multiclass:S:2704,,,stage2_multiclass,2704,S,1,60721f487a0959c5e7c3dc7291f455775cafb718d752099a9d43e5793b554e0f,54bb976d17b03d7327330f54f530a0a5b04b0cfa12be3d61f9074e226cec9995,"[0.7746248841285706,0.22537514567375183]",0.22537514567375183,0.5800000000000001,0,False
stage2_multiclass:F:4923,,,stage2_multiclass,4923,F,1,cff44d9c644a102dd7cfdf2a18347c040ce9cd087402ec6b1bb6ae9b3c9758d1,f2a2a8722ce0f9a74bdc1e43299a37f56c9958cf3cd964a136e9aa45e659503b,"[0.866612434387207,0.13338761031627655]",0.13338761031627655,0.5800000000000001,0,False
stage2_multiclass:S:1934,,,stage2_multiclass,1934,S,1,75665f3a365df270977972fbbfa540a336e5702cc5ad74e5c1fc97df5f4f2693,0f2b1d076118981f6d0c9cf1d72826bb65ce2a72f28cd13b019dae3fbe6d48b1,"[0.8288583159446716,0.17114168405532837]",0.17114168405532837,0.5800000000000001,0,False
stage2_multiclass:S:919,,,stage2_multiclass,919,S,1,5d7be55e1b2c255752aa3621f6f6b894d9ddf533672280d2bf8269aaba52053b,9fabbbea1b885e7456a0d62dcd261149a6d80cf7e76bb33390f086b586b67583,"[0.4492899179458618,0.5507100224494934]",0.5507100224494934,0.5800000000000001,0,False
stage2_multiclass:F:783,,,stage2_multiclass,783,F,1,08b2150e31ac3825bc12cefd906b4c35aa0539ec05db9a443f88456b881e41b1,18817285781550fb85d2fac5728b64d23b42a340c898ed8f9e14db764d91193a,"[0.8646565079689026,0.13534344732761383]",0.13534344732761383,0.5800000000000001,0,False
stage2_multiclass:S:2754,,,stage2_multiclass,2754,S,1,e16d878494ac93d47eb82eb457ae7fe28da139d59e8de88543471e143f5d8690,fa0e4dcf6e2c718698b729720bc036b59c4675d09df240a92920f25ac28b9bc7,"[0.8296125531196594,0.17038744688034058]",0.17038744688034058,0.5800000000000001,0,False
stage2_multiclass:F:4372,,,stage2_multiclass,4372,F,1,12d6d16f9833704dd4cf17ab4edcee0b79c6a3b8ec69ebbbee6e5b9487387551,75c41ab8f36de6d63ad41b4b827a8ea793235e515f1b007d1e715f238a701759,"[0.8568940758705139,0.14310595393180847]",0.14310595393180847,0.5800000000000001,0,False
stage2_multiclass:S:3602,,,stage2_multiclass,3602,S,1,4653860db8807b759b732ea9ab17a3ee78f8dce49174bed6ed7de959a61bd31a,3a44a45ae0ddd5798d59a6a0d82704bf6681bdf814c8af3ba7dd9afc9649c9d0,"[0.6180351972579956,0.3819648027420044]",0.3819648027420044,0.5800000000000001,0,False
stage2_multiclass:V:165,,,stage2_multiclass,165,V,1,a26682d79fff7a07bf6f299b7140bef814d4db769aa45ad6bbf896015bd2c9e4,22e71448e0ec2a98b7daae4073149f04f0e22e34d7a259b58914efc325d2132b,"[0.79876708984375,0.2012329399585724]",0.2012329399585724,0.5800000000000001,0,False
stage2_multiclass:V:646,,,stage2_multiclass,646,V,1,a81dfd71d788c09023b9bbdea3c8b6a48d1894aba40b969b459da6193ba2fa8e,7ef0b1de234bff4a27f118b1a5e197ebccc8b542cd8de092f6556d1f62560a32,"[0.5727598071098328,0.42724019289016724]",0.42724019289016724,0.5800000000000001,0,False
stage2_multiclass:S:946,,,stage2_multiclass,946,S,1,ccd8e122a236deb72ea6a21f1664d98a2f97f4c16f0d5d402143842e89cd9d69,85a0403062444ef7b0572a36c82bbb2aff4d5bb1e5c78efa77e2485c62de007e,"[0.8931814432144165,0.10681859403848648]",0.10681859403848648,0.5800000000000001,0,False
stage2_multiclass:F:4700,,,stage2_multiclass,4700,F,1,1040b34c903e5f7f6bf87448fc046a05a9b7b6eef1b8a1442b8ce011c73c2314,2c646f265822ba38ed814809d19d07e87ffac60d2adc30fac847cc57049a3de7,"[0.4529182016849518,0.5470818281173706]",0.5470818281173706,0.5800000000000001,0,False
stage2_multiclass:F:5951,,,stage2_multiclass,5951,F,1,0aa69d4ff8c31e7b550ae9b360d99d979f7ad3c23282e37224a74ec33bb2c5c1,9038731ef1464d68735b71b6481ed616d2d48e2f826baa6cfe41fad14d5b7bde,"[0.7134438753128052,0.2865561544895172]",0.2865561544895172,0.5800000000000001,0,False
stage2_multiclass:F:5893,,,stage2_multiclass,5893,F,1,eb1cff126ace81458017454a52a31a54306b40e5f075e4c855b1e1136156b624,7a9b1afef6e444148ed17321eddacbc6f3f19ab4e1077371ebf4a2c9c144f524,"[0.5789701342582703,0.42102986574172974]",0.42102986574172974,0.5800000000000001,0,False
stage2_multiclass:F:6006,,,stage2_multiclass,6006,F,1,70a85c2fcd1e45f74e5b17e39de7e6492f320affb4d97546265b6eb512ad6d08,3427d64a7424328d7e43ffe83a90e2f342d972b004af9036b0d32e1e7b660459,"[0.7318592667579651,0.2681407630443573]",0.2681407630443573,0.5800000000000001,0,False
stage1_binary:N:28,,,stage1_binary,28,N,0,8ca54a01e317e518ceac2679bd78d4dd9e43bc7e749b9b2fe1688f4ca021b26a,7c9af019204a6997e220da7c57e93a4cc0f3c814aa51231805ad76c7bf8063f0,"[0.6057152152061462,0.39428475499153137]",0.39428475499153137,0.5800000000000001,0,True
stage2_multiclass:F:3719,,,stage2_multiclass,3719,F,1,4b8a102cb818e63b9fd5ae4412709ab88d8c714bb1a9841aa31f962a4088c943,8091338d3de04f84f903c96bc072625fe9c24ce126afdfdd85b57fb2d19d8a84,"[0.9156178832054138,0.08438213914632797]",0.08438213914632797,0.5800000000000001,0,False
stage2_multiclass:F:5872,,,stage2_multiclass,5872,F,1,568d0b18186233e48454839d7e85eed70a8a287edd72072320087f00d000013d,72fb855495a62b8e1f63a893673f215a588bc24ad3051dc204ef9685c29b1b9f,"[0.47120314836502075,0.5287968516349792]",0.5287968516349792,0.5800000000000001,0,False
stage2_multiclass:S:981,,,stage2_multiclass,981,S,1,36dc313ca299073ad48585998297f4272e07eae75bb0e2ad1510e1e7cc531aaf,2d9fe258ae0fd0d3ce78ede06a28a6a389ce29c88f8dff3b3747eb7061238ac5,"[0.7279811501502991,0.2720188796520233]",0.2720188796520233,0.5800000000000001,0,False
stage2_multiclass:S:2620,,,stage2_multiclass,2620,S,1,0ffdf44cab966d042f92181bb97a2cc965b99837c4480d5a491f936dacf75411,4108c5e3f9fa49c79aebf2c38c1330533251d2153b2cb8e2d31fff19d23b8407,"[0.7889804840087891,0.21101947128772736]",0.21101947128772736,0.5800000000000001,0,False
stage2_multiclass:V:245,,,stage2_multiclass,245,V,1,6880596ca8f1ec9d7f445b00287ace2884d8318eca2e6b36db7ec0f00fdb36cc,1af36b3920abdbf7ae76ee9455f0a4ffe9a0e1832d28a13aede52efe8d5cff3c,"[0.9279294013977051,0.07207053899765015]",0.07207053899765015,0.5800000000000001,0,False
stage2_multiclass:F:5839,,,stage2_multiclass,5839,F,1,03fe31a158b1f847771ad3e9992eab3add9a2e88d4605c137e3a437c6b876955,a05c7f2a2e52b83c121dc9a82e2e8ee55d339269622f98997749da4ca63410bd,"[0.6961003541946411,0.3038996458053589]",0.3038996458053589,0.5800000000000001,0,False
stage2_multiclass:F:4715,,,stage2_multiclass,4715,F,1,f9973a9c13150f4bbd8736c86ed140b9660539e08e008e35d4e00ca6be641e2d,542a6c0b2de7c54f96f7db698307dd2a818d36540907e498c6e92f29c3ebcf24,"[0.860982358455658,0.13901761174201965]",0.13901761174201965,0.5800000000000001,0,False
stage2_multiclass:S:920,,,stage2_multiclass,920,S,1,54d8452708edd091ca8738ce84ed953fe693dfad1c420f02e312130ed26411f9,c3fd5d73b250a8f5eb4ec2f5932c3dc1fd72df310956a24f51281e5466eb8465,"[0.700739324092865,0.2992606461048126]",0.2992606461048126,0.5800000000000001,0,False
stage2_multiclass:S:2426,,,stage2_multiclass,2426,S,1,54cc49fdcaabd083f1e62b06f96e0edbe74697e196a6892f87b0e5a26d316724,dc0b6a5a94163a54d8703dfe847e538f7f37f58cb977cb323b5832d321349a43,"[0.8175672888755798,0.18243272602558136]",0.18243272602558136,0.5800000000000001,0,False
stage2_multiclass:V:224,,,stage2_multiclass,224,V,1,a7beb6f831c2454d5dc7e68dd07d5989a10240033106c3fa3b521c3ed0b87262,ea5c9a4348624f1d8a7d51ca0b95722f6b9a10d58bc42fd618bf0a2d94ba312a,"[0.779391884803772,0.22060813009738922]",0.22060813009738922,0.5800000000000001,0,False
stage2_multiclass:V:252,,,stage2_multiclass,252,V,1,b1b9f86f484bbf850dffee7f81ea3a4d42eac3f3c1cd413388f932630d8d1360,319efc834f22550a412a512c59715d30251188d2eae8d9b87847264b0f2ed4db,"[0.8530063629150391,0.14699366688728333]",0.14699366688728333,0.5800000000000001,0,False
stage2_multiclass:V:176,,,stage2_multiclass,176,V,1,43c467869a79229af66e4aab0639266ac6ff70130e211fa90bed1ef14eb7df7c,53e74163427e5fda92cdc8e5c998d5366f041c262530bb0c7646b6a39dd1dae7,"[0.8864058256149292,0.11359421163797379]",0.11359421163797379,0.5800000000000001,0,False
stage2_multiclass:S:5111,,,stage2_multiclass,5111,S,1,b7408507a99ad197c775a3e9b002977df357f0a96edbe4407a4805b6ff6f9c7f,fe0f5542b4ea67ec77e2297194d45a948738114164892d895d4ab8cc6d06ee49,"[0.8927474617958069,0.10725251585245132]",0.10725251585245132,0.5800000000000001,0,False
stage2_multiclass:V:528,,,stage2_multiclass,528,V,1,07717834b4e63996e3f9d62a4f28be48a0ed85827b537d1b88d405d3b3012f0b,f33ec30135c6867c4ba6d4aff95bba01c9d84fb2451267a4ce97cf0ee9b2dbd3,"[0.8287332057952881,0.17126677930355072]",0.17126677930355072,0.5800000000000001,0,False
stage2_multiclass:S:5137,,,stage2_multiclass,5137,S,1,4fc5ae136b3cde2acade5110ff171403bfe4ac7e8960ee81bff7f370fc21984e,0a091d5d9d2c7dde3ef96d955b329005e3c38d66c24e37da7f95362735ae34ff,"[0.8838006258010864,0.11619937419891357]",0.11619937419891357,0.5800000000000001,0,False
stage2_multiclass:S:1860,,,stage2_multiclass,1860,S,1,d587438c9909543fa3ec0dbacb579a73b107cdbad3607ded1f45f1bcee58e78f,8befb3b18e3d92e6da602bf66c8da170059df05a7f09a93069b63363b1852490,"[0.7891674041748047,0.21083258092403412]",0.21083258092403412,0.5800000000000001,0,False
stage2_multiclass:S:5084,,,stage2_multiclass,5084,S,1,29164bf209320510fb33ab54309576e7d63d3237501f1ff267f81e99b7bbdfae,47d49c962ab29f35f2b0fd81e2036f82af3914e47995bda4e54912b8a9e47153,"[0.8535277247428894,0.1464722603559494]",0.1464722603559494,0.5800000000000001,0,False
stage2_multiclass:F:5661,,,stage2_multiclass,5661,F,1,0e11b984fa751edceb8b31ce598cf9f1d54021170a09fd07e370dd5db2481d3e,516c033edcf1262a07e3a85de05fe3136db7ff564339c2cfe12381e0bf564c71,"[0.8452336192131042,0.15476641058921814]",0.15476641058921814,0.5800000000000001,0,False
stage2_multiclass:S:2774,,,stage2_multiclass,2774,S,1,b4a3afbbfcfe293624a302e281291d93676850347654a67746d75850f9addbb9,eea20dff7f565c3541aa57d48152ce70f6b98940fbf47321e9a1a20d099d033b,"[0.8312706351280212,0.16872933506965637]",0.16872933506965637,0.5800000000000001,0,False
stage2_multiclass:F:4668,,,stage2_multiclass,4668,F,1,c675f5d6a5503c07b53c1291e358031ec853eb2b87c90ae602f3c27f7fd3c25c,e80141e35e784c2788eb7037abc6f2ca5dd08f391124c462c6f1e03cbe8ac6b1,"[0.8540982604026794,0.14590173959732056]",0.14590173959732056,0.5800000000000001,0,False
stage2_multiclass:V:112,,,stage2_multiclass,112,V,1,dffcabf2cf18a1ac80fcae2d8977aa27ec97008714b04d6b676beabad365181a,8bf6950b416d02aa8ff1c6f08da0b6e96761bd97af775112dfd1f857fc641d86,"[0.4310740530490875,0.5689259767532349]",0.5689259767532349,0.5800000000000001,0,False
stage2_multiclass:S:3634,,,stage2_multiclass,3634,S,1,c85e874e381aac6ead64d97ca567603435387406c5b39d15f271f236d3696e9a,284e06f889c5c59eb971f5208bbd92ecbe56a622b28fb6c2277ef8925a603f4e,"[0.4581197500228882,0.5418802499771118]",0.5418802499771118,0.5800000000000001,0,False
stage2_multiclass:S:3643,,,stage2_multiclass,3643,S,1,e962644bde215292e90afed9a18485a226e2f9c7bbf8617d16d1c066fa8855b0,b110ad83feca1752dcce79b261b2ebeb3cdfa9d938032fadb36354bb2c5a1df7,"[0.6306925415992737,0.3693074882030487]",0.3693074882030487,0.5800000000000001,0,False
stage2_multiclass:V:190,,,stage2_multiclass,190,V,1,835efab0dcf816b6d0a77d5436cb70e9dcfe20ba0175995922498e243614cd36,aeee00f0b391d5c3fc926f3abd3925a337e39673be845945f783e0b5e57561b5,"[0.7559619545936584,0.24403804540634155]",0.24403804540634155,0.5800000000000001,0,False
stage2_multiclass:V:390,,,stage2_multiclass,390,V,1,a24d0b01d0ca6e6dd3e93b9311aedd50c35ad8b824c35552d00243222203769c,427528a4fe5fb40871b0cdfe5af6acc5a6b24b1a0401cb093906dc90b77120de,"[0.8456273674964905,0.15437263250350952]",0.15437263250350952,0.5800000000000001,0,False
stage2_multiclass:F:5931,,,stage2_multiclass,5931,F,1,0a1e7207af6ecadf84969af1142094671362851e37182ca0cbf1c8a552808f3b,09ca0a11d8c23bc84014a352a30c8401ac51345a3570ee5211ea0303c6f23a45,"[0.3840925693511963,0.6159074306488037]",0.6159074306488037,0.5800000000000001,1,True
stage1_binary:N:80,,,stage1_binary,80,N,0,9624d9a57e27b8e0c93840433bb872b70839e654cf555039bf846eb2900f8496,35b97d8f78d16b40f59b8b3894c289f0e7a1693c233e0e8a19698d98aa46d930,"[0.6052534580230713,0.3947465717792511]",0.3947465717792511,0.5800000000000001,0,True
stage2_multiclass:V:348,,,stage2_multiclass,348,V,1,9de3ddc81ec5199dae78cbd5e01eb34c85f9ae7c112e90b8fffc1a0c61d5a4ed,1dc9a24a3855340e562986e5e654847d0846abf9926d1dda794280d3ed9fc958,"[0.3995091915130615,0.6004908084869385]",0.6004908084869385,0.5800000000000001,1,True
stage2_multiclass:S:2683,,,stage2_multiclass,2683,S,1,09faec1197bc88f38a39f0dd1f2c0ac2e53005626c250d8c06ef17a53dd7cb23,2bdca73f41dfa96aab0503ce7d17028da4a9fa207f54e376d5f890b76bef8d6b,"[0.8185550570487976,0.18144497275352478]",0.18144497275352478,0.5800000000000001,0,False
stage2_multiclass:S:2793,,,stage2_multiclass,2793,S,1,4b7d3c8cd7993c0238cdcb098fca837352b93906daba2572590cade87ad1033d,cbe801cab53375e546401b3ff86999b71400c3dfaf722ef0a50d4d02d443bd75,"[0.8309101462364197,0.1690898984670639]",0.1690898984670639,0.5800000000000001,0,False
stage2_multiclass:V:445,,,stage2_multiclass,445,V,1,5a1641d1771b7eb179af0d622a24afe109a981d7e50e8a50f557d2c071bf1401,a1aa553ec4605545f4185432ed54083eb7497f0bebf4211f555540ae119ffaa4,"[0.43094155192375183,0.569058358669281]",0.569058358669281,0.5800000000000001,0,False
stage2_multiclass:F:5981,,,stage2_multiclass,5981,F,1,8e876e20adf33feca0bbe39b841d9e63fd6dcd489227a8992acbfc7cff8bab4a,e99984c14841b41390484a35010182f1bedd2d78ca2afc4dc640ef2cb6e984d7,"[0.8294342756271362,0.170565664768219]",0.170565664768219,0.5800000000000001,0,False
stage2_multiclass:S:3598,,,stage2_multiclass,3598,S,1,bfcc96a60f31c9261e3344606a7b8c1f9e4506efb44d134f7ad298d570fc1c2e,b1f74a9854cac1d4de5811695065627370eadb18fcbea608f205b53a34a8f012,"[0.8076246380805969,0.19237540662288666]",0.19237540662288666,0.5800000000000001,0,False
stage2_multiclass:S:909,,,stage2_multiclass,909,S,1,40ca1fcd0160ecb4e732db0c579982a1f01e86771c2d30dbfb97c64613f22f17,c2ac63d03386657d14896d4f7956618f6fd47c59951bbebc5dbe9edde6652008,"[0.7119013071060181,0.28809869289398193]",0.28809869289398193,0.5800000000000001,0,False
stage1_binary:N:65,,,stage1_binary,65,N,0,32c7db15aeb293168ec6bb77e9641ca0d2186436dc17daa0605564df44bfaeef,92efb77ea187a1ae93f429137310efc843287d093dd3f71d8f9ea8b4f1e9bfb0,"[0.6290709376335144,0.37092912197113037]",0.37092912197113037,0.5800000000000001,0,True
stage2_multiclass:F:3300,,,stage2_multiclass,3300,F,1,564e31b845ec9196157f1a3891817d4ea07d1a47a281dbedaedebb7d03c0ab44,8373567da1807947e67170c729c142cdf265d6ee68277214c0bff555fd50e1cd,"[0.8496549129486084,0.1503451019525528]",0.1503451019525528,0.5800000000000001,0,False
stage2_multiclass:S:2579,,,stage2_multiclass,2579,S,1,01e04111a74dcc0b8aa7452391e52b391e5931f16683eedeaa3b1c881762ab24,80238f202a5be8d0e061efe1844fd6f2b2830b3ec80031886fb0166e0d2e2bc3,"[0.8228939175605774,0.17710602283477783]",0.17710602283477783,0.5800000000000001,0,False
stage2_multiclass:F:5660,,,stage2_multiclass,5660,F,1,16c4c9cef04b650023f930a80624a46f8bcc9dd17eda81b4b14d56c5cc29d520,5466d3be4f42b2ff67038ff1ca2a570be4d066a2b858e36ce600a460448f8aa9,"[0.7500864267349243,0.24991361796855927]",0.24991361796855927,0.5800000000000001,0,False
stage2_multiclass:V:97,,,stage2_multiclass,97,V,1,2334a6162e173428dcec07ae40f1d6078c3786c0a61aec30301ecbdd9fa3047f,d5e6f92bd2efa5583150de74380bcf4c777b76db59485f18e690efc378089416,"[0.8871619701385498,0.11283797025680542]",0.11283797025680542,0.5800000000000001,0,False
stage2_multiclass:F:5698,,,stage2_multiclass,5698,F,1,73692c2fc034ee38857fb9b634ba1330945b0f0f09fb00aff43cb5d44a111f4f,60a76daabcaaa0c15ed5c51a3069d5a07b7a0e15b1dc70ceaced9f44333cf881,"[0.4156048595905304,0.5843950510025024]",0.5843950510025024,0.5800000000000001,1,True
stage1_binary:N:10,,,stage1_binary,10,N,0,e5ec317f1233586753fdb18a87470ac2ee4a7745b1617ce41f1abb3b6cbf9932,694703fe54c5b807743a4872ba309b7ad1235d104d208d9d2d51008223371c0b,"[0.5748050212860107,0.42519497871398926]",0.42519497871398926,0.5800000000000001,0,True
stage2_multiclass:F:5655,,,stage2_multiclass,5655,F,1,8b10756fbada23970fd902b2c0328807a43f99ce52f0fb4354b654105d061897,5911fb4882e1cf0779c2b3b9d6412da54f1c3a3a542090ef8d6c4ceb818a95f6,"[0.7163078188896179,0.2836921513080597]",0.2836921513080597,0.5800000000000001,0,False
stage2_multiclass:V:184,,,stage2_multiclass,184,V,1,d14e14eb561f1a8074cfa0b41e36ca3dfa2ca9fbe5fa5d45269f8fdbdb9cc920,fba4eccab34ca3f4513ce596e337e7673d0a68e36e2e5c733a8d0e03f6a81055,"[0.868756890296936,0.13124309480190277]",0.13124309480190277,0.5800000000000001,0,False
stage2_multiclass:S:1478,,,stage2_multiclass,1478,S,1,901524acdea46868259740d201d09281b1813b0de6d9568aef6e12fbd5a11418,6c1d419824469c9943cd350c3d77efcbfa6de0619eb8fa96bdb24b813c258135,"[0.8190089464187622,0.18099109828472137]",0.18099109828472137,0.5800000000000001,0,False
stage2_multiclass:S:3645,,,stage2_multiclass,3645,S,1,081e81cbae9f0a9456826521d0003b159459f9dbfbc2c58833c6b744055c129a,23bc928a7e3b023db3fcf64d4f1892a9e8b0f347b4b70e92a8eded945c339ef2,"[0.6047043204307556,0.395295649766922]",0.395295649766922,0.5800000000000001,0,False
stage2_multiclass:V:228,,,stage2_multiclass,228,V,1,1817f17e85fd7e9dd8d92fa757f7b5b6ac38c1bb116fe4f4f47bf92b90031464,0d44175fb9a513f9b42a9b6857e48b94a281ff792114eb7f942d57df08318d24,"[0.7810602784156799,0.21893970668315887]",0.21893970668315887,0.5800000000000001,0,False
stage2_multiclass:V:553,,,stage2_multiclass,553,V,1,8b3259388b7ef23f2559e662aa3b3ef684adb925c91518973f2b98e7769cbdb1,e9b3ffbec421a51c58511a1e2f7dd81594806e9b7f477aaef0739fa87cc7f9a6,"[0.7773960828781128,0.2226039469242096]",0.2226039469242096,0.5800000000000001,0,False
stage2_multiclass:S:5122,,,stage2_multiclass,5122,S,1,40eec7a566a1a910b645fe45237e6459f840b2a8e0d790efccef718f5521a3e0,469ab9a29fc850b860697fba9cccb6aff6beb5894d1a858bc8dd009324ed419e,"[0.8921598792076111,0.10784012079238892]",0.10784012079238892,0.5800000000000001,0,False
stage2_multiclass:V:412,,,stage2_multiclass,412,V,1,3fb2a7a7d1f2900f7999c279fb5854b07f518ae9294bf84cdbd283033ef9347f,6dbb2965ba548b1c8d45b23967769b231a5f62c271993bde2670f2e414a060fb,"[0.935344398021698,0.06465557217597961]",0.06465557217597961,0.5800000000000001,0,False
stage2_multiclass:V:477,,,stage2_multiclass,477,V,1,92e939e1beb4ca4dca1b3a29eccd6484eb30022a11e41d07c0898a62a0bd111d,e147ab23cb1ebad547aaaa5d457d4f56cfc632577151f93ab5d30fb673014d60,"[0.8199449777603149,0.18005500733852386]",0.18005500733852386,0.5800000000000001,0,False
stage2_multiclass:F:5643,,,stage2_multiclass,5643,F,1,c733f3c0db02f933d046a68801260efd275292ab1b3d0fcd7779933c1ad0b425,b4f9d0c7468a38537e1a8ecf4f1d33733022f98f1ee4e30a095ee7c326935f25,"[0.7755581140518188,0.22444190084934235]",0.22444190084934235,0.5800000000000001,0,False
stage2_multiclass:F:5646,,,stage2_multiclass,5646,F,1,5cbd8c9841977cd74ff7ca81c70ec95efdfbe7980c43d1d265d571866c38cfee,040cdbefe73bbe551633954f3a0f580bfa53c4a9492a374cf72114591dfb460e,"[0.8528172969818115,0.1471826583147049]",0.1471826583147049,0.5800000000000001,0,False
stage2_multiclass:S:5104,,,stage2_multiclass,5104,S,1,909368bf532ff92150458da509cc9f480f4be63a2d2a1ee816e5d951b1c2b58c,ec27be321da8b73381f6f668cf97e60e3815387cccb0529e752ad5f220934b54,"[0.8974024653434753,0.10259751975536346]",0.10259751975536346,0.5800000000000001,0,False
stage2_multiclass:F:5912,,,stage2_multiclass,5912,F,1,4522e86ef44652a36b43b463aad1ddfe65853ca624924f0ac9c1a563ffe8f703,24c15a262402442df3bc26e76e7dbfc007a3c7c3e7639e103c1c53be7564b303,"[0.41648393869400024,0.5835160613059998]",0.5835160613059998,0.5800000000000001,1,True
stage2_multiclass:S:1519,,,stage2_multiclass,1519,S,1,140af1bcd42eca32caa154e9ad0c57da1f9a6954cc6245eb4f4507db1d00cdb2,a4a0fe2324cd51847346b4a3b2bd052e62a41921157f6be1d631461807ba57d6,"[0.47569841146469116,0.5243016481399536]",0.5243016481399536,0.5800000000000001,0,False
stage2_multiclass:F:3736,,,stage2_multiclass,3736,F,1,9e3f0634011e449bbfe546f7cf5c9071e7f38eb7a25fac876c5240e972f2c023,bb78400278b88f57b70349bb497edc823b56f67edd8f882c4e586a77f828638a,"[0.8549330234527588,0.1450669765472412]",0.1450669765472412,0.5800000000000001,0,False
stage2_multiclass:V:300,,,stage2_multiclass,300,V,1,7fc76cbea6db36010eaf03397732b3cae607da73bc73d13868cac0a83145a1d3,700923bf9bfcb570a0b94b4af1fa5f84592082c9f64ff271f013f9919cc0c23e,"[0.7950074076652527,0.20499256253242493]",0.20499256253242493,0.5800000000000001,0,False
stage2_multiclass:S:2585,,,stage2_multiclass,2585,S,1,a10b176818327e8d8943e509d881e2bac267b7d9b237490bb1362b4ec9b0f85b,04873e53500d5e7b58a7e50abfd940c29d7166dd76d28b54b485afcd7dba7d35,"[0.8172453045845032,0.18275465071201324]",0.18275465071201324,0.5800000000000001,0,False
stage2_multiclass:S:917,,,stage2_multiclass,917,S,1,29719ec0e914452a7b1563c039101edbebce3c44f2e0c4218223368f792fcf8d,603feb8b193d250f99b42f412ee93f00f6b2bb50a77eb67c15c8988b85326339,"[0.6925114989280701,0.30748850107192993]",0.30748850107192993,0.5800000000000001,0,False
stage2_multiclass:S:2727,,,stage2_multiclass,2727,S,1,43d931c2a24411496b5311ac68cdbfe06455e81ee792a4fe7478ca3cdf2174b4,e3d673b7fa2596ef4ed4478efad66fef126ca3ee2341f95dfa4d6693e2eb2875,"[0.8213709592819214,0.178629070520401]",0.178629070520401,0.5800000000000001,0,False
stage2_multiclass:V:126,,,stage2_multiclass,126,V,1,da9a73780123d595d28867dd4a0f20c0115f9e153432b96d32139f12f407d33d,f0c60a6804e81c5a851dede7a89e6d16ace5e83dcfe3a1837b4de4dadb445e29,"[0.8657868504524231,0.1342131793498993]",0.1342131793498993,0.5800000000000001,0,False
stage2_multiclass:F:4819,,,stage2_multiclass,4819,F,1,81bef33c35dc019bb52cdffd5a0112cd21a696fab1f2c8d74937409d3c5e63b2,a4b17b41ecdf1cd4ee9ba62a0e328e04baeebb832659eb7d0d7ec96c1011614f,"[0.4538317620754242,0.5461682677268982]",0.5461682677268982,0.5800000000000001,0,False
stage2_multiclass:F:4186,,,stage2_multiclass,4186,F,1,28593f82e88e3f20449c707293f905ede802c8f218f24a9b08624cfd114c1c8e,0f21aac9dac426b8fddbfef70502ad71c20979235e31ab04eebbfc14cd35f98a,"[0.6795510053634644,0.32044899463653564]",0.32044899463653564,0.5800000000000001,0,False
stage2_multiclass:V:533,,,stage2_multiclass,533,V,1,cce59fcd3862026d24ec66e913f97290943c03ad73c85b4df44b3d28f8807c24,b0408b756e6b0fdf677200262915ab853092102751329d41754999999f16156b,"[0.9191261529922485,0.08087380230426788]",0.08087380230426788,0.5800000000000001,0,False
stage2_multiclass:S:997,,,stage2_multiclass,997,S,1,5472cc2d03d4fc756e90be3e2e02ae8eff3407bea16cc0befaef97a6b5fb6140,b9397899dcd88693afa0f8ee309588e9bb695d60e74a5868385dbcbff8a5ed1f,"[0.7688277959823608,0.23117217421531677]",0.23117217421531677,0.5800000000000001,0,False
stage2_multiclass:F:4394,,,stage2_multiclass,4394,F,1,daf85322069216d01708a91f353d913d0932a2d568008d0da0eb75e1a78c5dff,26a9cca297e4576e09fddc4aa52e822339a3fbbd4188d5767e1574bcf0e2b9e8,"[0.4205824136734009,0.5794175863265991]",0.5794175863265991,0.5800000000000001,0,False
stage2_multiclass:F:4015,,,stage2_multiclass,4015,F,1,ba4bbae0fe3c9ce36e4c4e8d6356fc30e1b2545efe2fead399ecf0a023f418b1,5a61aaee95418641ec03204ce650912ed7586f6a844691b15b0bec48e7a0bb5f,"[0.854937732219696,0.14506229758262634]",0.14506229758262634,0.5800000000000001,0,False
stage2_multiclass:F:4340,,,stage2_multiclass,4340,F,1,60887a0ec43b8e1f61ecb26d8c63ea4e3e32edbf78981030a3adafcb25ad3b6a,ac98136ab99d0c0b5f4a6f17f0ed8c47822894f04945540a73717da3357ce3c1,"[0.38908910751342773,0.6109108924865723]",0.6109108924865723,0.5800000000000001,1,True
stage2_multiclass:S:989,,,stage2_multiclass,989,S,1,46f31eb76f8933c79d2b29bc884f28fe9bb07deeac6c65a2a64fe5af204daf9d,c8ae1a863fca3cda7d8a6aa158c36ecbb0a5459347841a7a7ee2dc02e11ff902,"[0.42558470368385315,0.5744152665138245]",0.5744152665138245,0.5800000000000001,0,False
stage2_multiclass:V:198,,,stage2_multiclass,198,V,1,a6cc1a63af6ed8461d58a00668db290ddec4dca3733b7ade5c1c92bfcae554b5,31057ef3182f44902813cdd701e6c4c18bcc09f2b3465bca3f047629670f0d27,"[0.7791216969490051,0.22087830305099487]",0.22087830305099487,0.5800000000000001,0,False
stage2_multiclass:F:5024,,,stage2_multiclass,5024,F,1,f899894b51a0a87d71db289095e2485ba5423da250e4401e903ace480b8cae9f,14beb2678c765f9bf234eb3c6634ab68eb1e5dc6e9e4d80f6df951ef466c64a9,"[0.8853908181190491,0.11460920423269272]",0.11460920423269272,0.5800000000000001,0,False
stage2_multiclass:F:5742,,,stage2_multiclass,5742,F,1,c51715179ca36bb380bb3dd9e2fa20668e189893e08a13424f71ee07763c0165,8d9ec172dfac7dcc6eac5091aedf59c7b11b25b3b54ea90bc1822652b53e9fc6,"[0.4590551555156708,0.5409449338912964]",0.5409449338912964,0.5800000000000001,0,False
stage2_multiclass:S:5142,,,stage2_multiclass,5142,S,1,7e60af023613d6f51b6f03ff4ec8ccda06329680fb4103ad3cf8bbef9e15ebff,3aafd93e6c59d2f7a169893454cc0b7f63df044c6a801b58e3eba4fafb098bbc,"[0.8796703815460205,0.12032961845397949]",0.12032961845397949,0.5800000000000001,0,False
stage2_multiclass:F:5013,,,stage2_multiclass,5013,F,1,e007803011dfe45ddccdf2185ff4c095cce17d702df79934eab2108525d7e800,e4888f20704b32a13587e80d4a559af2054d0a74974366ecf90591186f5e03c9,"[0.42054271697998047,0.5794573426246643]",0.5794573426246643,0.5800000000000001,0,False
stage2_multiclass:F:4932,,,stage2_multiclass,4932,F,1,3820a55740b3654f3ebcb6cbbf9df39bd70141eab11518a6cfe8e2ab51325a13,6d74eb5e5439eec2d8a4c76e8f05e228bf763910e88e21cf89f6a533f9d0af1d,"[0.8432250022888184,0.15677495300769806]",0.15677495300769806,0.5800000000000001,0,False
stage2_multiclass:S:2498,,,stage2_multiclass,2498,S,1,9a7fd6166559fb2d3e1fb0618b55685eaee88c058f4b4d84a3b29d6efe2d2001,44b3ea4028bdc72690caad4a7eb4c2a86637055f14ec1c1fd54d54646463a8d2,"[0.7794223427772522,0.2205776572227478]",0.2205776572227478,0.5800000000000001,0,False
stage2_multiclass:S:5116,,,stage2_multiclass,5116,S,1,c2d24dda14e2f07ebb1b50d41d9332d919e231462d6585d0e5f5c184d86c5bc0,c1c35546773ae85a76c453c0703be3e7ee9fa091d7d4c908259b6bf217bf5f75,"[0.8809731006622314,0.11902689933776855]",0.11902689933776855,0.5800000000000001,0,False
stage2_multiclass:S:924,,,stage2_multiclass,924,S,1,72d6c044c8623e1b7a0fbb75d186bf6b53361d4071aafb3f4fa6a46c26dfb556,255d8e6c58ac9a011e53691c45d267e315d2b0588fad1b20d9e720c3c8bed060,"[0.7915701866149902,0.20842981338500977]",0.20842981338500977,0.5800000000000001,0,False
stage1_binary:N:121,,,stage1_binary,121,N,0,a48d80834a69cb923bfb7b41f113285e27f1dca451fa05e0323ec2aefba12b3c,811bf175b125ff4103e52ba4ae80f66781ee40888c3a40e58e4f4ee231dc5596,"[0.587324321269989,0.412675678730011]",0.412675678730011,0.5800000000000001,0,True
stage1_binary:N:116,,,stage1_binary,116,N,0,032cd0112d3a7f40b5490c03d085907b85cbd78e4668a9b59c3a431c9def1414,923773e11a44d63464eaddeb6171074b97f01594f9e6ccbee0416fed9f004d93,"[0.592277467250824,0.407722532749176]",0.407722532749176,0.5800000000000001,0,True
stage2_multiclass:S:2337,,,stage2_multiclass,2337,S,1,3225b19ff5943247906ab82d19fa1f59e5cac43fc2c87d76b27049ce7a7961a2,2b859b1000842639428df32a4f728d7a8513f5401b9b196dc824733e8e3e1d72,"[0.8561145663261414,0.14388543367385864]",0.14388543367385864,0.5800000000000001,0,False
stage2_multiclass:V:84,,,stage2_multiclass,84,V,1,3f68c69321d12c2c791e57a76e29ee52e609610e3f8f5891426ae404f676ba0d,252a081db6e9b28f3300f1d5406a87aeba5c83534a1b88996442811d04229986,"[0.7587646245956421,0.2412353754043579]",0.2412353754043579,0.5800000000000001,0,False
stage2_multiclass:S:2797,,,stage2_multiclass,2797,S,1,ffba4ef24bde1995da7f93be5b5d01a9fb06cf4bb2d626f02ed0278ba5961ef5,6e55f604fbcf658e84996bd4ce7926a8fdc75179a99fcd4231c3e778db62c00e,"[0.837685763835907,0.16231422126293182]",0.16231422126293182,0.5800000000000001,0,False
stage2_multiclass:V:572,,,stage2_multiclass,572,V,1,346d4dd16347fb3d4ea9b3a2de4c5e3e9583124419f8137b4f602193f6bb25fc,730f21a5683fde87dab1af532da45f1a61b2a59dd494e6d1277ea8bf40270c52,"[0.8540035486221313,0.14599642157554626]",0.14599642157554626,0.5800000000000001,0,False
stage2_multiclass:S:2698,,,stage2_multiclass,2698,S,1,36e512d8809f0d8db00fe8869d580347224aa39354c62f58ef0dfb93dff0eb6c,cc2515f9f07f55a232951c09e1e8a644d3a7f107a3997f337d676b008597d184,"[0.8062422275543213,0.19375771284103394]",0.19375771284103394,0.5800000000000001,0,False
stage2_multiclass:F:5658,,,stage2_multiclass,5658,F,1,72a96004b53bff3d48902e6c7ae40b7183251ee1207d69d6e256a567172af865,99e5ad30c575b48b692606d801578b3be56ef04a591350729bb0d0965eeafeeb,"[0.7205005288124084,0.27949953079223633]",0.27949953079223633,0.5800000000000001,0,False
stage2_multiclass:V:26,,,stage2_multiclass,26,V,1,edc3a8be4b931177c5c04b953c09c7cc9ea2a4fc6c838884c265a6e9bb5f9f6b,0740f5fb288bbd81d3dbffdd4c78ef5dd03e9361ed9b2485c65da2c200fb19f4,"[0.6159772872924805,0.38402265310287476]",0.38402265310287476,0.5800000000000001,0,False
stage2_multiclass:S:27,,,stage2_multiclass,27,S,1,d4d12981aaa1703ceea6a62c09590bda4b7cac0e21b9b53f3ed9aaa2f16deae8,de8f76147401085ef2a2f997b102918109cd65b55030cac898db5e810faeabe7,"[0.549953281879425,0.45004671812057495]",0.45004671812057495,0.5800000000000001,0,False
stage2_multiclass:F:5867,,,stage2_multiclass,5867,F,1,dca7270cca096f707673420400c26e7c2794bf637773ba5558e6b1f29666e030,378bae09e5d47365c272f6989e161cf0d64ec1fb212d7474490868523e807f7d,"[0.5894025564193726,0.41059747338294983]",0.41059747338294983,0.5800000000000001,0,False
stage2_multiclass:V:554,,,stage2_multiclass,554,V,1,09e0411bed5a03444c9f31f7713be9103e2c6052136f116a282bb6702d39bc1e,70c5cc3036902b089bceb2609b44210e013210ffb983ec7b703ca6ba83ac50fa,"[0.7830568552017212,0.21694315969944]",0.21694315969944,0.5800000000000001,0,False
stage2_multiclass:V:607,,,stage2_multiclass,607,V,1,26b1a9342b9228676a813f646d7b64a09fbd7331c7df5b286e8c95b2752c55dc,a282adf3c086ac08b66bf6d16b566935e384ad6212b42d2d9f32e0fbecfe3476,"[0.4847748875617981,0.5152250528335571]",0.5152250528335571,0.5800000000000001,0,False
stage2_multiclass:V:675,,,stage2_multiclass,675,V,1,67783f4d7537544683c12f30691b2e0ceb5548a7326eabe673341127d906e546,ce273fc2b4b503f2c8bdbcb8c3aad7129392e9e6e109ad93781434ad8cb0d5fe,"[0.6190208792686462,0.38097912073135376]",0.38097912073135376,0.5800000000000001,0,False
stage2_multiclass:V:264,,,stage2_multiclass,264,V,1,6fa78d12ba46e8060d918fb97c3bafb0ada9a41d122c86d4e4129bc6ceab76bd,5145ab3e8845e0bd46291116c2b8415178404335bb12a2cda8bacd545a57b88e,"[0.8198695182800293,0.18013045191764832]",0.18013045191764832,0.5800000000000001,0,False
stage2_multiclass:S:1003,,,stage2_multiclass,1003,S,1,191f62394dea119afd88e3660463bf40a1516d781fa4a24329bb25623aa9c757,510b46ff7e6bbb14dfb35bd97b86930b7a26c04df4a1f6192bba5ff90bd50c9f,"[0.7523959875106812,0.24760404229164124]",0.24760404229164124,0.5800000000000001,0,False
stage2_multiclass:V:497,,,stage2_multiclass,497,V,1,ea0a7bbdabff127020fd9b6fcd050db1916185bfc814e63bbf1d68b057052eed,edefc4a8097f75f54779b6fa7e7e0f09def7f9fccbd2f3d3a124016cd01b37b4,"[0.7685011625289917,0.2314988672733307]",0.2314988672733307,0.5800000000000001,0,False
stage2_multiclass:V:109,,,stage2_multiclass,109,V,1,bc94b497b5d984258c6c5e86b95adc017510004f54045c2001a54388cf42f139,799f55131db16f148538c8c0cdaaa37d95d8eca0177daec7c2d5ca9f03050dc7,"[0.7662636637687683,0.2337363213300705]",0.2337363213300705,0.5800000000000001,0,False
stage2_multiclass:S:5029,,,stage2_multiclass,5029,S,1,ce73e9417eafffb9a8d73ff656e7ae26849b54c6353f80920410f6301ca7d308,387450e53b1df923e60d79e495baa731ab95f958a121875c09c0b1c7005daacd,"[0.9045657515525818,0.09543421864509583]",0.09543421864509583,0.5800000000000001,0,False
stage2_multiclass:S:3650,,,stage2_multiclass,3650,S,1,ddc05b0a33902dc15af71a479fb6f3177b44a48926a536c454338c3f576a19e3,81ef4e636c347b15bc0b0f594909ba8d8e1836f50d8780939850ed64f187f4e1,"[0.4376594126224518,0.5623405575752258]",0.5623405575752258,0.5800000000000001,0,False
stage2_multiclass:F:4172,,,stage2_multiclass,4172,F,1,d0143f3ffceea1cee18dc91d5df370854bb7b8d6ad5e25f15914258d4b4e0c4f,1e5c8bfda7ec1632dba0dbe44d745e749eb091e03351358931b042b1bcd0c4ea,"[0.4503554105758667,0.5496445298194885]",0.5496445298194885,0.5800000000000001,0,False
stage2_multiclass:V:375,,,stage2_multiclass,375,V,1,afeb7caab44c8c3ba7ad3a578a4eb6929f21c1292818b23fed02c117e82b2c05,6de42ee3650a6cb398f73c2f7ea90f524ee80de74686110de5c8c88caa7e9143,"[0.44093915820121765,0.5590608716011047]",0.5590608716011047,0.5800000000000001,0,False
stage2_multiclass:V:495,,,stage2_multiclass,495,V,1,21e451ac75ebc9eae97e7ba075f3b17629ff95f54c28ccf10f6e6ac45815f2de,bb22655beec88601609cc819c4729e8dcf3e7d1d2ac9db5261e01756db668f7e,"[0.8508789539337158,0.14912103116512299]",0.14912103116512299,0.5800000000000001,0,False
stage2_multiclass:F:4290,,,stage2_multiclass,4290,F,1,e7ac50a6a7e10d7722a9796550ffcf896e072b615dab499027b68bcd24b3fbd7,5d95111f4f31d32b1a76b8680345c3cf6834afa420a4cf07e71c0bdcd67941f6,"[0.47743719816207886,0.5225628018379211]",0.5225628018379211,0.5800000000000001,0,False
stage2_multiclass:V:401,,,stage2_multiclass,401,V,1,61e2c8466c70dba1fb38ffc29de2a5149a00d961f27c3f031b37aa92b43ed30a,6cc1c6a310454dbbf540353e3b12d4e8a5e51a203d0f73a7862156fb8e709db6,"[0.41189369559288025,0.5881062746047974]",0.5881062746047974,0.5800000000000001,1,True
stage2_multiclass:F:5691,,,stage2_multiclass,5691,F,1,7778a16ffa586a1253822add34005121c781aa20154758f0d19a99a45c6207b9,1a162aa2711cec24622e5c4cc3ab6d51386c92a36abd83e3fa758c05bb370985,"[0.8768282532691956,0.12317172437906265]",0.12317172437906265,0.5800000000000001,0,False
stage2_multiclass:V:92,,,stage2_multiclass,92,V,1,21f973a3a4380402c1ce01478fbccf7ccf91d4f78001bd70c5d98cbde3757b3c,31bcc0de758d4ecad26f8be6154a0abe5b0086dfb385b4008664081800ac1850,"[0.8403345942497253,0.15966546535491943]",0.15966546535491943,0.5800000000000001,0,False
stage2_multiclass:F:4825,,,stage2_multiclass,4825,F,1,625d210e3ceb69ea6ffe2452ccfd8f732699acd68c3d57920d985a1bbbada0f8,3c65cee509343acc775f92d47880167c03718f15de6e0a110c833a74fb201efc,"[0.4822269082069397,0.5177730321884155]",0.5177730321884155,0.5800000000000001,0,False
stage2_multiclass:F:5925,,,stage2_multiclass,5925,F,1,1cae3ee31ed5f727a7f4a1a52020c186293647be50b618e6acb829ad1d8bb939,faea1233d9f93ea310eb6757bd50e622d399b406d98d56b4760cef0f9f4f19c7,"[0.4195311665534973,0.5804688334465027]",0.5804688334465027,0.5800000000000001,1,True
stage2_multiclass:S:2641,,,stage2_multiclass,2641,S,1,b817cb7aa67f7b2f7798df69af437a281c765c8aa93b1af6461928f10c92e146,651732e6439db2ee5cfc562ceca2000cc824554c58b015105cff4719ee17507e,"[0.8158924579620361,0.18410760164260864]",0.18410760164260864,0.5800000000000001,0,False
stage2_multiclass:S:2696,,,stage2_multiclass,2696,S,1,040bbf56c10d6cea0c8f6b799e3c45697a3c84c78fcc19f60722bdced00ae305,8ab5bc2236d5b2ef1113d326a121d33c7a0335a9f03743d8e38684a3b764e3fe,"[0.7738956809043884,0.22610436379909515]",0.22610436379909515,0.5800000000000001,0,False
stage2_multiclass:S:943,,,stage2_multiclass,943,S,1,7c11b9afe96396f41a48a30f63d5d7bcd0f8e55d6bc5707a79cc10f672385507,fb2ed78d14e1ff4b291e058d7227f368cf27ff6da8d4a43e2f0e43d32df27104,"[0.8399562835693359,0.16004373133182526]",0.16004373133182526,0.5800000000000001,0,False
stage2_multiclass:V:463,,,stage2_multiclass,463,V,1,d0ac7a459d3eb7b85e18c8174609fee9e97415102612c3a7cd33f95809fb7b5a,906d034ee8114d95d67e52c9bdf032206dfe97c5fad8cc294a8f7023899f5137,"[0.922527015209198,0.0774729773402214]",0.0774729773402214,0.5800000000000001,0,False
stage2_multiclass:V:258,,,stage2_multiclass,258,V,1,510e821da1b93a38802e49be53d76412751006c1bf8599d6faadf88028cbe737,8fe67511eb4cc39c8282358f23af5c1643eddd7361612174197ce2449333d1b0,"[0.8270361423492432,0.17296385765075684]",0.17296385765075684,0.5800000000000001,0,False
stage2_multiclass:V:512,,,stage2_multiclass,512,V,1,85f5c18296e26ae4021d0bc7ef5b067d4779c89cddcd9650425648d0965d1244,843e39bb2b09eaa0779853432126d9184954456cb11749f478529efd39fa4e19,"[0.7832687497138977,0.21673117578029633]",0.21673117578029633,0.5800000000000001,0,False
stage2_multiclass:S:5133,,,stage2_multiclass,5133,S,1,9a619351ada80e0de27e012623258f807cb80a9fd998f65d91ceeb97c8bae28e,dc92c43261bbd78e72564c2c4271063cf37405a33d8bfd3daa127c1cd0803afc,"[0.8826538324356079,0.11734612286090851]",0.11734612286090851,0.5800000000000001,0,False
stage2_multiclass:F:4506,,,stage2_multiclass,4506,F,1,a7a341f492a00df565e7f3d4b02e812db3f95a2ad16aa656a00896319b2a225a,30defba3b66555abdf1208101497ed583e9e196c17cfe64d488bd3ba6fb6a0d8,"[0.8398357629776001,0.1601642221212387]",0.1601642221212387,0.5800000000000001,0,False
stage2_multiclass:V:413,,,stage2_multiclass,413,V,1,8a0d2557920d17ab1e631a37724074d0fa5bd083f22bd488c4fea185e51fe08a,d73c8abcbb15486c203fe3d69535fd7a594cc8b2ac3c8969bd1b802c70fee9d1,"[0.8851844668388367,0.11481556296348572]",0.11481556296348572,0.5800000000000001,0,False
stage1_binary:N:73,,,stage1_binary,73,N,0,0fac70eebc44293343f36856b32a4d2dd149fa770156f647c0491d652825a52b,81e279b9700ee3024ccb17fb015e7f31cd8357faf05c94c4ef1688f6af565944,"[0.5985058546066284,0.4014941155910492]",0.4014941155910492,0.5800000000000001,0,True
stage2_multiclass:S:1877,,,stage2_multiclass,1877,S,1,d5b3692823bc74cfb257abb7c7e381e7ee6ed1e84586135de7565c45b92a8e19,cc2a4fe85acc3efce527a1d1fbbb51274e0c3051a730b86514967f5065ad1178,"[0.8612899780273438,0.13871005177497864]",0.13871005177497864,0.5800000000000001,0,False
stage2_multiclass:F:3995,,,stage2_multiclass,3995,F,1,3df58e5a37c7f675e192359e8d3c3528c87dddc7c6501086508cb5c562e0b66b,a34f9dbf0bd5fea47e9a58c1a201eb43bed703574fc658def67f9fc6bbea8345,"[0.8996759057044983,0.10032405704259872]",0.10032405704259872,0.5800000000000001,0,False
stage2_multiclass:S:1470,,,stage2_multiclass,1470,S,1,9ef3c5c8e2689bce615f5395d28bf0f295f0c47a0d25cd8a67fe6092b27cf826,c8a24b81ef4cbe035682bf58d9c4972af96052bddd56f7fad17ee63d5c4f16aa,"[0.8666930794715881,0.13330693542957306]",0.13330693542957306,0.5800000000000001,0,False
stage2_multiclass:F:4739,,,stage2_multiclass,4739,F,1,98e745e651dd4acf66a57f2510b81117458f401fc65fb0da46f01701f7999600,a90e93b95e96dda84ec11df561c902eff29ab231ac7a4ada11d5ad0bee55fb57,"[0.4414014518260956,0.5585985779762268]",0.5585985779762268,0.5800000000000001,0,False
stage2_multiclass:S:913,,,stage2_multiclass,913,S,1,4ddb536d5690420b58be0997ac84f07cda1aa9012ab102d1fc906a498ce2b0f7,877aa93ac7e278426d14b29a926566a8fa50399b6c1fbbf409da7dfde194a794,"[0.7356796860694885,0.2643203139305115]",0.2643203139305115,0.5800000000000001,0,False
stage2_multiclass:V:119,,,stage2_multiclass,119,V,1,e7e1dfa218553b2e73dcc319b2f6e5ebf05cca0e4b694e190a68e6d790597f65,655834e955eaad68963fbb322e84db479b5ae2034a00531a238527d17813590b,"[0.49849504232406616,0.5015050172805786]",0.5015050172805786,0.5800000000000001,0,False
stage2_multiclass:V:327,,,stage2_multiclass,327,V,1,1ef3a75ec06f6801f8b9163705879250d6f012c7f84eb7b3224603d001047b02,854e887ad0897f6e30787318b8186c4437b2640128fb808527feb8bc8513b322,"[0.8596370220184326,0.14036300778388977]",0.14036300778388977,0.5800000000000001,0,False
stage2_multiclass:V:96,,,stage2_multiclass,96,V,1,c21ee53197fe78c38d589f6a1fa057fcf0e4b9a6747e1720e8ead59bce9ae643,f4d470ea71f1955be0e044ddda12e4abf2cc15afdbc5891551e3b6ff8912c5f2,"[0.8800016641616821,0.11999830603599548]",0.11999830603599548,0.5800000000000001,0,False
stage2_multiclass:F:5678,,,stage2_multiclass,5678,F,1,d3e1f4cca5acd183c3bcd7de63e73697ab5d02105c9b22891a2729cf34b10059,c8927dd727b72dbb00774e33e73165d6552fc06db2615afd46514229496ad341,"[0.749957263469696,0.25004276633262634]",0.25004276633262634,0.5800000000000001,0,False
stage2_multiclass:F:2676,,,stage2_multiclass,2676,F,1,83d581e9ad0a6c627b83f791eab10957e938acfc05391c85688e6edbcd4d1689,16272b564d7fc933660a837887e533e53e3cc6a6371ffb1322aa237f9bcd4fa9,"[0.814763605594635,0.1852363646030426]",0.1852363646030426,0.5800000000000001,0,False
stage2_multiclass:F:3830,,,stage2_multiclass,3830,F,1,da5ac50bcfd750f9793e668c7932cc16b7c2fa1a0a5bbe076bc2f2fce751d43a,be74e6db71c8adde6cfd8f1c783a8829809679a88f05d0303e7bd4830032bab0,"[0.44011369347572327,0.5598863363265991]",0.5598863363265991,0.5800000000000001,0,False
stage2_multiclass:F:4384,,,stage2_multiclass,4384,F,1,5ff81b2e83399999aff131bf704f30183084460ea51a63af9cc3ccfc6e57702c,bea00360c55b173cbaeb31653e7047bb9ec45612ef00f0243af8540d5cfbfc51,"[0.40657898783683777,0.5934209227561951]",0.5934209227561951,0.5800000000000001,1,True
stage2_multiclass:F:4334,,,stage2_multiclass,4334,F,1,59185e4859ef4fd64c117b13972f5dcb4e9c11e4ee51024f1e4c286261c676fe,6ab79d4f4cbee1a82c3c2d51978e9b704f5c623fdb5da9c0fa4c05a1524a8e2d,"[0.5128228068351746,0.48717713356018066]",0.48717713356018066,0.5800000000000001,0,False
stage2_multiclass:V:502,,,stage2_multiclass,502,V,1,5caf5e22c121b1c31fc7d78f7db2fd30710594195fc13338498f0c03bcbd7c28,431f386ebdb92a00767acd302e77d5ac2fed4f2a50f8c874462110d450ba7132,"[0.8927709460258484,0.1072290763258934]",0.1072290763258934,0.5800000000000001,0,False
stage2_multiclass:S:2788,,,stage2_multiclass,2788,S,1,458e7b86b95a149d3ff99979307a0097dbbf58d90b53983ede4c5b9f474f3e60,c359db773fda6c49a867b75dd202cdf138ccf4932958860fffe0ac2f1254fd29,"[0.8335992097854614,0.16640083491802216]",0.16640083491802216,0.5800000000000001,0,False
stage2_multiclass:S:5048,,,stage2_multiclass,5048,S,1,7d50cd7f2ce86eb09cceb8350d9309dccb6563ebe7427c7baa4b059b263df140,f10eb3d689c53500cd0426788e75cd2a9a11ed892da68045afeff6d2379e13bd,"[0.9014590382575989,0.0985410064458847]",0.0985410064458847,0.5800000000000001,0,False
stage2_multiclass:S:3556,,,stage2_multiclass,3556,S,1,1c8541cbc3199d6aab9eb1ec531854dc180176994f225df2406b6ec62c6cb73e,bbe7d245f71f288bc9d3c386cdb1e7cbdefe82bf3ba45306f97d409bd7d88ac0,"[0.8046236038208008,0.1953764706850052]",0.1953764706850052,0.5800000000000001,0,False
stage2_multiclass:F:4912,,,stage2_multiclass,4912,F,1,4a05caaef559444cfc45de7f53a4213b5792be6bbc448d954cf02a36a672af5b,5661915f754e93fc8d7e38305b23edb98c619889ae86f52da51ade53fef92a64,"[0.8529976010322571,0.14700235426425934]",0.14700235426425934,0.5800000000000001,0,False
stage2_multiclass:V:270,,,stage2_multiclass,270,V,1,8e9df7d95abf9dce1abe95ac64557672475e38724a735a346a943adb2dd2190d,b1369da3274b4970c0933be8218c12a17a5ffa86986ac56c4f33fa32ea0cb10b,"[0.8163975477218628,0.1836024820804596]",0.1836024820804596,0.5800000000000001,0,False
stage2_multiclass:V:588,,,stage2_multiclass,588,V,1,e4d5722f51b35903545ff1c0695d9b9974e9ee94ec3c967606f8b7e3591ef1ad,b63fd3d9b6ded1d5c1ca3ebe38403ec6daa1e744056635dcb4f001cef09b88c3,"[0.9225760698318481,0.07742389291524887]",0.07742389291524887,0.5800000000000001,0,False
stage2_multiclass:S:963,,,stage2_multiclass,963,S,1,b2ee860540929fdd1bbae11e4b78a1b56a6d10a3e0a3f853db6e502ca05560a9,9c594c6d2f4e63a234581fe94153df0ea38767f6da0aea920c03ae5f6cd8335a,"[0.8578176498413086,0.1421823799610138]",0.1421823799610138,0.5800000000000001,0,False
stage1_binary:N:122,,,stage1_binary,122,N,0,c8c71eb6d2e70ab427a4877b8a3b863855867294acb6cb41f3b20a9c65f8df37,c9bedb1fabeb9605e5bd2b1e33839cb16c18a36064330bd21609ea8af1a13c61,"[0.5469200015068054,0.4530799090862274]",0.4530799090862274,0.5800000000000001,0,True
stage2_multiclass:S:1463,,,stage2_multiclass,1463,S,1,553984545fc04ec85b0cb380de6ffe58db9b251a97b97a915270585133e7a299,4dfa87fff83fa264e5a14059fddbe2a4182c726f8884b3f5ae8280d1cc9f8e00,"[0.8075191974639893,0.19248074293136597]",0.19248074293136597,0.5800000000000001,0,False
stage1_binary:N:75,,,stage1_binary,75,N,0,fc7543c662fb4b70b71edd8a87be97e20d5263963e28129faa619f095b757bd3,a5ed5c470d6dfeae7941e35fa6b6928ea0dc85a7626be4990123762b53446f10,"[0.523021936416626,0.47697797417640686]",0.47697797417640686,0.5800000000000001,0,True
stage2_multiclass:S:3608,,,stage2_multiclass,3608,S,1,b7c228590b3e0eaf049bdf7194d48d4153e884e115963c057f01ac1f6e2be76a,eb986ef40d648ba15adc4005c011955db74e567f869543965df12846c9d7e494,"[0.6365363001823425,0.3634636700153351]",0.3634636700153351,0.5800000000000001,0,False
stage2_multiclass:F:5945,,,stage2_multiclass,5945,F,1,c318d65a72767f91b77d7fade0c071980cefbd10d204dd8e1f1706c7f5ae036d,0083c483bb3e3fb5a15d8d6d81a29aacd8fc990fa1f5b60346bdf39f7741ef5f,"[0.38938647508621216,0.6106135845184326]",0.6106135845184326,0.5800000000000001,1,True
stage2_multiclass:V:202,,,stage2_multiclass,202,V,1,140af39f1471c0065c2f4eacfd30e6532d55c895cb26dbcd84709fab2782e35d,4ed137ce40bedca1641c61e27df83bc0bb64ecaf6c7df58f83a63e76f7e9be2b,"[0.7983760237693787,0.20162396132946014]",0.20162396132946014,0.5800000000000001,0,False
stage2_multiclass:S:3585,,,stage2_multiclass,3585,S,1,884f513d94752138bc8a689dd48b6576b5d57fc7daf2ec5b7dece0ce63adbe90,c1b139dfa6458e5dda32caf091bc80f97cd4745df339f9dabd4d1281746a8c30,"[0.4373089075088501,0.5626910924911499]",0.5626910924911499,0.5800000000000001,0,False
stage1_binary:N:19,,,stage1_binary,19,N,0,5246bfc61bc009880a0d643b0b07f75bfcd604105f146b26e6930c22251f00a3,5f2d86bf17c00526299bb86f1e3291b5706c69938e9c7f7050f430acb74eabd8,"[0.5464792847633362,0.45352065563201904]",0.45352065563201904,0.5800000000000001,0,True
stage2_multiclass:S:3629,,,stage2_multiclass,3629,S,1,f6ccfd43491ce6ece4eb2964be3079d87224a32335c3e87d915f90c2f0aef6a8,d5893fce0476bc3591e3d6f3a2fd23b0a763747e52c46269b073926e45192a62,"[0.6154128909111023,0.3845871090888977]",0.3845871090888977,0.5800000000000001,0,False
stage2_multiclass:S:2619,,,stage2_multiclass,2619,S,1,e4229527967c8ccddaf959f9800ad3fb3e49e54fe5b2edfdcf7b45a4c7981003,715769b3e3483ad4b7f7f0296fc4652e5941b33fb3a8df0ea2815ba89b64bcf9,"[0.7814510464668274,0.2185489535331726]",0.2185489535331726,0.5800000000000001,0,False
stage2_multiclass:V:365,,,stage2_multiclass,365,V,1,2530b33c81688e27583b4ea79e007e2cfd58eccb85b463cad449b4a4c2262270,65984ad8e32e9661fd6c49ae618d4c575c0bc82b930d956a30ab73cf92e31fd8,"[0.8013443350791931,0.1986556351184845]",0.1986556351184845,0.5800000000000001,0,False
stage1_binary:N:105,,,stage1_binary,105,N,0,8e7106ff0620182d8834a5d3980cb6daf73972850ff98b57160bfa4cab69aeea,37968456d198fd5c864295c006f87b00f6314d5e6c0688562e49e62070d2bfb4,"[0.604891300201416,0.39510878920555115]",0.39510878920555115,0.5800000000000001,0,True
stage2_multiclass:S:3605,,,stage2_multiclass,3605,S,1,7244177ebcbafdd86412994184feb89bff95dceee1ea1bf24b1537a631c47871,be3000d6af1022d0c4432249ee59e13e5186a268325e4e1de0bf5ed91b6806b0,"[0.6363133788108826,0.36368662118911743]",0.36368662118911743,0.5800000000000001,0,False
stage2_multiclass:F:4300,,,stage2_multiclass,4300,F,1,aa54296fc6c80f09eb000a861dfe374d2ea28458af63b63a60ce1f40ffdca573,91e73e795f9d98ae988d80705dff6d50a9edcc37b8cacd75055dda7421b61f80,"[0.46774816513061523,0.5322518348693848]",0.5322518348693848,0.5800000000000001,0,False
stage2_multiclass:V:272,,,stage2_multiclass,272,V,1,a3c8c6a402c44b190957867a3a8b8a1e6f9b35561a47d1bec4147c3c6378b4b0,a638d7fbe01322249fb06440db10cb14186b73c8874f647f1c9f81266044344f,"[0.8396782875061035,0.1603216826915741]",0.1603216826915741,0.5800000000000001,0,False
stage2_multiclass:F:5881,,,stage2_multiclass,5881,F,1,149973d4b6d2baf22cdb70858d1befb9bdeb4d9711739929e3036688868ca6e2,47d67494ba896ac352ef7765172262dbf58fe66ede7814cf012849d46629c2db,"[0.38004326820373535,0.6199566721916199]",0.6199566721916199,0.5800000000000001,1,True
stage2_multiclass:V:174,,,stage2_multiclass,174,V,1,15ae511a419b9822652de7e4c4b48b81d198bd0d970ed5a63778fc840b0dad6e,4b99e3bd1b3800f5ba1a4114e07936ea70f43fc32b688351044125bd386c703f,"[0.8336732387542725,0.16632676124572754]",0.16632676124572754,0.5800000000000001,0,False
stage2_multiclass:V:620,,,stage2_multiclass,620,V,1,d5af7ac4a67e4ee9bbff4d8da745e19facfa5a323d7ab176b19a9e19a9dd1deb,94cabf2e9e481c49ebe2ab38ebff3aa7de19bbd882390d2f69a328a86f84db81,"[0.7082372307777405,0.2917627990245819]",0.2917627990245819,0.5800000000000001,0,False
stage2_multiclass:S:922,,,stage2_multiclass,922,S,1,039cf95871fdfe713ac99db858ba63a66008bc01c0fcbac8e71834d4da4e2829,bd5d6360e72072a7ab2b4b7fde8285fde49b1bbaec498ba67995ca208f19ead2,"[0.8106005787849426,0.18939942121505737]",0.18939942121505737,0.5800000000000001,0,False
stage2_multiclass:S:4600,,,stage2_multiclass,4600,S,1,5a7244b4ab7fbe49f77f8389eef262c5bb56d074203ba16fe6b594eb304b0b01,5b567b41878d9f16571bbc73ae956fad6ce1b68eabf67f2ce71943973f8587fc,"[0.6055049300193787,0.39449504017829895]",0.39449504017829895,0.5800000000000001,0,False
stage1_binary:N:93,,,stage1_binary,93,N,0,348cee7748565f556b5c3c2dc244b0483c7854e5908d1ab8fb52f24afb4b46bb,09c26187c4fd79fa4bda4d9a53a1ae7635628918bc1751093f644a8b33d647be,"[0.5227906107902527,0.4772093594074249]",0.4772093594074249,0.5800000000000001,0,True
stage2_multiclass:F:5652,,,stage2_multiclass,5652,F,1,68e3377de25f08ab261c8a8699cfa6b503545d1daaf1344155fb150dfbef7b2f,ff1cc9d7778fdd2f0e47f2294c13c5577332f3308de31f18b7860c9852b826ed,"[0.8021514415740967,0.1978485882282257]",0.1978485882282257,0.5800000000000001,0,False
stage2_multiclass:S:41,,,stage2_multiclass,41,S,1,149563f077fefa833d46e0aebc80c20aba9a0c1bb0b8ab5eccf28b4e7c6fa1ba,4dc0fadc10f4b297222122d25fbb66537c6294b4765a17c955f6c046b26ea541,"[0.9872292280197144,0.012770771980285645]",0.012770771980285645,0.5800000000000001,0,False
stage2_multiclass:S:2702,,,stage2_multiclass,2702,S,1,e03b335e9cf12255a13107c2bef14ace33199093a31591c854842797c814d144,f0cca70124f9c7a6039bf396c71fb9b8ae45fcaa449ee3435dc945653131a452,"[0.818225085735321,0.18177489936351776]",0.18177489936351776,0.5800000000000001,0,False
stage2_multiclass:S:5120,,,stage2_multiclass,5120,S,1,2c0bb80c3b4ef7e83004f55bea24bf39dea5a1320d02a001466ad6fef7d41a3c,a697f0805a8a9a6f0aa7d83852c316f48481388a97b891fc9b7da2e1e5ad11f7,"[0.8919211626052856,0.10807881504297256]",0.10807881504297256,0.5800000000000001,0,False
stage1_binary:N:23,,,stage1_binary,23,N,0,9f31889bb2346f4490027919c5c4d22807d9d78f29d5e028211abc2b922232bb,eed6cf5265497a97532c78ef1539667b209c7e10e0acf33763bb00a144e08e33,"[0.6081371903419495,0.39186280965805054]",0.39186280965805054,0.5800000000000001,0,True
stage2_multiclass:F:5674,,,stage2_multiclass,5674,F,1,97ca5b8343752a0984fec2c9e3a2e99dc53cf243cf1afddbe26031dc48cea144,6434bac30482dd069a0dde4817e603540a46417f0c6eb24d0efdefed97625314,"[0.8435783386230469,0.15642163157463074]",0.15642163157463074,0.5800000000000001,0,False
stage2_multiclass:F:5654,,,stage2_multiclass,5654,F,1,5c10553e63629c3b1d465a3f8d2b5675c9a47a134d3a06323a280a5ab2186774,094439c4849e96a7ee80541cd18788e6fee337f53a525adf5942f4156176d7dc,"[0.6733154654502869,0.32668447494506836]",0.32668447494506836,0.5800000000000001,0,False
stage2_multiclass:F:5010,,,stage2_multiclass,5010,F,1,094f15d147f0fff5624284632681bcb9a1502bafcfd0cc7ddb24ec02528cc4e9,b39739ccd8b18e21b875237eb16171de2cb434806676ca7859853ce06fb47032,"[0.43388503789901733,0.5661149621009827]",0.5661149621009827,0.5800000000000001,0,False
stage2_multiclass:S:950,,,stage2_multiclass,950,S,1,92a939c9f6c23c1ee634cbf91967dd2b275ef344521d7eabbfa78d664cfa7916,0da7213c381089ed4fb0e4692033e748f7d8e21e0fd01b38c2e01b74b9748db8,"[0.8468992114067078,0.15310080349445343]",0.15310080349445343,0.5800000000000001,0,False
stage2_multiclass:V:356,,,stage2_multiclass,356,V,1,15b1001a4e584a2fc8364701cd36413661faf466441439467b51693e92d09eb1,ef0951bc5de6740540763d97fab04df229a6152306606fe518b4843efe2b5ded,"[0.8986408114433289,0.10135921090841293]",0.10135921090841293,0.5800000000000001,0,False
stage2_multiclass:S:3651,,,stage2_multiclass,3651,S,1,aa5cd4385504818c17ba5c39e693b42a3217c4465ad7db083e4197fd6f0c0a9b,2d6a947b247c581716b9ae874c716f5648ceabe39d30b754164971d43df8b0a7,"[0.5785834789276123,0.4214164614677429]",0.4214164614677429,0.5800000000000001,0,False
stage2_multiclass:S:980,,,stage2_multiclass,980,S,1,f909bd313a681b44606ec05bde7e393ded23c5baa449a938e65f46280f973711,74ba73796d5e6cca1ca12694dc2cb81f180da5270a3c3b7627264030c1cf3c1e,"[0.6648800373077393,0.33511990308761597]",0.33511990308761597,0.5800000000000001,0,False
stage2_multiclass:S:910,,,stage2_multiclass,910,S,1,7a8b9a292dfe464d7cd1ed0256c2730b2a1e188cc9078dca0ee72323ec6bcff9,9f4e3a98c57c37474fc029c1eed25c25200687c38c64c1330204f42ffe082e7d,"[0.7555450797080994,0.24445490539073944]",0.24445490539073944,0.5800000000000001,0,False
stage2_multiclass:V:186,,,stage2_multiclass,186,V,1,8c63efcf3bbea8397bf3ce47e26b7bd6ceacd8b8051c617bce2fb03bcdc1eff5,4662e9a6cabb2ae22ec444015b13d89529c1c8811359a388152bdd1b5c7961c1,"[0.9005350470542908,0.09946493059396744]",0.09946493059396744,0.5800000000000001,0,False
stage2_multiclass:V:599,,,stage2_multiclass,599,V,1,df7c9e88cbbf91c601807363ef4400398d222d10deeed8ac60d2607c6926da3a,4f57f5baf64617b6028b0bbda4b4751665b2b45522dd8eeca79dfec2d69165c9,"[0.7680889368057251,0.23191110789775848]",0.23191110789775848,0.5800000000000001,0,False
stage2_multiclass:F:4438,,,stage2_multiclass,4438,F,1,caba72cfdd251d901ab0423d8850d105d05904f8c43d1dcb47ae1322e10e729e,65a4ba06011a70e691234dc9ec911b13e98acb7d0677a711c38520cceff0eeda,"[0.859351634979248,0.14064843952655792]",0.14064843952655792,0.5800000000000001,0,False
stage2_multiclass:S:2634,,,stage2_multiclass,2634,S,1,493b52864141c7b07131b9e942c1e2326274f350def680aa5dcdffbbe0cd8a81,7b70512f06463d209e32154053f99a6c41f893e3de4c64c7d43a00c4d8010d5e,"[0.8218725919723511,0.17812734842300415]",0.17812734842300415,0.5800000000000001,0,False
stage2_multiclass:V:338,,,stage2_multiclass,338,V,1,839674ff8a487ff9b5f1aa17100b8987b11f7f8097ed4f74e56dc93bdc725d6b,529d8ea6685d0db3a1e2c9d06b6bb5b47be698b31ceb056e3751d193a0283b9d,"[0.6660482883453369,0.3339516818523407]",0.3339516818523407,0.5800000000000001,0,False
stage2_multiclass:S:36,,,stage2_multiclass,36,S,1,c5b6d86f3a0177bfa6e96fbb1628b73e72298c269b8628ecccee16e5187d3537,18a7aa6bbe174617da8e17494bd8a076006fba7ea4cf29ae04b4b5b465bca7cf,"[0.944391131401062,0.05560888722538948]",0.05560888722538948,0.5800000000000001,0,False
stage2_multiclass:S:3639,,,stage2_multiclass,3639,S,1,92917eecaadbf5fe9897200c9f947d4c1a36060d0c1ea80d2a26c47b9e5c1dd6,0993d5956f5c43237bd564e381a12aeda89831f8ea7f8b7ab1899d4406188334,"[0.8105189204216003,0.18948115408420563]",0.18948115408420563,0.5800000000000001,0,False
stage2_multiclass:V:630,,,stage2_multiclass,630,V,1,72ef7a2131d84cd3f17b080b42912d76d22718f2ee12519d2fd87322d3e6d5b8,e4cf2d3f6632a01c0cf55a59992797ee290da89296a8e6b60a042da0532394cf,"[0.3968891501426697,0.6031108498573303]",0.6031108498573303,0.5800000000000001,1,True
stage2_multiclass:S:25,,,stage2_multiclass,25,S,1,77818ebaa97e65128375481b9ee45b9f45e9d22127e0538139648a6adce94678,d09d0f684ba447a1aa61d198d7f138978d6ffe6e9c5ca7651c7ebbc69120be34,"[0.5757477879524231,0.4242521822452545]",0.4242521822452545,0.5800000000000001,0,False
stage2_multiclass:S:2673,,,stage2_multiclass,2673,S,1,b441e353abec1ab11d58fd4e47ca8b71a9e62fe6639f020eef31b5abd2621db3,d33564317100b640648213c9bc2da0d1aca6fb0ac990fc87118ee620af00b4f5,"[0.7878532409667969,0.2121468186378479]",0.2121468186378479,0.5800000000000001,0,False
stage2_multiclass:S:5105,,,stage2_multiclass,5105,S,1,339891c746f396e4373431251ce5f5bc1dc7508a5086ad75de4476e81906a7eb,56513aa9f6654260600b06d6b9afabb4975afd4118b5f6851d631a458022b981,"[0.895899772644043,0.10410021990537643]",0.10410021990537643,0.5800000000000001,0,False
stage2_multiclass:V:52,,,stage2_multiclass,52,V,1,08384427b736e2b5a7d905cf390755b9c3e1e16f453d98cbc44829f15422ef35,1e5b9ef6f03496f1b767f1ca1fc8618d866171eb0c815c2dd09fd6b9d99fc05c,"[0.8195632100105286,0.18043677508831024]",0.18043677508831024,0.5800000000000001,0,False
stage1_binary:N:57,,,stage1_binary,57,N,0,64009dc6b9e47086c999281b9444b29b69f3d98d1d7369b9430027c1422dbfce,ed8b7fa2e4fc0fc961776a78bfc054389c33019015835a7bc10c366a37ae85e7,"[0.5436055064201355,0.4563945531845093]",0.4563945531845093,0.5800000000000001,0,True
stage2_multiclass:F:3763,,,stage2_multiclass,3763,F,1,e01695a205a3c4c5207cb2453275e0340fa5bb5441d45ddc914867c4bd196759,f4d2fd7ece6b86b7d3a142e54af8836e236d82b4c537b18dbde69a03244abf4d,"[0.3923627436161041,0.6076372861862183]",0.6076372861862183,0.5800000000000001,1,True
stage2_multiclass:S:5134,,,stage2_multiclass,5134,S,1,ea98200fa345a97caabb27d0a2f12e142c39f83a13bc57502921b0cb7fb40a0e,13ef67d3fa4db8518dbb33109598c6c7af5fd9e394e99f2003706a89557d0d36,"[0.8666631579399109,0.13333678245544434]",0.13333678245544434,0.5800000000000001,0,False
stage2_multiclass:V:127,,,stage2_multiclass,127,V,1,4a0d8b261b66a5e59a65dd4a633f8fe2a87bd499e5b71949b02b3ffb58b54127,db53f0754b494b16c52a795dfe2bba5a5fa8cbd788f0f897c8316f0d13bbb6a7,"[0.4903036653995514,0.5096963047981262]",0.5096963047981262,0.5800000000000001,0,False
stage2_multiclass:V:617,,,stage2_multiclass,617,V,1,a5c7272975dd2ac992d5b62758b2ef4cdb750a5f9c049cd8c39288d81ab7b97d,32ca79891eed4f8d4e6d8df965d951e27eecee3a6b95a74ba23d5ec86981bb11,"[0.4908512234687805,0.5091488361358643]",0.5091488361358643,0.5800000000000001,0,False
stage2_multiclass:V:582,,,stage2_multiclass,582,V,1,2729ad4bebbb991777d121f4f92fdedd27e7e2ab7ae58c9f779bd147959b8c09,e20f157671e7069d3ca36109ece4374a14b7302b10768772f15ee25479e92262,"[0.4264272451400757,0.5735727548599243]",0.5735727548599243,0.5800000000000001,0,False
stage2_multiclass:F:4692,,,stage2_multiclass,4692,F,1,9dc7f05aa20b9bfe90deef6a489cc5662d6c92a5979a2e011e09e77bdab16753,3ab8f09671c51f4bc7076d42b3efe7a1f75b9f0a72e0500b672df5cc75b640ad,"[0.8062165975570679,0.19378343224525452]",0.19378343224525452,0.5800000000000001,0,False
stage2_multiclass:V:519,,,stage2_multiclass,519,V,1,5e658aa1afea679670365b21a303919099bf117449401c214fc33e6d1a6aee16,afedef23a4620a77fc8c59d919d0477bebe2ef492e78610120da4ce77d6118ec,"[0.600082278251648,0.39991772174835205]",0.39991772174835205,0.5800000000000001,0,False
stage2_multiclass:V:629,,,stage2_multiclass,629,V,1,353308d646ed9585e176bd661ff0c4832f6298b8476106e73eabf29211e081ce,8e15b6f76f400fbaa6b79cf8b906c3a338a228b74d116393cae376d323b4a0fc,"[0.41134124994277954,0.5886587500572205]",0.5886587500572205,0.5800000000000001,1,True
stage2_multiclass:V:609,,,stage2_multiclass,609,V,1,22c7b964ac2cf361a01a51173b5b0ccede4957be9f94640b14c8579331a9f812,afe1b973c18cbba0d928e30d7aa67f330f901ae5d0b748b878c3663cee8172a1,"[0.42313632369041443,0.5768636465072632]",0.5768636465072632,0.5800000000000001,0,False
stage2_multiclass:F:3802,,,stage2_multiclass,3802,F,1,7d01bb73ad7752551e2d5a8428e60ea96c55920ab8cd61ea2f88ce8b21217caa,0fe0af69cf61d035a8305ddc8ee92a28f6149b2cd9f806bd12a450563dfecf4e,"[0.4236343204975128,0.5763657689094543]",0.5763657689094543,0.5800000000000001,0,False
stage2_multiclass:V:476,,,stage2_multiclass,476,V,1,6e25908a8827cba52a41f8684d1cad1b1e8c91e8f6a66650a326f9d0dd88ca9e,95b4c5f23057484f96c9ce4ae50845086ec7c31d9302443764de0bb60cce3d96,"[0.8100751638412476,0.18992480635643005]",0.18992480635643005,0.5800000000000001,0,False
stage2_multiclass:V:600,,,stage2_multiclass,600,V,1,61c61beab7900f78a2bf288a97fd7eca4f2f4d7e27d4d9fb44dd31d325c18c86,435cfe011537b5a55720c651999c71321eb1a70a302282a757ee842a6e1b9650,"[0.9082882404327393,0.09171169996261597]",0.09171169996261597,0.5800000000000001,0,False
stage2_multiclass:V:334,,,stage2_multiclass,334,V,1,af04d67ca0c065b765024a59166105e5e4af3c6741d960ce33157269589d67f5,e1a7e88d5e7120246a2e62820eebeb46da602feac98c37c7cb61684d100f38b2,"[0.5501167178153992,0.44988322257995605]",0.44988322257995605,0.5800000000000001,0,False
stage2_multiclass:S:2586,,,stage2_multiclass,2586,S,1,b14c1606ca01ed8aeecfafa66afeacc3e56ef83bc561dde62f0435bbbe82da5f,8e14c8943ad351036b417a17b804288c832f8675dce17aa8a76cd12b972e6c93,"[0.7849085927009583,0.21509136259555817]",0.21509136259555817,0.5800000000000001,0,False
stage2_multiclass:V:140,,,stage2_multiclass,140,V,1,92809803d2086e27345631267f7fab66d460ee230a7fd469034f26807cace0f7,1b52d548ee3c30104a7d335a90efa58b41e3110485a130b189d15bdb8adebd95,"[0.6194596290588379,0.3805404603481293]",0.3805404603481293,0.5800000000000001,0,False
stage2_multiclass:F:5998,,,stage2_multiclass,5998,F,1,5c26c77964f64ebc636af59d4c0c4ae69bc54bbd5cc97816b9c1a8c3a4e5b10f,f6a83823a03f5bcafb14d0a0336c568c62c4636110589645abb777050ba07efe,"[0.3934376835823059,0.6065623164176941]",0.6065623164176941,0.5800000000000001,1,True
stage1_binary:N:115,,,stage1_binary,115,N,0,da834db94c690cabad039f380f7d77277b1a350b29ee89ddf77b0c9600db580f,14ae73e88041dc333939eda3f1fbe6eed3e338e40d44ca1834be27a0ce0d9b00,"[0.5831687450408936,0.41683128476142883]",0.41683128476142883,0.5800000000000001,0,True
stage2_multiclass:F:5638,,,stage2_multiclass,5638,F,1,de6e02fb8aef5c1fe05a3ac66919298f22fe79db16b4c96e2131769b24f140f0,81f43e70be16dd6055080a3d44c58a68fa5efd2e4d2224f06fef83141aebfa0a,"[0.3953365385532379,0.6046634316444397]",0.6046634316444397,0.5800000000000001,1,True
stage2_multiclass:S:2803,,,stage2_multiclass,2803,S,1,48c45970e6947ab1514fd30fa19655111453d6a3419171ba20f59327c34aedbd,5ff3518624f2f8e7a5aa227ccb87f8389df8a214de86edfb39698c109fae4777,"[0.7788499593734741,0.22115010023117065]",0.22115010023117065,0.5800000000000001,0,False
stage2_multiclass:V:654,,,stage2_multiclass,654,V,1,b62672d6abbfe2e8a8f55752dc80b824f006f1fb0d262f3b4f7aa89702ae8d86,a9df83da79104a230e9f8049fb6ec33a319df82e54a99644e5042bc000a5f271,"[0.47930908203125,0.5206908583641052]",0.5206908583641052,0.5800000000000001,0,False
stage2_multiclass:V:622,,,stage2_multiclass,622,V,1,4e50060f56c5374243cb700ac01271d9fa21c85375a8f81bfaf34e8e1c3d0d31,26f6177c2a273a1bb9fd9ed9b159793e89bc1134bf996193e299b5c34e3699fd,"[0.44963201880455017,0.5503679513931274]",0.5503679513931274,0.5800000000000001,0,False
stage2_multiclass:F:4091,,,stage2_multiclass,4091,F,1,a490fef989e48ceb2cab28fb547f4a5106252751f7724f9bc81d63c0fbbfd3f2,b47249928551d33e3ec284aff86c98ba00da6384c1827e82687ce1a10bc24c96,"[0.8643373250961304,0.13566270470619202]",0.13566270470619202,0.5800000000000001,0,False
stage2_multiclass:V:188,,,stage2_multiclass,188,V,1,3500b3f71ec4c7f0b6eabbe2333df915704f5f97d4a6a3feeee6fa0f4fb86f54,8e0e0c5a63421babaf7afc64c415abde71350f1562f19fa1ff47afa1acd6c6b5,"[0.9140123724937439,0.08598767220973969]",0.08598767220973969,0.5800000000000001,0,False
stage2_multiclass:S:2761,,,stage2_multiclass,2761,S,1,9ded787ba0330337dfa6d3b4dcf19fd09c5c80bac7ae8c8138a96baaee59ac13,31b5697af9acd2c99f36cc198d04fc9038d5b72e3889fc84fc03cd6696098512,"[0.8308051228523254,0.16919486224651337]",0.16919486224651337,0.5800000000000001,0,False
stage2_multiclass:V:266,,,stage2_multiclass,266,V,1,21f559e0c49be0955c86fb1f0021aeb44da09375504d65673e3aa855ba57559c,a2fdc67a16a473c6a547b706aef497edcbee6951687e2fff221d63f77f1b334e,"[0.8145939707756042,0.18540605902671814]",0.18540605902671814,0.5800000000000001,0,False
stage2_multiclass:S:3606,,,stage2_multiclass,3606,S,1,3b3744d8b57a04510ecc29ebc45550fd7f4ddcb7d45618622648b58ec2ac978c,ef02df2052bc3747d0d252c16c8801a96cb1136a438ad641c7f9b8b20efdc33d,"[0.8019207119941711,0.19807930290699005]",0.19807930290699005,0.5800000000000001,0,False
stage2_multiclass:V:94,,,stage2_multiclass,94,V,1,694bbe66852870a232f31e4d8509fb3f1d16d290b17ed290a7bc85908a492ef0,d3280b876806aec80378d4b3f4b82c9d6439348773253031cd4f7343f56fb1ed,"[0.7852988839149475,0.21470114588737488]",0.21470114588737488,0.5800000000000001,0,False
stage2_multiclass:V:498,,,stage2_multiclass,498,V,1,cff557e0e2c2adf378fdc14963ae4d8daf536bb9cc46bb7c8d2e0c98107fcdc2,c3fdbd87609740d4b6552ec2e8e559303d25c1ebd9a73f2229ac300e103f9c26,"[0.9250308275222778,0.07496917247772217]",0.07496917247772217,0.5800000000000001,0,False
stage2_multiclass:F:4662,,,stage2_multiclass,4662,F,1,c339021086680991f1b62a52b60ce1211dd4e9adf0b38615aa0709348d688b56,f1c4eacd486a49699cb04626d36b425ab7d53c701c1655f744f1846cc278eae0,"[0.4858829379081726,0.5141171216964722]",0.5141171216964722,0.5800000000000001,0,False
stage2_multiclass:S:2772,,,stage2_multiclass,2772,S,1,4452c010210cb2255db7f08761f09ef19348a00003b9c33ca80c56682873d811,d38e81fe1b7010bd946e7451007a2256b24aac361351854fa043e637830bc1b0,"[0.8277984261512756,0.17220161855220795]",0.17220161855220795,0.5800000000000001,0,False
stage2_multiclass:V:44,,,stage2_multiclass,44,V,1,c4dc34997f8abd3919e7c8621dc0234180be9873e5059d3aeb4a0243ef1a9616,67487227bd548768e1b3824280a975ec2a88be2affe97712e1945add327313bd,"[0.6765293478965759,0.32347068190574646]",0.32347068190574646,0.5800000000000001,0,False
stage2_multiclass:F:4823,,,stage2_multiclass,4823,F,1,fd418c984a11c341b5293b60ab1d72cbb025c25c880cda6900ae7fb571553805,7d5ab49ee15126d15b8c3569a12a66e75d64d4e226a047ebe6fd759a7468f9e1,"[0.8696108460426331,0.13038918375968933]",0.13038918375968933,0.5800000000000001,0,False
stage2_multiclass:V:470,,,stage2_multiclass,470,V,1,d35724f2136eb6b8925b1d2152bfab94458d26509c40a7023336e95ae3e742d2,1ca3e8a0406707984c1c3aedc477d1419c547a1590bfefc996f4edc655488747,"[0.8490495681762695,0.15095049142837524]",0.15095049142837524,0.5800000000000001,0,False
stage2_multiclass:F:4408,,,stage2_multiclass,4408,F,1,72129f3a6356c9a1a7081b1fbec82ab90f180c39770256039e0190fbda8e1aee,62bc16edd88c466390a1f2f744a90e62b96ca3f5afc5e645279d389f755dc458,"[0.5747404098510742,0.42525961995124817]",0.42525961995124817,0.5800000000000001,0,False
stage1_binary:N:86,,,stage1_binary,86,N,0,101ecac65ba6f7e61005b11f9988cfeb83a00a4dacdb4f82487a3622d337d584,c75c85f124d3ae0a61b03dea785ce7ac178fc2a3ad3b1c7dce9ac9e4ee2f4ca6,"[0.5624419450759888,0.43755799531936646]",0.43755799531936646,0.5800000000000001,0,True
stage2_multiclass:V:569,,,stage2_multiclass,569,V,1,91ed430835c1892d8e554b91a176208176152a5853da3a3260f5bdd13326d9c0,ef18269c266bb9ecb62aced2c9bc39a34ca8adf772f331407e6839faa4da1e18,"[0.4254470765590668,0.5745529532432556]",0.5745529532432556,0.5800000000000001,0,False
stage2_multiclass:F:5782,,,stage2_multiclass,5782,F,1,f646f09a4ebac9a2892d2dbef67e91cee4e35218992c304979722a0ddc19f440,7bdc9190515a0e8c2023806ca3a9636e55fe383f29ec4de3f4ccbfc98b3520b9,"[0.4128718674182892,0.5871281623840332]",0.5871281623840332,0.5800000000000001,1,True
stage2_multiclass:S:32,,,stage2_multiclass,32,S,1,52b5cb8ddd4399b69b9b5caaa24232a65f46b38de1c504b87e790b7f4a4ab0c6,056554cfd7ab7aab74cdcc21ba78950bcdba390c2a948bc6e9fa9c1c6fbbb34d,"[0.6033352613449097,0.39666470885276794]",0.39666470885276794,0.5800000000000001,0,False
stage2_multiclass:F:5709,,,stage2_multiclass,5709,F,1,c039dcd9658481abb92d47dcd813a4bca50602e460b51d66ad9557e0b8f2634c,4c7ef86e463dabce53f5a0398958c0248e42a18da5f597e3e75d2f268ac3d19c,"[0.7580691576004028,0.24193088710308075]",0.24193088710308075,0.5800000000000001,0,False
stage2_multiclass:V:199,,,stage2_multiclass,199,V,1,0d5a4a3e2403d030e01e9c5ffd9ffe07f1e85b1dada6e69b4eed997b0b1a1b42,c2fed400602307247cad369f1f4563997abfb08a9e90b54d3d0729cfd08420ff,"[0.7805651426315308,0.21943482756614685]",0.21943482756614685,0.5800000000000001,0,False
stage2_multiclass:F:3294,,,stage2_multiclass,3294,F,1,c6311dc8c192e4dac62090bc27e9807b79ca72b183bf3c844cf806651e3aff5c,643a89475f40f2105e4ac9e825b31b5c0f1a80fac2f9f8b7f861f3d549c8705f,"[0.8297896385192871,0.17021037638187408]",0.17021037638187408,0.5800000000000001,0,False
stage2_multiclass:V:344,,,stage2_multiclass,344,V,1,d70185b97f079dfddabe7ed97a46565c1d10091d413b68a9f9f915b79a811aba,9f4444f3ba4a00e943b71fd3e12a108018478741ddc45fb6c018ddf6d24e5e8c,"[0.8779063820838928,0.12209363281726837]",0.12209363281726837,0.5800000000000001,0,False
stage2_multiclass:F:5885,,,stage2_multiclass,5885,F,1,62f2d22e599947734ceb644e8cbe2c8822afffb4e6ed646d80b3b50cac8713dc,e87d8104c5c9ffb877502bbcf1d5f60c3ac0b0ef6398f630474d638619a9b1d3,"[0.8232002258300781,0.17679980397224426]",0.17679980397224426,0.5800000000000001,0,False
stage2_multiclass:S:2487,,,stage2_multiclass,2487,S,1,1420d8d43977812c7af944c4eb52666457e0154c26514f7dc2aa88bac51b3306,bf26ad04819afd77370b957aae5c4d68335784b86a10af84f694cf97d0e48d2e,"[0.7843543887138367,0.2156456559896469]",0.2156456559896469,0.5800000000000001,0,False
stage2_multiclass:S:2623,,,stage2_multiclass,2623,S,1,50ae28d3f7f39bb1dcb85a9566b6f461a8abee47cfb980849671e472a8a01f4f,f954f93e01ee77d852e0f099f87ad9d239dc4c2a80ae7913141617876abb0c98,"[0.8046210408210754,0.19537892937660217]",0.19537892937660217,0.5800000000000001,0,False
stage2_multiclass:V:259,,,stage2_multiclass,259,V,1,05f5ac0a8e1f57c0bf3f5d9e6a246682e20564b66147dfe0a34ef5a4a3a5893e,b59d4be418825d342f7bc00c6bbebd458ff54f2d0294fc17616208778e88d3f8,"[0.819534957408905,0.18046510219573975]",0.18046510219573975,0.5800000000000001,0,False
stage2_multiclass:V:302,,,stage2_multiclass,302,V,1,3bd9592b8ce9acfaf14f024301132eec0082cbca2ea207490e591a3e989ecc71,8fd6eccdf50453434f084ad6944ea0a12e352da012da7220a05a0f5a72cb2be6,"[0.8285567164421082,0.17144326865673065]",0.17144326865673065,0.5800000000000001,0,False
stage2_multiclass:S:2584,,,stage2_multiclass,2584,S,1,0bfdf43ae8121c1e07c318a9f3e23cbf7209937e38ac815e69feaa0f51e9e43a,af607bdfe4f0fb0855a2ad853dc59c6aca00922756cf704fd2c4bd51221f670b,"[0.7778822779655457,0.22211764752864838]",0.22211764752864838,0.5800000000000001,0,False
stage2_multiclass:F:4816,,,stage2_multiclass,4816,F,1,88ada19e579808a3d4d957e954961d99ecb8d2ee654d8029673000518f518de4,ad39af49a444026443a829900512257e38a799cad090af739b56bd72a42bfde8,"[0.42701101303100586,0.5729889869689941]",0.5729889869689941,0.5800000000000001,0,False
stage2_multiclass:V:592,,,stage2_multiclass,592,V,1,c3ec74b7985f6f3e4131916871e1c1985185437adf247bfeb0c1bc8597f0a162,a7c5f24b62d9db2f0893d4c1ad2cd944fdcefa4815950f3b779c1376f8bf081b,"[0.7813211679458618,0.21867886185646057]",0.21867886185646057,0.5800000000000001,0,False
stage2_multiclass:V:71,,,stage2_multiclass,71,V,1,0d5f6836a24ca80bcd54a137f204d7883583c8c2965d65dc2cb14848e1b34593,83623ed5c4383b3eb7029d875aedc8311966622958e2af34c3b724f87da34b9d,"[0.8169868588447571,0.18301312625408173]",0.18301312625408173,0.5800000000000001,0,False
stage2_multiclass:S:3636,,,stage2_multiclass,3636,S,1,5bc364a80af015c9016d086c80d1f7970b5b4b74197d99ca59831ab653f35a6a,a28e8434cfe016cbe7b32167e9ec16e86dbcce1912c8e12832c6d06c7115f0e8,"[0.8047523498535156,0.19524767994880676]",0.19524767994880676,0.5800000000000001,0,False
stage2_multiclass:V:171,,,stage2_multiclass,171,V,1,c49670b70c728afbe8ee0ef385c955df1eea68a0133dbaaed0c4beb509c6a923,7a5b8fb01a5c6533aac7b328e8379a8d25de85fe45830084061a70590f31fd13,"[0.8436464071273804,0.1563536375761032]",0.1563536375761032,0.5800000000000001,0,False
stage2_multiclass:F:4326,,,stage2_multiclass,4326,F,1,f61bd3f736c49ba80a72297340c47064e2bcb12e967f2bbe74af0fe06afb079b,a3bce68561b627970b708486d41e6ced096514d47fa1888817db2a61ff7e8182,"[0.500241756439209,0.49975818395614624]",0.49975818395614624,0.5800000000000001,0,False
stage2_multiclass:F:4486,,,stage2_multiclass,4486,F,1,d06766cf4970caa51314beb7ed9af85f67d93f3e02bf52b6b856121ac877669c,fc80fd4b422d1110920e21cdb2692a41ee625225076f054c1856a48fc950acae,"[0.528975784778595,0.47102418541908264]",0.47102418541908264,0.5800000000000001,0,False
stage2_multiclass:V:64,,,stage2_multiclass,64,V,1,407f3f98ea1b92cd10dd4be1c21adf7b503167d66ef79e6b0ae05894396bc277,814574f6fa3fa347b437177cff9c5f82d2b3b248853ec2d6d93149dba3629d4e,"[0.8145824670791626,0.1854175478219986]",0.1854175478219986,0.5800000000000001,0,False
stage2_multiclass:F:5984,,,stage2_multiclass,5984,F,1,795f209920685706f936a0e4da57227483aebd5e2b6c12c66d07acde28eea59d,e42d540215d252e3bacc595e28355dad497c7d5848c24958ffae15eeb7bb639a,"[0.7719663381576538,0.22803358733654022]",0.22803358733654022,0.5800000000000001,0,False
stage2_multiclass:F:4985,,,stage2_multiclass,4985,F,1,86847ba5f8fe9c833d4154722c7828453ca302182947a302ca0bffed35195774,6af15a370ad9f24487559aca2c9fdeb999eccdb109d628530134883feca5e661,"[0.4607953131198883,0.5392047166824341]",0.5392047166824341,0.5800000000000001,0,False
stage2_multiclass:V:61,,,stage2_multiclass,61,V,1,11965151ed60a1bd6bb79963db83e3dbfa92e8d4c4403b0ffa58c14ac9e4792c,876c95659ca56786747c623b725fa17bdc98d4c50cd6dea204bf5a02d24076ab,"[0.7500849962234497,0.2499150037765503]",0.2499150037765503,0.5800000000000001,0,False
stage2_multiclass:S:3621,,,stage2_multiclass,3621,S,1,0555313f1006e1729ac8fe45fec998c57e1c14d4405cc12da092c1a321c2c314,e6ee62807c2862990d3b1f7a0748e79fcc7453f4046fd87c1b1a6a03ddf3197f,"[0.6111918091773987,0.3888082206249237]",0.3888082206249237,0.5800000000000001,0,False
stage2_multiclass:F:3826,,,stage2_multiclass,3826,F,1,798861bbcfa28c9301f94923bec48a0a57256fe109b3e1c8656ed2a0a9b5b1b6,4faef1ccfe90f808e8d906ecdaa5d758a631871852397979055334c0f8d33dfb,"[0.44744184613227844,0.552558183670044]",0.552558183670044,0.5800000000000001,0,False
stage2_multiclass:S:28,,,stage2_multiclass,28,S,1,82ce4276f38556aebd46edf4dfe21a573345dcdc48a37c05ceab8c50d8ab157c,6cc8bf0be2dfdc76d3352a638d870041b9436e51accafd8fe5feb3f6166bcb67,"[0.5071399211883545,0.49286001920700073]",0.49286001920700073,0.5800000000000001,0,False
stage2_multiclass:F:5726,,,stage2_multiclass,5726,F,1,8642a763884b295f93a827021d198ee8679b1dddc402b91281e96dc43763aee7,0871f9620d6ba845940c134b559363b4165c828783e544aa708f879bb214e839,"[0.7403119802474976,0.25968801975250244]",0.25968801975250244,0.5800000000000001,0,False
stage2_multiclass:V:260,,,stage2_multiclass,260,V,1,b47d3b662363fcd3a27319f223c4bbe88a2051c3a39ca865b2357a82704cc1ff,c2432f0967851e9166024d71796cb26c7f190f966b8fe75dde8e408001bdb78e,"[0.779748797416687,0.22025121748447418]",0.22025121748447418,0.5800000000000001,0,False
stage2_multiclass:S:1000,,,stage2_multiclass,1000,S,1,26edd5a0308a225e5990bcb48962382275da701269ee4e00b8eba785ade742a8,7d35e143d08d0fc51bc7ffe2c4d0ec7b69b9db237f1cb90673c24a315c12c8a1,"[0.7916141748428345,0.20838579535484314]",0.20838579535484314,0.5800000000000001,0,False
stage2_multiclass:F:5672,,,stage2_multiclass,5672,F,1,35f88de514249bcbe736616a0766e7cc47a7513d4fc9cf3b94ed684b2f93e34a,32db39a576ccc68a14def72088c8dd7cacc7c4aa03d73961faffe049741e1cc0,"[0.7776451706886292,0.22235479950904846]",0.22235479950904846,0.5800000000000001,0,False
stage2_multiclass:F:5959,,,stage2_multiclass,5959,F,1,0e814da98618b60ef90e1ac583e09f047ae9555c1d1aeb00c473e8f746c230dc,6ea6ba7a83675bc3391e43ac08f835a99a106ac95dd56022901a3c45e661b4e3,"[0.37471285462379456,0.6252871155738831]",0.6252871155738831,0.5800000000000001,1,True
stage2_multiclass:F:5464,,,stage2_multiclass,5464,F,1,21d77fe739ec40ac8122a67dbf2f35a54144de42318e8174c6a8c6dfa6fad8ec,ba9f82c30b1170cd9a9060ae02e10bea67e0af367052b4770f0c3e153023ae69,"[0.8927061557769775,0.10729379951953888]",0.10729379951953888,0.5800000000000001,0,False
stage2_multiclass:S:1483,,,stage2_multiclass,1483,S,1,341140616d9d15b6cf101b8920b5d330630c1756ec9e9908911bc9ccd1f8ecbc,1ee854d67e3b126465df634171a253ba061e69d6b4785bb86918f2d0fff160c3,"[0.8461127281188965,0.15388724207878113]",0.15388724207878113,0.5800000000000001,0,False
stage2_multiclass:V:195,,,stage2_multiclass,195,V,1,37605f3f1e5f975076f97de559cc839b72cc617f9785db2039599955e09688db,e9660d1632e1c5631b7933805f2d3330d611c846e186671f1c9aa238f733cd15,"[0.7749754190444946,0.22502456605434418]",0.22502456605434418,0.5800000000000001,0,False
stage2_multiclass:S:779,,,stage2_multiclass,779,S,1,c656bd20440807c2c15535d0e39a5aad29177046e1208a84bdbde6795232262e,faa60ed9cfe7e7451a8c9ec005e8ba9f48138be300e21a40e266823ce1cd7cbe,"[0.871627926826477,0.12837214767932892]",0.12837214767932892,0.5800000000000001,0,False
stage2_multiclass:S:5032,,,stage2_multiclass,5032,S,1,f30ca472c857ea49d085b53d297adefbb7dab66716abef172d7d89e45851c1c5,d97d6086326c2337c24fa2f0fbf22b71f6a3d156b05da53f7209c576b90ed69b,"[0.9142078757286072,0.08579208701848984]",0.08579208701848984,0.5800000000000001,0,False
stage2_multiclass:S:2722,,,stage2_multiclass,2722,S,1,1732fccc4a981285d7d597691fe2fa4d25771d05d8f7fcadf9d076b8fc61c101,8183b98646d9977327d753455bd5d767abcdfd167ae3ada47cb16f93c8ade6b1,"[0.8378608822822571,0.16213911771774292]",0.16213911771774292,0.5800000000000001,0,False
stage2_multiclass:S:2742,,,stage2_multiclass,2742,S,1,bfc761932063deb5ec7661abf7a2004379122a89474bacafae2c4cc9dac23c8b,d17dda372c454c2c92be59d00faf037d10a7df798d58d9f77402e9c146566279,"[0.816718578338623,0.18328145146369934]",0.18328145146369934,0.5800000000000001,0,False
stage2_multiclass:S:5094,,,stage2_multiclass,5094,S,1,b4f229b17d2256d928527282de9ebfd3ee40ef55fc765d311986f1f9ceeaf854,1ac20c4f94b70169de34364f862f5bd443bd86136b57a64b41fca26f1851bc26,"[0.8963571786880493,0.1036427915096283]",0.1036427915096283,0.5800000000000001,0,False
stage2_multiclass:S:3593,,,stage2_multiclass,3593,S,1,0551223564004a2705e1f0a7f9b07067c23aa217192548a365bba2aae896b261,f60b0dede9db383cedef1fc091434741f7f9edb2214a494dab4a0954a425dae2,"[0.5459973216056824,0.4540026783943176]",0.4540026783943176,0.5800000000000001,0,False
stage2_multiclass:F:5957,,,stage2_multiclass,5957,F,1,f68eaa882e7e24edc838fdb400f3a2dfffbf40dde5a59943e09aa62d4834ae3b,e1b40a250ae510e4da7f4aa79e3f23f6fe8c1f93385cb2fb432a46592c52a5d7,"[0.47109055519104004,0.5289095044136047]",0.5289095044136047,0.5800000000000001,0,False
stage1_binary:N:125,,,stage1_binary,125,N,0,9210ea750a1d174ccdefdb0dae6c92f129efce1a968ea583709cc14c62485aab,26375f9fab3c49421491f131b1bbc3f879bda1d6684b2cfc2b3865745115509b,"[0.5664982795715332,0.4335017204284668]",0.4335017204284668,0.5800000000000001,0,True
stage2_multiclass:F:5909,,,stage2_multiclass,5909,F,1,b7bad743541b4d8f4f370c533f1d3f29c4ffedc616a253a8b236a3f92807c48b,784de1a6f9b4b5d5b8bd0d7da4725abaee8be89ed296d6fa63f066d5473e0c44,"[0.7613096833229065,0.23869028687477112]",0.23869028687477112,0.5800000000000001,0,False
stage1_binary:N:60,,,stage1_binary,60,N,0,3828705b0e2c8efdc3e5fb39d72e2487269cbfe26b8dd396f69f13188b88479d,2ecb09c0493ba58f363ba5b8fd5a620814aae52ae3860f57c9f135a7e247ed8b,"[0.5692576169967651,0.43074241280555725]",0.43074241280555725,0.5800000000000001,0,True
stage2_multiclass:F:4182,,,stage2_multiclass,4182,F,1,8b5f9d6cce4a3759830124245920f5149ad0b1ce90db62b76a5ef14cbe268252,be288fce24202b8c183dba257ff7b2a3471f1b8e4bc0876bfd0af0f30fdf8b1e,"[0.8538551926612854,0.14614485204219818]",0.14614485204219818,0.5800000000000001,0,False
stage2_multiclass:F:4856,,,stage2_multiclass,4856,F,1,06817d64c187de4693b0ad68fba5759b573cd8fdc64843b3b917695b636e0ffe,6d5d1cc90854e4f7a89df3564b7b9f0c5181fb31a44b40199af3d34c25d2852b,"[0.4503217041492462,0.5496783256530762]",0.5496783256530762,0.5800000000000001,0,False
stage2_multiclass:S:2756,,,stage2_multiclass,2756,S,1,880a3fd3f1461ec9160e96b309d05b57c355f3f733ad35a27bba776eb3b42f39,a8dadd91a2ba1206c2df4594304506278178c2b024470fec3c601e146dd77c14,"[0.8288377523422241,0.1711622178554535]",0.1711622178554535,0.5800000000000001,0,False
stage2_multiclass:V:276,,,stage2_multiclass,276,V,1,befcb067aecae12f0347c77941cc5bfcdf0814cd5ddb931009dad9b6d9d9b8ea,d598146541b7c161faf5631131ce858c635c8bbdfde68804cc0a2dae6adaf9b3,"[0.8373485207557678,0.1626514047384262]",0.1626514047384262,0.5800000000000001,0,False
stage2_multiclass:S:5088,,,stage2_multiclass,5088,S,1,b3ebcb518c7ca701dd8649f5dfb81e2a44570ad6f69c02216a6be75720f5ae4a,e5084531302db62b084a5eae19932af5a2096007c9aef8e4a984b02bee4b5e66,"[0.8864063024520874,0.1135936826467514]",0.1135936826467514,0.5800000000000001,0,False
stage2_multiclass:F:4728,,,stage2_multiclass,4728,F,1,58a09d2e2cb57924c182d7ceca1166702c0c1317b00f7e5c218463e70c0d7e7e,91c63bfc7231fe821fb6590575123d1c0412dbde1433fafb5f347c33c70463eb,"[0.8601155281066895,0.13988441228866577]",0.13988441228866577,0.5800000000000001,0,False
stage2_multiclass:S:3592,,,stage2_multiclass,3592,S,1,ae4deb32f093d66f1aee12ef5d9037de71328501d59e702dfa77350eaa59f0c9,0e45445a000f484383008840391023986f9ad467dfee9461ef7c18efe52c7d8e,"[0.47884589433670044,0.5211540460586548]",0.5211540460586548,0.5800000000000001,0,False
stage2_multiclass:F:5704,,,stage2_multiclass,5704,F,1,6d3787ead05f073c3389e61066d5b62bd6ec2a0c0a86426e2e98945017c7dafd,5d8294b340679e3ba50c0d8fce45691e3c5cb41f9eac7b2bf07457899074901e,"[0.7751054167747498,0.22489461302757263]",0.22489461302757263,0.5800000000000001,0,False
stage2_multiclass:V:173,,,stage2_multiclass,173,V,1,d943ed181e3d6d3c8bb97f9c54e157351cbc81a095b2cf94c26996d4b54dbb1b,1e44037e220ef35d379d15f18e5568b2c8a0a72994945c4cdde6ebdd60f85bb9,"[0.8471487164497375,0.15285125374794006]",0.15285125374794006,0.5800000000000001,0,False
stage2_multiclass:V:509,,,stage2_multiclass,509,V,1,cf38689bf35c71d4ceaddc7ea799f8cd76cf82d0c0c388014f944a7a64625dd3,a549f2a26d30b98783c894aa5044f893f2095191c7a25150d1eff38cd88b243d,"[0.7789431214332581,0.22105690836906433]",0.22105690836906433,0.5800000000000001,0,False
stage2_multiclass:F:3285,,,stage2_multiclass,3285,F,1,4fe7907074a3670934733eae2894878ca9e5c77bcb402c72e97e341733f1a3a5,6ffc8a488a09ed1dad795415c40d33a2dc2b5f3b5591bd4b18788d96efe95d4c,"[0.8478468060493469,0.15215320885181427]",0.15215320885181427,0.5800000000000001,0,False
stage2_multiclass:V:233,,,stage2_multiclass,233,V,1,f9089bff204a4b07c144b610317e9d3bd27be21803d7b7983e7b07a41e92898e,df2ee17484f1e8a07e3bdfc5fc2e51ac918f4c8bc1f7b4eca4c7afc7f96bc097,"[0.9372371435165405,0.06276289373636246]",0.06276289373636246,0.5800000000000001,0,False
stage2_multiclass:V:102,,,stage2_multiclass,102,V,1,7091f4c77dc0dd4d18507f956c4468e2b9280b11a8a8cac0472f763ee0373a4a,857cbc03973bdc109e1316fccf30d1698c6d621711bf0fd73506718fe8a5655f,"[0.9227023124694824,0.07729771733283997]",0.07729771733283997,0.5800000000000001,0,False
stage2_multiclass:S:5138,,,stage2_multiclass,5138,S,1,a7dd5bf69ed5898846d7630ff1641852748c6838190340f7a7fdd22a24bd2524,b96a98704481659d3e52ab2f32f9d7d1e0a2657f6e184056f48aea11cd17ca4b,"[0.8859375715255737,0.11406245082616806]",0.11406245082616806,0.5800000000000001,0,False
stage2_multiclass:F:4250,,,stage2_multiclass,4250,F,1,9aca2cdb0d99a80f97ffe11b7c37d0373e0c195b04a32e780e5f0e9aaf624a16,4c7da0b6fcd88d0756bed4d5ec9d06453a11f5f425a6a4475d65e887019d3d15,"[0.42880189418792725,0.5711981654167175]",0.5711981654167175,0.5800000000000001,0,False
stage2_multiclass:F:4839,,,stage2_multiclass,4839,F,1,49025cee11102acf322896a6a9a392eeaa9cdfccd1c7ce790a6ae1703293e2c3,5dea65752e3cf7b22377e03d9f6c7e1de4775db8e25e95906093804bf909cf37,"[0.4226784110069275,0.5773216485977173]",0.5773216485977173,0.5800000000000001,0,False
stage2_multiclass:S:3660,,,stage2_multiclass,3660,S,1,8f54e96aecae63731517d5b4914cbcfe332ea6a093a180c1e26e62063c787df0,41bee644bbb757531555b2a10eb39a8982bf36306354a3e5a173aeb85c986ce0,"[0.8052396178245544,0.19476035237312317]",0.19476035237312317,0.5800000000000001,0,False
stage2_multiclass:F:3808,,,stage2_multiclass,3808,F,1,2995b415fd369ca734b9c44f20977d2b96927347646a166dfcab9330929d11a6,26304c9e2adcbcf484ebc01686eed97ece7ba98553fb764e343e4397525bcfc2,"[0.8646125793457031,0.13538742065429688]",0.13538742065429688,0.5800000000000001,0,False
stage2_multiclass:S:5030,,,stage2_multiclass,5030,S,1,6ba8266954a200ab4b41a8ae0a7e174bd003426880501123fc02e28919e6a200,8f06cdec423de8a924ebd8d3b1ba06d6a1bba0de04d6aec26fbea4c4fb12cf73,"[0.930812418460846,0.06918756663799286]",0.06918756663799286,0.5800000000000001,0,False
stage2_multiclass:F:5682,,,stage2_multiclass,5682,F,1,ff226ec92992087f01dc2d144cec665546888192f96a123277d38fe7a449305d,8a0e10ca1a2fc8ab08655c819b3b827b35bcc16b05a5604879d0dfcadf73e997,"[0.39560163021087646,0.6043984293937683]",0.6043984293937683,0.5800000000000001,1,True
stage1_binary:N:47,,,stage1_binary,47,N,0,79520e0e011fe6b2992a4e71abf4a0b33c3b91122caa3c5832cf410106f1a15d,c2f61407ffcf5a2ed06d76975d157ca64a7eea277a7ee2361f12cba62d10d9c0,"[0.5264129638671875,0.4735870361328125]",0.4735870361328125,0.5800000000000001,0,True
stage2_multiclass:V:352,,,stage2_multiclass,352,V,1,a11b5895936467da3b8e993bd7a25e5b3cd0c0194e75869131b270ae02ac5c98,36b6c867fc63e5cc3883efe4853191315c3d4b9babded654078ce686a97e1014,"[0.7745600938796997,0.2254398763179779]",0.2254398763179779,0.5800000000000001,0,False
stage2_multiclass:S:3581,,,stage2_multiclass,3581,S,1,f20a2ef18a672bd9191041982a60442330aa3c7e3419c69c6dbf20aacf8f75b3,59ac969b5ff73714d4399b99f4c6ab7f078aa9d97fd33c6f649f9b6ae8cc7790,"[0.4558406174182892,0.5441594123840332]",0.5441594123840332,0.5800000000000001,0,False
stage2_multiclass:V:320,,,stage2_multiclass,320,V,1,c4b27e110003e339f57a0b4efbf62c3b06bce65dfd9461e7f457f5f18fa65a2b,31a701d394855aba9bd0a1ab50050e1d549697bbb9fb62c52258471c0132d88e,"[0.5845664739608765,0.4154336154460907]",0.4154336154460907,0.5800000000000001,0,False
stage2_multiclass:F:4940,,,stage2_multiclass,4940,F,1,8c1fc0035801bc32c75420dde9e91123de926839f2985597826f93e2ebadf1c9,52c3fa6125ee358daad7dc7712f48e3d97e9a70fb7e49014abb8a5b796b7b7cd,"[0.6938926577568054,0.3061073422431946]",0.3061073422431946,0.5800000000000001,0,False
stage2_multiclass:V:213,,,stage2_multiclass,213,V,1,2776b66666d44daabbace94fde0e0e594e17fa4705cbfe10083f9d887e8af693,92e040d82136e44f9699b4b2c9935f2a567b7dd5906af59dbf8544f1ed4deb48,"[0.9181707501411438,0.0818292647600174]",0.0818292647600174,0.5800000000000001,0,False
stage2_multiclass:S:5050,,,stage2_multiclass,5050,S,1,fd14a0d4741b607ca800cd972a943ef57d3dcc57b1c3c0e303ae6aed5f5556b0,3bd0cf0d57e6d8292c210f996d914e47fbb742facf7d4299a8498c83f2fa142b,"[0.9072046875953674,0.09279529750347137]",0.09279529750347137,0.5800000000000001,0,False
stage2_multiclass:V:462,,,stage2_multiclass,462,V,1,d28fd5a69e628c9c7f658cdee3ab268338832642f73ef8ef5abe37beadcdf92d,eeb90beea8994d7ae58643ebac0dec728e8f9305248bb53406c091c467920d5d,"[0.595349133014679,0.40465086698532104]",0.40465086698532104,0.5800000000000001,0,False
stage2_multiclass:S:2611,,,stage2_multiclass,2611,S,1,18bcc6f6737330160d7d7a9c02542ea918a5c312133d6de3752638e2874af30d,72d4c8c6dc242a157f4e6f30d5e6a97dd6f4c6fa531d3441afbb83aa9eb95d59,"[0.8041725754737854,0.195827454328537]",0.195827454328537,0.5800000000000001,0,False
stage2_multiclass:S:5092,,,stage2_multiclass,5092,S,1,2ee20f3f03e2d9b946d3cc1f75716e7338f36beefc6e017e4784bb610f0c514c,f7a8ce8f661dbd60844bc9e1a82225a86a993a0dc0f9e9138b1ff0595b5c0571,"[0.8877290487289429,0.11227094382047653]",0.11227094382047653,0.5800000000000001,0,False
stage2_multiclass:V:466,,,stage2_multiclass,466,V,1,0afb307362fa29d63ead76a2a6b534c04e7e3f86c73b5eed0512298153b04201,847b342b6c28c27062e89e86741a08950eff18460e5ea67bac9a8a570dbe1115,"[0.8514264225959778,0.1485735923051834]",0.1485735923051834,0.5800000000000001,0,False
stage2_multiclass:F:4178,,,stage2_multiclass,4178,F,1,46ed1660fc0fabe226efa23fc5e8cc94692bc39cdc0e6c65e2ce0a47d7be03eb,f307d0e6c7d75f32e9300435e4187c18a222b82d81778493c0b2aee113998008,"[0.4227142632007599,0.5772857666015625]",0.5772857666015625,0.5800000000000001,0,False
stage2_multiclass:V:157,,,stage2_multiclass,157,V,1,e5b0cda0e6122e217ba59622624d35d3e5303c3e1931217957e3e95fe1b0a4b3,91a2a8d8cc7e189a13a72945a2b6a99072e3a803b4b61251041f2aa90a75320d,"[0.7786526679992676,0.22134734690189362]",0.22134734690189362,0.5800000000000001,0,False
stage2_multiclass:V:552,,,stage2_multiclass,552,V,1,e1ff17255f22b2bc6886af2a1b0df7bdbf7c094cd8b144d66d63071528c8007e,8199e91afa93a3ea85ea8d89e45a26b452e026b5b9afcd13bf57a6c14fd5a580,"[0.4316376745700836,0.5683623552322388]",0.5683623552322388,0.5800000000000001,0,False
stage2_multiclass:F:4722,,,stage2_multiclass,4722,F,1,769242cc144c2b805b43645d46ed413636cfe88580efb6ca8d455359fc0f445b,1ebe2c2a584cc1b90f5589476cd21913fdc36c31b0821a5c7bd8562484346ad5,"[0.5079423189163208,0.4920577108860016]",0.4920577108860016,0.5800000000000001,0,False
stage2_multiclass:V:83,,,stage2_multiclass,83,V,1,954d31e317ff1449411abc8bf468fc1b815a70225a74a98ced25923d820ac803,997a70312bb4cfdcad7aa25c99fcd2601e9d1416d31b497b2e46e23ecaf07f3a,"[0.4053422808647156,0.5946577191352844]",0.5946577191352844,0.5800000000000001,1,True
stage2_multiclass:V:438,,,stage2_multiclass,438,V,1,b81692f27122a5b505e977ffbf371ad8f55e46482122b9cabc2f9ee12382fcbf,fb1c67df46518b1691353a78ad67abab4f77eda788db5809cdee24a31b2e0442,"[0.7812376022338867,0.21876245737075806]",0.21876245737075806,0.5800000000000001,0,False
stage2_multiclass:S:2638,,,stage2_multiclass,2638,S,1,c8f12a2b92fc5f10050e344304c07353d581fe5ad7865b775ee116e7c9ce2eaf,3911b42ace03364fbd1beeb3360f86164be2d160d0c9b1ffbcfc781158d22dec,"[0.809061586856842,0.19093839824199677]",0.19093839824199677,0.5800000000000001,0,False
stage2_multiclass:F:4248,,,stage2_multiclass,4248,F,1,15d1f6aa8fa302e1eb39eab06d886e909df51688f0737157efec3ca414b78df8,6e83270a61e09d76b1533543649ba8f544824ff56b9df226ee5de567e7326951,"[0.8697553873062134,0.13024461269378662]",0.13024461269378662,0.5800000000000001,0,False
stage2_multiclass:S:794,,,stage2_multiclass,794,S,1,3b5e59d5a348b8042966e9541cd114f0590d4ff3027f8cde046589f4fa813445,2660541057a035b6a91accdba18266a43910ab240d88aa4fb4beb4444fe222da,"[0.7684929966926575,0.2315070629119873]",0.2315070629119873,0.5800000000000001,0,False
stage2_multiclass:S:9,,,stage2_multiclass,9,S,1,1193ae37424be08a1bf454e1527192d77c809d141a75234169147e20c75563db,a4b26f166687084ee3c5870f575f1e918646deb79729101f9d49d00a4f26872b,"[0.6082936525344849,0.39170628786087036]",0.39170628786087036,0.5800000000000001,0,False
stage2_multiclass:S:3632,,,stage2_multiclass,3632,S,1,09589568984b08647d4cc71eb87e6c503cc463dd441f4a19236150831fe7c2db,346c70f1d921a1891aad5b46104908780bcc0fbc80c8605dc1aba1338412a791,"[0.6035780906677246,0.3964219391345978]",0.3964219391345978,0.5800000000000001,0,False
stage2_multiclass:V:285,,,stage2_multiclass,285,V,1,8875892b6969bf809444f79365e8b0de1aab1cca469001825fa603573c3452e7,5538f58e1f03f4a13e9acb89d8f5bb8cf85d53c9155901e1ad83009e97061231,"[0.9188349843025208,0.08116499334573746]",0.08116499334573746,0.5800000000000001,0,False
stage2_multiclass:F:5640,,,stage2_multiclass,5640,F,1,a0b1e65b2cad40fd977495243d8d1d28685bbc9f36b0e15a1ee18b8a8b02a8ad,b2f09e72bc79bc885449248306c1ef214a27577f005a9db4c342f6ee22676758,"[0.7831442356109619,0.21685577929019928]",0.21685577929019928,0.5800000000000001,0,False
stage2_multiclass:S:948,,,stage2_multiclass,948,S,1,15ac86bffd7f4b69d193cd9bf8b99f0c4a6c983aed893699a9fe836cf21d3233,0915f0b5c012beda80445b156bc03a59bbc87373dc758751f9886543de2c0733,"[0.7946681976318359,0.20533186197280884]",0.20533186197280884,0.5800000000000001,0,False
stage2_multiclass:F:5937,,,stage2_multiclass,5937,F,1,86296dac4d8c120b317ccbae616f7a893c01d52069a41c60531422ba12d1b4a7,7a51f02c4810d89a790e4ea97580616a562ee500609aa0707f4fb7625aa23d73,"[0.7560274004936218,0.24397258460521698]",0.24397258460521698,0.5800000000000001,0,False
stage2_multiclass:S:992,,,stage2_multiclass,992,S,1,2c1edcbf7d2de3a9c45bb930268ffe6ac1b22503063ae3199dcf82e06e608d20,99ba2809b08e26c28fcc4ad35011406e23e4dc42aae8238ff05051b9678246ce,"[0.63887619972229,0.36112380027770996]",0.36112380027770996,0.5800000000000001,0,False
stage2_multiclass:F:4709,,,stage2_multiclass,4709,F,1,520097606fc022755bf3fe2b643bd2fd9bbf073790e5b610f43678da71ac880b,ec41796d4b28fe583799f3dfe2cc3649c5fa141558471d0ce9781a3941cc1554,"[0.44399791955947876,0.5560020804405212]",0.5560020804405212,0.5800000000000001,0,False
stage2_multiclass:S:2805,,,stage2_multiclass,2805,S,1,b27f2023400760edb0a5cdf82358b768d91c947744ab60015c9bad1a65ac6a51,e43c79493150d309bac7deed982e5d4a60a11ce6a9c77f0bfb4e18c69dc5b15a,"[0.7744178771972656,0.22558218240737915]",0.22558218240737915,0.5800000000000001,0,False
stage2_multiclass:S:2410,,,stage2_multiclass,2410,S,1,b38e4af37b53f0eab886349854e79d2bf447aeb45b2bf7f41c9ef26bb26fe0e4,0c17ff0e75b5413d61f54f0a788b13c1258e89cbcfc5a16c4c98bda242758a63,"[0.8193072080612183,0.18069276213645935]",0.18069276213645935,0.5800000000000001,0,False
stage2_multiclass:V:468,,,stage2_multiclass,468,V,1,dad2a0e2da1a0c4cc6cb94460ab4bc44ba533d01fd94e7b20710bf02e09fecd0,3833697cd430bc34250541a7afdf66b7fb61700e394ccf4ed2ee963d9c9f6cf8,"[0.7881078124046326,0.21189217269420624]",0.21189217269420624,0.5800000000000001,0,False
stage2_multiclass:F:5543,,,stage2_multiclass,5543,F,1,43d7b9a4834170d4a821fd912df49885c16137f09ee1ed8a730f552eef5bc144,6c0b8071e1896b8b747b834e6394c7ab7e022b02828205f9bef9770b4474055b,"[0.8155872225761414,0.18441280722618103]",0.18441280722618103,0.5800000000000001,0,False
stage2_multiclass:V:449,,,stage2_multiclass,449,V,1,acd5403ea203b3c4b9030e2f9bb5f01b3110ddef5ac358bf81c766d356587780,b1987519f094d0c7fab2d51007047cb9b50d5b5b0174d73fcdfaeff8873520f0,"[0.41229474544525146,0.5877052545547485]",0.5877052545547485,0.5800000000000001,1,True
stage2_multiclass:F:4740,,,stage2_multiclass,4740,F,1,73eb73d868b178313437b611f23e07024d449e50e1a536440f1b0147e62b6912,5c5a7d7d147aab7b9d41a230651ea4134ef98f56bbe9966bc61d887166c912b3,"[0.8583468794822693,0.1416531205177307]",0.1416531205177307,0.5800000000000001,0,False
stage2_multiclass:V:222,,,stage2_multiclass,222,V,1,9a7f002f81a98ca6bc4ea66ba46ba271f0627232ffc0d7c9e10f3457ea4013b7,6a451d2cf53f8e94a45104680239f3ac7f23a353bdaba52ba419de3a57e5ed65,"[0.7900465726852417,0.2099534124135971]",0.2099534124135971,0.5800000000000001,0,False
stage2_multiclass:F:4009,,,stage2_multiclass,4009,F,1,b16735ebce3f8fc33f77845707900457c5b2a0225121667a96f239591d0d85db,d5b5df3df0460a20dfa131f8255fb3ac7f3cb18589415110ee86bb24bd5fd538,"[0.8468987941741943,0.15310123562812805]",0.15310123562812805,0.5800000000000001,0,False
stage2_multiclass:F:4428,,,stage2_multiclass,4428,F,1,9b4d968c40dbf21c8efa90ee35f4a29dc210b9aa08b4cf0f62fbe2a3ab16ece7,98aa09ed816a483aeb087b278a806b1e660cc4f80344c7f811fb7d9fe46d9bb9,"[0.883995771408081,0.11600425839424133]",0.11600425839424133,0.5800000000000001,0,False
stage2_multiclass:F:2723,,,stage2_multiclass,2723,F,1,2726f376f96e1db9193bbb21d60d104b281248c80ae9058283757ff4def61bc1,68358809e1e7d6c78f1c0b9bd282f2e9133d2b50da8c89a0ba5954a6023e6972,"[0.7834832668304443,0.21651673316955566]",0.21651673316955566,0.5800000000000001,0,False
stage2_multiclass:S:3586,,,stage2_multiclass,3586,S,1,f25cb1b9781389e5e46ee2c11efd7000c2ccba38c23eb95a3ed8fe2460f63bf6,7931f46384d8b4b92f0d54734c491e3ddf692292c79b4ddff3132daa6f6c5606,"[0.6466381549835205,0.3533618152141571]",0.3533618152141571,0.5800000000000001,0,False
stage2_multiclass:S:3640,,,stage2_multiclass,3640,S,1,0face07b7c4aa2ba01ddf5152fe2c88153facb21f530c2207b7541e927272b51,f2bade5054ca696ba69b4de2e1f82b7d30a076d05224eec7f78f60139bfbeaaf,"[0.6064548492431641,0.39354515075683594]",0.39354515075683594,0.5800000000000001,0,False
stage2_multiclass:S:929,,,stage2_multiclass,929,S,1,50dbef06e106a8017ea26018827559eb2b84ed0846495c887c761b60b173433b,504ed6b2a0a59794fa55dd85568ca446551cc9f05b4741cc0e63f1e36a8f36d7,"[0.7014529705047607,0.29854702949523926]",0.29854702949523926,0.5800000000000001,0,False
stage2_multiclass:F:5718,,,stage2_multiclass,5718,F,1,6276485393e5f748e1265f17a4f2b453271d6e5f8efc0a03db438af848ec2ddd,a994420517f54493ba9e8880310f1cb3865ef0dafaa7f34047077842fd737288,"[0.7582491636276245,0.24175085127353668]",0.24175085127353668,0.5800000000000001,0,False
stage1_binary:N:3,,,stage1_binary,3,N,0,95841bdd87f4f2750b3766f48887cbe617c3c236c78e3403afd649ffe39520ed,c2ddfd8ecabc3be85a7fbf3cda98161ae7becc1e6b8dc03cbb42ffc461967154,"[0.6065148711204529,0.3934851288795471]",0.3934851288795471,0.5800000000000001,0,True
stage2_multiclass:F:3950,,,stage2_multiclass,3950,F,1,d6dd4a114a16156c46448ca8ea941fb7007a1c61afb99bf913794b12ac212b6d,19238306d7ae4ede526539d95716c15ba567d8c0496d9e1c0197c4c5e60e1abc,"[0.9018402695655823,0.09815974533557892]",0.09815974533557892,0.5800000000000001,0,False
stage2_multiclass:F:4470,,,stage2_multiclass,4470,F,1,0f9dc41748ba359fc8c7ef637f2ee0a50e42f5d5de17e2e31793176aa47bf182,8eb876710690f8e4476fde631e9791cd35efbd25e39afa4841b466183b92a90a,"[0.45196521282196045,0.5480347275733948]",0.5480347275733948,0.5800000000000001,0,False
stage2_multiclass:F:4586,,,stage2_multiclass,4586,F,1,315463973edff6f0f82cac9667af7249a2903e0d337db2e0892f6edae82337c9,53c1327f54f908cf0908c34f63e7ffe286838141a0872a710945780a1b3771c0,"[0.5300207138061523,0.46997925639152527]",0.46997925639152527,0.5800000000000001,0,False
stage2_multiclass:V:389,,,stage2_multiclass,389,V,1,1bfca961c3f673dfe6643e180ad7de66ea4c1fb9398c54b637931151174642b0,d8c60b70ec50605b5871edb2069a2c07499d0a3fde87fe2dc5a3a70d69740ce9,"[0.8386061191558838,0.16139386594295502]",0.16139386594295502,0.5800000000000001,0,False
stage2_multiclass:V:201,,,stage2_multiclass,201,V,1,aa03e368a30c5d4a84a5bf958675aea45f692ec7bf62105847b7c322ed84fd10,7af9843bce25dad6d5ba4d96f7b61c046c157c27e4a31c168065d138e525e0cb,"[0.7756674289703369,0.22433261573314667]",0.22433261573314667,0.5800000000000001,0,False
stage2_multiclass:V:651,,,stage2_multiclass,651,V,1,7c754f8b442a067c3b9132e32ff2c936d956eb4b4286a0fd6a8017ec51d7197a,8e3ea88c26924ca7ab5c3a1c0df2e2a246035eb10bcb1a80b453d2e897e9f981,"[0.5076213479042053,0.49237868189811707]",0.49237868189811707,0.5800000000000001,0,False
stage2_multiclass:F:4057,,,stage2_multiclass,4057,F,1,a9d1f3a71d809c41d078b67b85c52ea435930892175cdc70245b2342fc66cdd6,1dd97e9c165abedf70649b24b48570dfdd72560c0f31334e0f33b249d05c9482,"[0.8812410831451416,0.11875887960195541]",0.11875887960195541,0.5800000000000001,0,False
stage2_multiclass:F:3695,,,stage2_multiclass,3695,F,1,be0e1a18553aab9982e206e2f7fcee20f4f34c952088172e692e4c0ae826683f,990133c3b6d3452b5d58ba0101f54daa3ce132504816a1cdf105e80ef66dd596,"[0.8597845435142517,0.14021551609039307]",0.14021551609039307,0.5800000000000001,0,False
stage2_multiclass:S:5119,,,stage2_multiclass,5119,S,1,3b0be4c1879f59e2b0358c055a6949c6b74fc9f976affba3a5d17ed52c7e6c12,8b875cf93e15c9a617ba8d74239a63a29182b371385a9b6ac7fd07c6be682685,"[0.9029991030693054,0.09700092673301697]",0.09700092673301697,0.5800000000000001,0,False
stage2_multiclass:V:95,,,stage2_multiclass,95,V,1,5303b54a99e186e5207cd5c2a6c86dbdb0aa9b02310d40f26cdf1dba7ddb335f,06625376364926e03e92831dfb70988b00a5d264183e4a681c0f8cd6744c2539,"[0.8733031749725342,0.12669678032398224]",0.12669678032398224,0.5800000000000001,0,False
stage2_multiclass:V:485,,,stage2_multiclass,485,V,1,351f20a583b931dc6a1c7dbcdd278be7a734ecc88dfdc689e13ad94afc91c1ce,a22b344d53754b150f29055bd747b7f4483ddec1d5530d20940cb9cfe04c51ff,"[0.6961691975593567,0.30383074283599854]",0.30383074283599854,0.5800000000000001,0,False
stage2_multiclass:S:2364,,,stage2_multiclass,2364,S,1,2b4e8afbebdc9f847b6129e7ca47b0808231d82dc5b0d54c2178c271ebe8d7cf,6a9a09a28ef0f58433198d70ba0b88ed358ea9584d9305d08f6c359210fb3497,"[0.4044027328491211,0.5955972671508789]",0.5955972671508789,0.5800000000000001,1,True
stage2_multiclass:V:550,,,stage2_multiclass,550,V,1,be1730f2bf1ff106ed6b9063967bbccf74c5a15be9530e939f8e0a6ee4bb3d3d,03804dab0dc96132d1a1a8158c04c97a0c0fa8362d342b7cc31c349895abe7b5,"[0.5021564364433289,0.49784359335899353]",0.49784359335899353,0.5800000000000001,0,False
stage2_multiclass:S:4597,,,stage2_multiclass,4597,S,1,0535e702bbde15ba5769b465a87de573a0484e1e544e1a5d4573c852fc8503b3,88c0b952fe592c97ee28c505a50245291427f55850551e9ca54131b59ec22b61,"[0.8492047190666199,0.15079528093338013]",0.15079528093338013,0.5800000000000001,0,False
stage2_multiclass:V:57,,,stage2_multiclass,57,V,1,4f35058723981a7a1221f9364d11c325f1016974a8abe2606eb963b80934e3a3,987e5fbd7fd5112377e88edd69483b0ca2a216282c3241f39d27b56a3c4f8a71,"[0.8039212822914124,0.19607870280742645]",0.19607870280742645,0.5800000000000001,0,False
stage2_multiclass:S:17,,,stage2_multiclass,17,S,1,e0057bd10e31cb6d696bdaa71a32be54d25fde042380062500d0d297655a4431,db36ee9f7693f54506e8e3bf4ccd1adf839d67a171ffae6d8434b786c87ab89b,"[0.5699670314788818,0.43003296852111816]",0.43003296852111816,0.5800000000000001,0,False
stage2_multiclass:V:290,,,stage2_multiclass,290,V,1,273f681d7b63df5a9e13752f3c2ab78f533add91343ea6e850e839d56f28c4a2,83955905f29eec483702d4033662aa0567bf271c8f8311cbd38cdf14b150c001,"[0.9282216429710388,0.07177837193012238]",0.07177837193012238,0.5800000000000001,0,False
stage2_multiclass:F:3818,,,stage2_multiclass,3818,F,1,2be77459787dc14b94cb48930511fc8ed16956682ff89c774b3c0aaa1c6ab7ae,8002864a0feb67db01b90461cbc38c75761f72bfd4d785cf3d5bd6e0557832cc,"[0.39579591155052185,0.6042040586471558]",0.6042040586471558,0.5800000000000001,1,True
stage2_multiclass:F:4410,,,stage2_multiclass,4410,F,1,4c4c5a35a7fdc39ac26970be95a303854a8d858b1f2ca9e98e0f379cc347475d,4a6f96babd0f87d5b066a2873c08d345b41051f5da3eeb4f5e57cb842efbf835,"[0.40070298314094543,0.599297046661377]",0.599297046661377,0.5800000000000001,1,True
stage2_multiclass:S:2764,,,stage2_multiclass,2764,S,1,338e188f0dea8345c3ead17cfdb0fd4a2d6d49d18d0809641136ecd842a019c0,9143ab0319757c61e50edf7366aa7ea0f6b57f8b90cdd332328c5ea9ac92c161,"[0.8313341736793518,0.1686658412218094]",0.1686658412218094,0.5800000000000001,0,False
stage2_multiclass:S:3578,,,stage2_multiclass,3578,S,1,cf45a9e7255e4460063d77a39e3f9ea78fe796fd546688ca8d2383ac3bd45e83,265df5f73e374f35b440624ee40bc382894e3857b2efe13e19143589acdedae5,"[0.6305132508277893,0.3694867193698883]",0.3694867193698883,0.5800000000000001,0,False
stage2_multiclass:F:4670,,,stage2_multiclass,4670,F,1,cd7095d2f2025a6850211bff34b49d31c0952791b50cbaee088a718d5a5346e0,81aa0c0706c2860efe6e1d294e147219b7f7a21bd40a3588239d66a31e022de5,"[0.9087417721748352,0.0912582129240036]",0.0912582129240036,0.5800000000000001,0,False
stage2_multiclass:V:384,,,stage2_multiclass,384,V,1,7e467b15d2172ea1b9c14b5d2d1a2f0a6cb4dde620c73df1364382fd639bb92d,364fe70e724c6b12f085f11aeeda441d42f735a7abff58e42136a9a04ee2ad0f,"[0.832310676574707,0.16768935322761536]",0.16768935322761536,0.5800000000000001,0,False
stage2_multiclass:F:4382,,,stage2_multiclass,4382,F,1,1bf6493766c0692908a07c88b8781b7d211bf394767cf0e17c024a2727285e4e,318b792f430f89da1c61ba3c6bad3db2f313e2dd174c5404b58f47740d3335c3,"[0.3743797242641449,0.6256202459335327]",0.6256202459335327,0.5800000000000001,1,True
stage2_multiclass:F:3761,,,stage2_multiclass,3761,F,1,1855a22fbbb1c42dbc214662fd7232acff1d5cee8f49641be56e42e058948b15,2bc98f8a973803a7bef29cd5ac3102318079c7cfa84103514f8e97614cdf98a1,"[0.8565210700035095,0.14347897469997406]",0.14347897469997406,0.5800000000000001,0,False
stage2_multiclass:S:3600,,,stage2_multiclass,3600,S,1,be30ed47ea7583f255da91c8eff77e3626050414d24cb73a20c128a6dd46206f,698be837e09a05bc47fc3a5fb3dd65465069d0b987260451b41d817a3a81445f,"[0.6075334548950195,0.3924665153026581]",0.3924665153026581,0.5800000000000001,0,False
stage1_binary:N:109,,,stage1_binary,109,N,0,5d68a2f8bd386d492c3c7859eaa6d9e00989d9b4fc4374fc33521619a243064a,fe284fab773e3f9a595f9ee8145722631f84e47aee4e508a299ce9f71236e3fa,"[0.6167313456535339,0.3832686245441437]",0.3832686245441437,0.5800000000000001,0,True
stage2_multiclass:S:2622,,,stage2_multiclass,2622,S,1,a2873fd237d27dcb88fd1406aba6adfbbcfbb163e3b9447d547ac2e6f4bf8f65,3d3409cb79e3e171f9bd5f148af0477838fc4b0eb78807ee4c9597b858036d2c,"[0.7575255036354065,0.2424744814634323]",0.2424744814634323,0.5800000000000001,0,False
stage2_multiclass:V:632,,,stage2_multiclass,632,V,1,9ff74c76136e3644fb31fd3f611842bd34190dd73f94119575ad77294f0049e3,ec0a74dab7d6c7814e5032669a2ad2b20e245b7ebf6072f6dee77fd06f0f6e3e,"[0.4937458336353302,0.5062541365623474]",0.5062541365623474,0.5800000000000001,0,False
stage2_multiclass:V:362,,,stage2_multiclass,362,V,1,26f952f7d9ee706bfd5a80f740ba32212562e9ddca818871cc2248062f034fc4,7ecbab88824a9407d42c4a09fe4684e93f652e97956d386c39f8c1196a0626f4,"[0.5258162617683411,0.47418370842933655]",0.47418370842933655,0.5800000000000001,0,False
stage2_multiclass:F:4827,,,stage2_multiclass,4827,F,1,b84790708be00ca0d516a5b0dc2111b7a9109af5cdd48cdd127ea68dd7ca314f,9bb44fa1c726c0316146b5cdfc8958f101464c5c97856a53ec98cbfbb4ecae72,"[0.7882307171821594,0.21176931262016296]",0.21176931262016296,0.5800000000000001,0,False
stage2_multiclass:V:254,,,stage2_multiclass,254,V,1,ee4e28f8ff6d8cbb868e764781affeeff4b9f8c16c01a13ed7c3b6899d031ee4,281c67487ba55f0f9b53378d461dc432dc52db419d4afa14c00fb81f4536e204,"[0.8181674480438232,0.18183250725269318]",0.18183250725269318,0.5800000000000001,0,False
stage2_multiclass:V:236,,,stage2_multiclass,236,V,1,6b259c9ef8f9f4a7749266ec82bee53d08a67054a3331f58747c4b5214cd5c6e,e342c9709368d9d1ac774d23a00f1ecd9dc8a2eaff1c84799ae95d88d924ffc7,"[0.9072068333625793,0.09279308468103409]",0.09279308468103409,0.5800000000000001,0,False
stage2_multiclass:F:3879,,,stage2_multiclass,3879,F,1,d32401464f6ef8e6e31028c286aa22cc5110ff15299fed767f5c404445acd7bc,03a15dc0786589d6b25a584d8b26eaa49c8b32c07e4780625cc228514635b53c,"[0.44815003871917725,0.5518499612808228]",0.5518499612808228,0.5800000000000001,0,False
stage2_multiclass:F:4582,,,stage2_multiclass,4582,F,1,f87c26626cb05ec325a74d22e0b7aaa2fb51fa12f17b07870e44fd848c068a9e,768173ed20bec49479616d113b038888d6b307493ed8a4a4aca65ac84cf5e1f0,"[0.862883985042572,0.137115940451622]",0.137115940451622,0.5800000000000001,0,False
stage2_multiclass:F:3889,,,stage2_multiclass,3889,F,1,9132c51e69e756b4a9bcab0713f9753f17f80b03e41137103307cd9ba673d05b,862881fd3fc5d7542ae6842776b423ed44da8b7b5d87aebae559af5fe66e0d3d,"[0.4215334951877594,0.5784664750099182]",0.5784664750099182,0.5800000000000001,0,False
stage2_multiclass:S:5070,,,stage2_multiclass,5070,S,1,9f268b0744de9509889d0452fcba8132ba69579cd6f6d3bf72f32af6496c4d85,c9c1ab0a5da2f87d451038e04c3f1c90c9fcddf64c45c29c29bf91c01047af9c,"[0.8853896260261536,0.11461038142442703]",0.11461038142442703,0.5800000000000001,0,False
stage2_multiclass:F:5676,,,stage2_multiclass,5676,F,1,5e0c880ff095067efa1bbbf549dfa2c935f612be78131dc834bd61f864d26ffb,f195713e4ff7b09143c27335a6ea2d84da684cb739f1f0955c10217ff78d9d74,"[0.6789990663528442,0.32100093364715576]",0.32100093364715576,0.5800000000000001,0,False
stage2_multiclass:F:4708,,,stage2_multiclass,4708,F,1,3c19acd2fe7dc45b03d3ff7d5651f5986573a1d87f65ab7ff0c8c9232bbbfcd5,e2a0c8e27038c770cbb487fddab39c9d9a601f98e9199b312d9c72ed50f79488,"[0.35687845945358276,0.6431215405464172]",0.6431215405464172,0.5800000000000001,1,True
stage2_multiclass:F:5686,,,stage2_multiclass,5686,F,1,3bf441789694eecec6ff7b0e9e31e3f0619bfbcb21b66e2d72d69fcb80472339,81e155b62ae6ed6b6490d96f04ee0946699790591dac1f977872d38c1c853012,"[0.5735764503479004,0.4264235496520996]",0.4264235496520996,0.5800000000000001,0,False
stage2_multiclass:F:5733,,,stage2_multiclass,5733,F,1,518a06f0b19b2277c951a60bc66f9999cd77e4c6f95133e92ea3c77c243e5000,2a5289e6de5ecb5bfa529ce6fbb6b455c1a828bbb39a9dad1ce74843fb4e96b9,"[0.8365099430084229,0.16349004209041595]",0.16349004209041595,0.5800000000000001,0,False
stage2_multiclass:F:4798,,,stage2_multiclass,4798,F,1,6710fdfb0e8842f343051b95b44b95fd126f77b774a4280d026d33793b0c8767,adba7babb4254bd2f48bc38288a19aece36010f972abf96fd1888e163a8ce908,"[0.8507195711135864,0.1492803990840912]",0.1492803990840912,0.5800000000000001,0,False
stage2_multiclass:S:3561,,,stage2_multiclass,3561,S,1,b086022b8dd30562236d226529bd20707e44cd06da380c87f1bc90977af5aba6,8acafddfbae95ea7732537f97c248eec2358b3cb17beb933e606502befdf9f5e,"[0.6869908571243286,0.3130090832710266]",0.3130090832710266,0.5800000000000001,0,False
stage2_multiclass:V:488,,,stage2_multiclass,488,V,1,2d5902254203731a79a30ba60dcfe70c39941f7c23cc5f784882c9830dbd5332,ae2fe8a8a6f6cb7f8e4d48750070317049247505bcf28d4d364f9b4bd3f4bcf4,"[0.8088313937187195,0.19116860628128052]",0.19116860628128052,0.5800000000000001,0,False
stage2_multiclass:F:5869,,,stage2_multiclass,5869,F,1,8867ca08ffb0637e904b832e246f2f3d6d28417326707afc369c8bfc1ec0989b,b6beb12ee8cc7a1dfe1309520afc5d74dd45a5f65f1fcc59469ab9dbd2e7a815,"[0.8509618043899536,0.14903822541236877]",0.14903822541236877,0.5800000000000001,0,False
stage2_multiclass:S:33,,,stage2_multiclass,33,S,1,9108baf38104a45ba362a0c9e0848bcc64b0f83f83027708098a0274d8621f8a,4ca7cc6d5e45f1bd3b4a20b80251d073475c7d3938e796a1b5d9fab689d9c395,"[0.5773853659629822,0.42261460423469543]",0.42261460423469543,0.5800000000000001,0,False
stage2_multiclass:S:3627,,,stage2_multiclass,3627,S,1,2611e0e6bc411e43d10e29a8c9e713d84546b0f1a21cabeddd47d99f36b96605,3a68cd1a8f9dd8f41fa8db88e6872f79332dea5c3488df15b2640c12300b737c,"[0.624781608581543,0.37521836161613464]",0.37521836161613464,0.5800000000000001,0,False
stage2_multiclass:F:4455,,,stage2_multiclass,4455,F,1,2b90ee3e313d95ed01a917f35ee36861d92d00a7b0e5839a2ece2acff6d7af34,9e8113952fb126128d81b79663c71cd48442ee9cd47925681b3b543428061fc0,"[0.8525754809379578,0.14742454886436462]",0.14742454886436462,0.5800000000000001,0,False
stage2_multiclass:F:5730,,,stage2_multiclass,5730,F,1,5e44265b7dc95dc85b376bfe7f99cc86b762f5e018c1d0df1c511e3cb4c478b6,371a02d3466afae06d304af82fa6135d3d8116cd557f62b47057be8d9f0b1014,"[0.4332207441329956,0.5667791962623596]",0.5667791962623596,0.5800000000000001,0,False
stage2_multiclass:V:77,,,stage2_multiclass,77,V,1,b91275476dfd517aa24cf1946d6015dfb460e26200682b4ee9b8c1eebc01bf85,d1a02efd9b2fb748982656d995c826dfa9f986aa17bed37b06afd6b60b31f7b2,"[0.823879599571228,0.1761203557252884]",0.1761203557252884,0.5800000000000001,0,False
stage1_binary:N:59,,,stage1_binary,59,N,0,80f6514aca764960f845557685662dcdf7501386ed62c3ef1ae45dff0f0144aa,bdf7b8e6741a1fbdf1448497a78d7670485cf3ff819f3d4003843de2b4c55555,"[0.6008392572402954,0.3991606831550598]",0.3991606831550598,0.5800000000000001,0,True
stage2_multiclass:S:2720,,,stage2_multiclass,2720,S,1,ce9a60b2769f960c98c0ccbc41f1764674470a22919d34ce1f4dc6a2bfa29726,171ed2aa2e36da6edfc5da62683cce21280612d437cf50fd7288c703438252f6,"[0.8222405910491943,0.17775942385196686]",0.17775942385196686,0.5800000000000001,0,False
stage2_multiclass:V:192,,,stage2_multiclass,192,V,1,a4797f7079df6a3efd5e34e968d3bd332bfa941f589162e1a0f04e90ac2c8b47,98353c6fbca9628bdc922767bc99529db2f3f79aa1090ead6de213ab879c886b,"[0.9366403222084045,0.06335967779159546]",0.06335967779159546,0.5800000000000001,0,False
stage2_multiclass:F:4376,,,stage2_multiclass,4376,F,1,358f462dfe45f19a3e44c91eea2a0a0fbb473a3dc13037860d77e8cc03e434f0,4037e3413415ff2ab11d012c05dc27d86e518917e1a3efcb4734a1f6ac576428,"[0.42391467094421387,0.5760853290557861]",0.5760853290557861,0.5800000000000001,0,False
stage2_multiclass:S:988,,,stage2_multiclass,988,S,1,9aab486023296f5b8228d4edf1c1a3f204839c489631a8da5c160a5d76f604ea,4202b3c161add19a1c21fafa6b7080d1c3ede6750fe713f7bc9b077a5fa02dad,"[0.6152311563491821,0.3847687840461731]",0.3847687840461731,0.5800000000000001,0,False
stage2_multiclass:S:2610,,,stage2_multiclass,2610,S,1,b6de1e7c75bceddacbd510c65032721a61be6871d80e653191fd9b6794d7ea4b,ccf9f2b04cff7bf42b1cebe8afd0e9f62583b716bca7484649f570608b110447,"[0.7797964215278625,0.22020354866981506]",0.22020354866981506,0.5800000000000001,0,False
stage2_multiclass:F:4824,,,stage2_multiclass,4824,F,1,bad75c84ca7ad0d2901d3b8d474d56235cead4d81cb1bbe25b19e3f27f46f29d,84a59a4881b1de7142c7017e6c55505a686e9ad72e660101de53b2d1d78add4a,"[0.7215667366981506,0.27843326330184937]",0.27843326330184937,0.5800000000000001,0,False
stage2_multiclass:S:857,,,stage2_multiclass,857,S,1,c5103f71be5aa74891d414eaff8ee46904fed6722486d32e758cfba205067e5a,1ef56fbce60408e5fcb8d3453acc09e4b23211be79790c250dd9b949549e1f0f,"[0.8584542274475098,0.14154577255249023]",0.14154577255249023,0.5800000000000001,0,False
stage2_multiclass:S:5144,,,stage2_multiclass,5144,S,1,5a653471f91b3a3b0b7579f3ac7bd1b5524439f4474675dc690bfd2f3f404d90,e8568a2740161cc89f6f0b4bfdfb1991b81ed907b9d17692040a458433f64db4,"[0.8788594603538513,0.1211405098438263]",0.1211405098438263,0.5800000000000001,0,False
stage2_multiclass:S:3577,,,stage2_multiclass,3577,S,1,dbfb8cb8d8a9c6c5715aa16e8bac2c1e04649572c2450e567d672892ebf7a4cc,48fc2dd57ba534ed87007fea8b13b60fe094091068d8e2609c21001d718364da,"[0.6210599541664124,0.37894001603126526]",0.37894001603126526,0.5800000000000001,0,False
stage2_multiclass:S:3591,,,stage2_multiclass,3591,S,1,d6c183cb06e3987ba0ebff0303ad5386142cd1cafd571294c3ddc9b12d8b4cb7,04a14ad078dc156e2264eb7b3a4f527ebe88b614f55c68d609a960f59dbaa2b5,"[0.6316762566566467,0.3683237135410309]",0.3683237135410309,0.5800000000000001,0,False
stage2_multiclass:S:2717,,,stage2_multiclass,2717,S,1,88879da84ef3f82758fc874c2280264f88ee99eb155718e26af5df6968b4c174,bd32ae63f1069eeb2f80e70d5d4d4731c6f18ec1bd47a37d4868787ade041c93,"[0.7821197509765625,0.2178802192211151]",0.2178802192211151,0.5800000000000001,0,False
stage2_multiclass:F:4426,,,stage2_multiclass,4426,F,1,28f20d5137af7554fee42dfd61f049a097b746a83e9009c0af8394da468adc28,5b010b9c7be8ae3f0826714df7bd2181f4828df7f5319c872f8d42697a516ffe,"[0.456855833530426,0.543144166469574]",0.543144166469574,0.5800000000000001,0,False
stage2_multiclass:V:289,,,stage2_multiclass,289,V,1,e8361508f00d0a420fe8c37d8bad1a1c35a426bfe10738cd669418dee4128eff,d44bb939bff1a4a9583e48f6f728b1d80ff5c198c59e32e856ad0344dd0cadf6,"[0.7637686133384705,0.23623138666152954]",0.23623138666152954,0.5800000000000001,0,False
stage2_multiclass:S:35,,,stage2_multiclass,35,S,1,2dcc0d41ab893e5654411832193c7fb410eb05f4c907a4b63ce394b51d169c4c,547f79bed041f9b7c4c156005c5a5f55844561a2ca43c68123b667088e37402c,"[0.9515721201896667,0.04842783138155937]",0.04842783138155937,0.5800000000000001,0,False
stage2_multiclass:F:4126,,,stage2_multiclass,4126,F,1,7d10f77b244ea7a9390f7f4e9fa77e968081b58768aa17733aaa7819de86c008,0a9d307d998abaab79cf4270a8e9c00737600d0b87f18663a58780e979bf0e84,"[0.8677327036857605,0.1322672814130783]",0.1322672814130783,0.5800000000000001,0,False
stage2_multiclass:S:3653,,,stage2_multiclass,3653,S,1,16f2947f608664cf12210ba54de7be7f3d5742923ed1db5f7b8fd8a735220ccb,806844bb21ca734c28d3a9c25ea926b5f13901c64ef3297203baecc79223a27f,"[0.5782949924468994,0.4217049777507782]",0.4217049777507782,0.5800000000000001,0,False
stage2_multiclass:F:4140,,,stage2_multiclass,4140,F,1,db28a726713ff6df05bfc20c385af5f153e5a11b802ed208b85bab980ad897a9,a54f0cee2680fa2c1fb25cba3d0400e3687200f95078da9c41395235eb37fc0b,"[0.44928377866744995,0.55071622133255]",0.55071622133255,0.5800000000000001,0,False
stage2_multiclass:S:2779,,,stage2_multiclass,2779,S,1,35ab475920c50916acbda70384d5244b9c371435716e9779becbe97bef02ab4d,6607dea8a4d8ca3c6b910ba942cffe4172e3d5be16954d4d21664620ac372beb,"[0.4114176630973816,0.5885823965072632]",0.5885823965072632,0.5800000000000001,1,True
stage2_multiclass:V:529,,,stage2_multiclass,529,V,1,981806efb4eb65d00855e346b55f7dda186843102c080b3b59325d6f9857d387,b4c5a522dfdd2c241bb276eeda777dfd3488d17c6220a3a629cdfa33d4d100e2,"[0.9390906095504761,0.0609094463288784]",0.0609094463288784,0.5800000000000001,0,False
stage2_multiclass:V:293,,,stage2_multiclass,293,V,1,d645e5aba6a998332a00fb0e3c8eec98153da58f45603fae654e9b99a956dce3,750e3cd41908a86c7c4d41fd19a511ad0c9cc4a33b0551cd549ba6e97d0f2b25,"[0.5118150115013123,0.48818495869636536]",0.48818495869636536,0.5800000000000001,0,False
stage2_multiclass:S:1011,,,stage2_multiclass,1011,S,1,1b03db954deda88fdfa953efc8ae8dbcfdcaae4536914625a2352892935494d0,df6da668cdd7a8b9e2494412785d59b5302e1da59870234eadbea59e77fcd1d1,"[0.6813767552375793,0.31862324476242065]",0.31862324476242065,0.5800000000000001,0,False
stage2_multiclass:F:5465,,,stage2_multiclass,5465,F,1,d8f59e561f9c1f957d3f77201af7a9a5b6669da4e910d7264e919d51b8284286,47f0336397ab5c56fe388a0dacb42ee883dcea3a5b2b266bb72cb509e572afe5,"[0.8228217959403992,0.17717818915843964]",0.17717818915843964,0.5800000000000001,0,False
stage2_multiclass:V:336,,,stage2_multiclass,336,V,1,71fb1da0675ddf81933f0508ed846ca4dc9f014252125c8fec93d3584d9cbfec,19a4c17fe04eecf0b07be1185a166e0cfd4a510980a7a5fad6c621a49775af36,"[0.547710657119751,0.452289342880249]",0.452289342880249,0.5800000000000001,0,False
stage1_binary:N:100,,,stage1_binary,100,N,0,3929732fe09d2bd9bb93e3a3f31bac798ba3fd8ead03a92107028a79b50d9e10,514328eb8592fbc3d4fa58b6c03a1bb2d1a7e28479bdcc63294ad7dabdae52bb,"[0.5350197553634644,0.46498024463653564]",0.46498024463653564,0.5800000000000001,0,True
stage2_multiclass:F:5947,,,stage2_multiclass,5947,F,1,621b1062742660b8c54a5ab32aef90e3421e08432c2fdc84fc72b0ad2a587e87,9216b73c4f49d7c3b0bc0fae229b13646d361025c612694521bdb89bf12fcc07,"[0.9529183506965637,0.0470815934240818]",0.0470815934240818,0.5800000000000001,0,False
stage2_multiclass:V:587,,,stage2_multiclass,587,V,1,6eddbae65698e70675ec1d60529d91c4dc9868959ae057cbed364abfee538daf,1bcb797d301dd43fdd0520be68012f72e691b21ab3991e5e554fccb480d6d430,"[0.9218913316726685,0.07810866832733154]",0.07810866832733154,0.5800000000000001,0,False
stage2_multiclass:F:5832,,,stage2_multiclass,5832,F,1,e6fd3b8fc374ddbb2b04387da1646d18c8037912f0f7571fbc1bf5335372a6e9,0bb27bd651fa4d5bd50d4e7b9fd406e98e760bfb114545be249182ccf5309f50,"[0.837347149848938,0.1626528650522232]",0.1626528650522232,0.5800000000000001,0,False
stage2_multiclass:V:139,,,stage2_multiclass,139,V,1,7f822425f9ee1fb28f2b86a544bcf7964be4fdf252b69563e8b060116feac5f8,033b317a1fcd6027247fce2d6b99d490513a4319eec790e9547e31cd99332a58,"[0.8276365399360657,0.17236343026161194]",0.17236343026161194,0.5800000000000001,0,False
stage2_multiclass:V:125,,,stage2_multiclass,125,V,1,19189c98fadcf56e3ac3738b0cec9afbc7f3db84dea099aeec65b8183264d1c7,269c893f245235c01581c3ef2dd21025e663c750db45e281b94418469938ca80,"[0.7932166457176208,0.20678332448005676]",0.20678332448005676,0.5800000000000001,0,False
stage2_multiclass:S:743,,,stage2_multiclass,743,S,1,5fb9abef619f910e709e4cdd37702082803a2bd5ab4b5332cbe7ac25971df40a,9bbe138a2a5fde5a90b1b796a7edcd7ffabb7192c162d57a452a96721c270da2,"[0.851912260055542,0.148087739944458]",0.148087739944458,0.5800000000000001,0,False
stage2_multiclass:F:4459,,,stage2_multiclass,4459,F,1,328b2b1045ff126272cb3ff028296f50e72125f2be2210db2d593eb201e14ae6,b8bbe84239474396874e8ef12c6db7762a0ac837d706b9d23e39011ba619bf63,"[0.8782883882522583,0.12171164155006409]",0.12171164155006409,0.5800000000000001,0,False
stage2_multiclass:S:2432,,,stage2_multiclass,2432,S,1,14954f6b0e51e66f15f8da81df0457382619cd6c20444227c271177afde79ddd,d13d8cfb7fb5b134c93b07ca822122fca0d8b644e833e49ae199d45d56e1d3e0,"[0.8232631087303162,0.1767369508743286]",0.1767369508743286,0.5800000000000001,0,False
stage2_multiclass:V:523,,,stage2_multiclass,523,V,1,03ed6a565ab64b9bb5f1093dc0ddddaa7bc84f36e28a63931c4b378bdf8c8cc4,6ca721902217ade770db92dde15aa7565b2c24670ee7c42cf5efaf2adddeb7b9,"[0.6925946474075317,0.3074053227901459]",0.3074053227901459,0.5800000000000001,0,False
stage2_multiclass:V:647,,,stage2_multiclass,647,V,1,12f0458bf8a65ee29c5b129c91dc78d54d25fbf28898b047f010b9a09e209b10,59a349307321de995ea4846072bda480af9f72113f840a7e25761232a81c9b29,"[0.40654703974723816,0.593453049659729]",0.593453049659729,0.5800000000000001,1,True
stage2_multiclass:S:5087,,,stage2_multiclass,5087,S,1,edb7acee6754a3ac8753c9a3bc05aec085efa7ab733bfadbbafdc3fe3b098831,2a57700ec288371e12a8266ff5252805360a0a057e5315579a9ca689f120d230,"[0.8963959813117981,0.10360406339168549]",0.10360406339168549,0.5800000000000001,0,False
stage1_binary:N:85,,,stage1_binary,85,N,0,9e44965440cf2c7ba6b8cd02fe39987b4b5733c1b24a666ea3b68de6a43e4f73,271bb5c2667c9f71083d6d4fd7aca2711f6329d85c655817e960410296f0db8e,"[0.5328589677810669,0.4671410620212555]",0.4671410620212555,0.5800000000000001,0,True
stage2_multiclass:F:4498,,,stage2_multiclass,4498,F,1,f0ea4bc4ea485d8f9ab9deeb9fb8caff787fddfce1ce87bfd296d2bcd339d704,36b9c742489d347cb9c258d34e13122af7be52d29a59ad9325cde6ff096e6048,"[0.5930800437927246,0.406919926404953]",0.406919926404953,0.5800000000000001,0,False
stage2_multiclass:F:3834,,,stage2_multiclass,3834,F,1,3af2850de259e31de7d419a75db9d5f2db61b77b997d33f7a870499f102bae37,b0b3e85ef8e65b07a40d977d31d9e5279ae966adb7dbaca0a95fd5cc9b586617,"[0.840976357460022,0.1590236872434616]",0.1590236872434616,0.5800000000000001,0,False
stage2_multiclass:F:5926,,,stage2_multiclass,5926,F,1,67715819e34694cb9ea9e1d242241fea0c5e77c116fdf6cb436126c56ae60148,6a680b514c5699fe9460898f7150f85cdda0a5460967da1e77aeae228fcbcf23,"[0.7391804456710815,0.26081955432891846]",0.26081955432891846,0.5800000000000001,0,False
stage2_multiclass:S:3575,,,stage2_multiclass,3575,S,1,b3fddcd89e241c75a419a324233b1e93b58110d45c0104830b85914efb344cd6,933ed65d178b65ca566aa1b5eb97f82291e8b3d6572e930285148094f6fe4138,"[0.6444163918495178,0.3555835485458374]",0.3555835485458374,0.5800000000000001,0,False
stage2_multiclass:F:5974,,,stage2_multiclass,5974,F,1,721aaed2c2c0cf20ee4d5b094c3772c336d7c1c5ef2a63642a23cbdbab735cf7,1a70469850aae7c957f144f9972ab862029c943d97369c16ebb940a1bbbef720,"[0.3955509066581726,0.6044490337371826]",0.6044490337371826,0.5800000000000001,1,True
stage2_multiclass:V:159,,,stage2_multiclass,159,V,1,227445bd9bbaebb610219fe7717f3615aeebf38466544e2530570185d60b8801,e77197051cb65a312b1d2c5537464dd22ecc156c564c3ab06c28f37a7a4a3748,"[0.8368756175041199,0.16312432289123535]",0.16312432289123535,0.5800000000000001,0,False
stage2_multiclass:S:2425,,,stage2_multiclass,2425,S,1,0b7cdb93f985167309d31f398b8a9fbaa393a7f6274376a1ce7511eb1a2a5b05,7f3340981a8c266bd7a367744f2f2f92afc189b48f38fc393e83681ec0e004d4,"[0.8083641529083252,0.1916358917951584]",0.1916358917951584,0.5800000000000001,0,False
stage2_multiclass:V:383,,,stage2_multiclass,383,V,1,03cc9071d42741c18331ebd0c6bcce78ec132deb33a056fb5c08f31c08c64dc3,05790a6328abe5cdce73d7ffb21381903ccc11b35d318e556852ac2505114790,"[0.5321663618087769,0.46783360838890076]",0.46783360838890076,0.5800000000000001,0,False
stage2_multiclass:V:576,,,stage2_multiclass,576,V,1,9b3da60e28c2bed09eac8d6b76e8a5ba80126992c5a8afdf6470692003ad3ee0,2d550a406a68f1912d38a7ac07d25691d4b0d545d2260a7012b806cd6b6a581f,"[0.43325090408325195,0.5667490363121033]",0.5667490363121033,0.5800000000000001,0,False
stage2_multiclass:S:2798,,,stage2_multiclass,2798,S,1,f6c2231869d55878c3d48f342e6a8a4459b0deeb224ff94f4a8ee4de79ba0be6,d3b1a8c545f495103d81f6baf20f3887a3bbd227a0c7aaace41362dfad39b759,"[0.8642123937606812,0.13578757643699646]",0.13578757643699646,0.5800000000000001,0,False
stage2_multiclass:V:38,,,stage2_multiclass,38,V,1,0bb1455e4379d0d09fc0cad1489d946299812efa57fa50d417d6a3cd791bd022,88e7da2973ce29ca634ca9ade0b3ad41b5d4b8da676a11032463da5f042d56fa,"[0.8895989656448364,0.11040102690458298]",0.11040102690458298,0.5800000000000001,0,False
stage2_multiclass:S:2695,,,stage2_multiclass,2695,S,1,a3d0a05bfd61feff2971179d7cc1deae64eeca6ce707e5063093ded89a04d888,8ef2d72c4c8dfb8e8ea3870b062eb6cb0e915d457e0b4d6ca904c9f8e847729f,"[0.7812235951423645,0.2187764197587967]",0.2187764197587967,0.5800000000000001,0,False
stage2_multiclass:V:454,,,stage2_multiclass,454,V,1,4fdef2c3413eb31c0613f78bc90ffa3e0853c0992969dcbcc7366c2d565cacdd,12062240710ae18abde51d27dc982e3dedcbd9336d3bb9b83abdfe048cfb7783,"[0.9196937084197998,0.08030635863542557]",0.08030635863542557,0.5800000000000001,0,False
stage2_multiclass:V:368,,,stage2_multiclass,368,V,1,24572618e62a343a242a3f9bb6051283648c78d14a4ea97635d57d8f8c8806dc,9cb17cadf034d77ecfed834ac5c1564e9e25abd46b6459700b260316cfc19410,"[0.9258135557174683,0.07418640702962875]",0.07418640702962875,0.5800000000000001,0,False
stage2_multiclass:F:4680,,,stage2_multiclass,4680,F,1,a8e639724345c6d7197bd951328b54c357591caf55d98126f3c45605ca95ddec,f5aa067e8d7c2b965944b97235530cea19896ffd6fbb6d35ca9784e11737e2a3,"[0.8094573616981506,0.19054269790649414]",0.19054269790649414,0.5800000000000001,0,False
stage2_multiclass:F:5702,,,stage2_multiclass,5702,F,1,eaaf0ebcf462aaf332eca11f4c9f174e0e9d5a1f348736364cc7a9da9ca8c77c,a9b3be6a6d65a5e6e5f688531dd3c20ca2b3067b80f8b587404356def01e4222,"[0.8007053732872009,0.19929462671279907]",0.19929462671279907,0.5800000000000001,0,False
stage2_multiclass:V:608,,,stage2_multiclass,608,V,1,4d41131032d28112278c27b473f7a4b1f23604e1811e0b7405304ae23f286174,bbe591b0addab048dd675f58d8b37f1f4a7ec28098246ade592dd9536f0f7be2,"[0.47771281003952026,0.5222871899604797]",0.5222871899604797,0.5800000000000001,0,False
stage2_multiclass:S:918,,,stage2_multiclass,918,S,1,4b61b02fd676a42d4acd9694ea21d9d94c468fd398e7b53dd5991efe93d899f8,1556fee7c7effff111a4a87d22c013bac1cd75cdfddd51a04738a7a8954adbfd,"[0.8100054860115051,0.18999448418617249]",0.18999448418617249,0.5800000000000001,0,False
stage2_multiclass:V:545,,,stage2_multiclass,545,V,1,fc21ffedf31bdd778bc4c53ebc535b2b323f1a39f98fe987943a059ccdd40cfb,4544c741649602cdc631737c544f0dc5496d46c71f195d246fbd260d5723d608,"[0.5862979292869568,0.41370201110839844]",0.41370201110839844,0.5800000000000001,0,False
stage2_multiclass:F:4005,,,stage2_multiclass,4005,F,1,e3c94e0b01feee72835dc3e51c9e9615b1e852a8d57b5f914b5e769f216866d5,9ca1ffd1629026f13a931b55891e49e947a40388463a1eafa00dd7f9cc006706,"[0.8615411520004272,0.13845887780189514]",0.13845887780189514,0.5800000000000001,0,False
stage2_multiclass:S:982,,,stage2_multiclass,982,S,1,268af98aa587740d44aaccf36f29aebff4c1376bfe04d5bfc3f65010e4da4c2a,38f43ed7662eb700d2fd475b0b0f2f9705879602751f2d05f0162dfe77abcb51,"[0.7117679715156555,0.2882320284843445]",0.2882320284843445,0.5800000000000001,0,False
stage2_multiclass:V:335,,,stage2_multiclass,335,V,1,15160ec7aa7798adc51bda2ce90584f55dc2ea1a0115e01c93b111acc7742b93,2e53112a70e85b1fc8570b25e9e7920aa899cbeaf7efea21169b04a8039b07f7,"[0.9206842184066772,0.07931578904390335]",0.07931578904390335,0.5800000000000001,0,False
stage2_multiclass:V:75,,,stage2_multiclass,75,V,1,41ed199768ab2f19c7a7c1196402fb1d2fca9260cf2275ff1d4f446f1e32385b,446aef80d3a9858b8274448f530c7beb71fa8491961f6944122f3731f6ad54cd,"[0.8043854236602783,0.19561460614204407]",0.19561460614204407,0.5800000000000001,0,False
stage2_multiclass:S:1474,,,stage2_multiclass,1474,S,1,763ec9a8e64f6cc70aac62e7a980e3d7c02aba6b1b93fe581254ed534dd13ab7,a719588b4caaa9cb0ba0d14b3d62773c9cd50c9ba5d5ac0245fb4cf8951f4af4,"[0.7520014643669128,0.24799856543540955]",0.24799856543540955,0.5800000000000001,0,False
stage2_multiclass:S:5126,,,stage2_multiclass,5126,S,1,a4824f951ab913d95ade5b795b49830224d0f304e0e203b4f975e3caecb35ffe,a2c57e95b36b305b6aa9c0ae1fcfc392e020a3dd824dddf255af2d9a62bfa924,"[0.8861406445503235,0.1138593927025795]",0.1138593927025795,0.5800000000000001,0,False
stage2_multiclass:S:2680,,,stage2_multiclass,2680,S,1,1bce5e91ec6a9211c4f4943ad5a6058597f0013a96eb397e0818fe46bd2c93e4,f2c72a9734a9a31418498932e3fa859f72d265f04bdb598dd00a7cc44872a361,"[0.823505163192749,0.17649485170841217]",0.17649485170841217,0.5800000000000001,0,False
stage1_binary:N:119,,,stage1_binary,119,N,0,1b4e7a9a4feb033ddf0df1c3f99dc5e35c66a95b0311f447ba7e89555d5b4e33,f2da5b5df5e1f016387d447d0547edec9058ed6821902b9d84dbb5ba12105e40,"[0.5307662487030029,0.46923375129699707]",0.46923375129699707,0.5800000000000001,0,True
stage2_multiclass:V:631,,,stage2_multiclass,631,V,1,0f2b68993c210cc6e66a03564a22e75749176989a824bcfb928239acd19ca3a7,b621aa97e30071b58c3f322d1cb4af31bf057451bfaf6821b3f2b073823e0b51,"[0.515117883682251,0.484882116317749]",0.484882116317749,0.5800000000000001,0,False
stage2_multiclass:F:5999,,,stage2_multiclass,5999,F,1,4fee93fac25bf0dbcaf092b7f2932bde0de08a84295bea2e1a6900b651a72409,f5b26ef8a52c6de4ac93572a107c7d0fb61d512678515f50e37a9d96ca24af25,"[0.7356172800064087,0.2643826901912689]",0.2643826901912689,0.5800000000000001,0,False
stage2_multiclass:F:5899,,,stage2_multiclass,5899,F,1,9f73866ddd04779cea294ea9edb9eac1e07b77d00e1311b02299563843d1275e,e84735a7de0e73ca1e86583766995c650bd783fc379f546237d7c76e29a2712c,"[0.5840500593185425,0.4159499406814575]",0.4159499406814575,0.5800000000000001,0,False
stage2_multiclass:S:936,,,stage2_multiclass,936,S,1,a5dae625f42fc6f7d2e50ecf3cac8cf199be7e7efd07207d80492bff26bd36f1,75e7f6a95862677523f99b1bed1dda7a50022630bf766ef63138221096414304,"[0.7480935454368591,0.2519063949584961]",0.2519063949584961,0.5800000000000001,0,False
stage2_multiclass:F:5836,,,stage2_multiclass,5836,F,1,a544ae148b5a5aa7449b187bd0e024822b72d99a85c92f5a4966f36079655048,dd1d166fa174da00624a55289f05b82c60c36fe3c46228dca623f612e350ce08,"[0.3828795254230499,0.6171204447746277]",0.6171204447746277,0.5800000000000001,1,True
stage2_multiclass:F:5868,,,stage2_multiclass,5868,F,1,db9689135fb45c948fcd5bb91c2dc8da2601338d6d7c590461a392d409f65c80,4ac9b1a2e2f7fe0daf8964842905875ac41f463371da842ae6b7ab37d1549906,"[0.7422570586204529,0.2577429711818695]",0.2577429711818695,0.5800000000000001,0,False
stage1_binary:N:55,,,stage1_binary,55,N,0,0c1f3f4322e0f6f4a304eaa7891a2b86bd27880bb3e9cb815a3ee2f12767d585,c6454976b16b98cc1663e32efa15ed81c95d495a8a98ea29c89ab85aec515f95,"[0.5866202116012573,0.4133797883987427]",0.4133797883987427,0.5800000000000001,0,True
stage2_multiclass:F:4236,,,stage2_multiclass,4236,F,1,bc795d976647fd60ec46411de8cfd79c2ae7e3d857dad4670036f4e284f74cd0,7c943b9b13471a74b380d9525af3a3903acc84791e077758bee51984ea4c6b9b,"[0.8596550226211548,0.1403450220823288]",0.1403450220823288,0.5800000000000001,0,False
stage2_multiclass:F:5842,,,stage2_multiclass,5842,F,1,45afc5603363df097607f5a624d259ceeaac61a82c3c056e1faa65e01388dce8,d1d3b3d23c12c251942f83ee9979bd569c739908d4f60c8a34fed0a1d1289aa4,"[0.7159022688865662,0.28409773111343384]",0.28409773111343384,0.5800000000000001,0,False
stage2_multiclass:F:5720,,,stage2_multiclass,5720,F,1,87cba93a30cc878f9085f246ff12de34a930794301a35d82875230a7edb42854,6837774d6c6728772a6892804dc7309009fd28601f5ed3505b63ccfcb1efa6d0,"[0.4264935255050659,0.5735064744949341]",0.5735064744949341,0.5800000000000001,0,False
stage2_multiclass:V:564,,,stage2_multiclass,564,V,1,8d0cfde4cf4d086c8f843ba975bb8f53930f80729fcfc484a11f68d8769be876,652cf7c457ea9404c7ec3e19c9dacc9674430bbb681551d3ef941bda3e66655d,"[0.80736243724823,0.19263751804828644]",0.19263751804828644,0.5800000000000001,0,False
stage2_multiclass:F:4853,,,stage2_multiclass,4853,F,1,18f35d3d8f72dfdca74e452b7cb2d99df1a36a335fa09ddbe8140d9ec82334b9,9d65e28db7a7cf7b307d2e5b2837fbd5a03d795748accea5ace945c422df3243,"[0.5255683064460754,0.47443169355392456]",0.47443169355392456,0.5800000000000001,0,False
stage2_multiclass:S:2703,,,stage2_multiclass,2703,S,1,867c75392a1c571754ea1e5431a430cc923ca240b1b1369796ad4c44d007b7d8,0ea36cc04c60b700d24a07db3b6121ccf56dbdea2789f2ae4e983abcbc7aa4f3,"[0.8015047311782837,0.19849525392055511]",0.19849525392055511,0.5800000000000001,0,False
stage2_multiclass:V:578,,,stage2_multiclass,578,V,1,6be8bb9bd241937d1a69e0fd3e1e4a37d0c6ac223af4ec372bf8f11d80b4440c,69c70f88d30ca773be1b23106b8598707bdae66c944f07e3ea5a706284f28149,"[0.8710756897926331,0.12892432510852814]",0.12892432510852814,0.5800000000000001,0,False
stage2_multiclass:V:51,,,stage2_multiclass,51,V,1,04258a246feb533561c7bd5997b7b426d37248ecaad247795a2c56dfa0171e69,1bf01162a6c5d7b0d5e3e48426749f19a5e2fc82341276bc99c231f55e0d2755,"[0.7992827296257019,0.20071732997894287]",0.20071732997894287,0.5800000000000001,0,False
stage2_multiclass:F:4260,,,stage2_multiclass,4260,F,1,e60457f70663e59252df69cd54c8b61ec39a57430588c1bbeb488777d79da781,008c174d074c2f3326786ed116ede37c75e1e16dabad6fc1194502695457e01d,"[0.8979225754737854,0.10207749903202057]",0.10207749903202057,0.5800000000000001,0,False
stage2_multiclass:S:2492,,,stage2_multiclass,2492,S,1,ba3b75b34af596186341e87b4c57b907ac0f5d2990f7441747033fa335972d94,e661965f0c93ea8f5e7934a0d48335090bd2ff86ec1007665ed62ff773870947,"[0.4345678985118866,0.565432071685791]",0.565432071685791,0.5800000000000001,0,False
stage2_multiclass:V:393,,,stage2_multiclass,393,V,1,bf178c93e7f3142d9188a9b5618435b2424ba0b5d6ed1c2896ecb0e71e3943db,37214443b175ce324085b9abec0184458733a852fd3fba611643e3a728ed4ff8,"[0.5127776265144348,0.4872224032878876]",0.4872224032878876,0.5800000000000001,0,False
stage2_multiclass:S:11,,,stage2_multiclass,11,S,1,a8c39c600504825932f2904fcd11f6793f678d0a307c399977955cbb87597329,95ac13a1f45879959dd1a3a726ca741dc404cbf9adb5756c23c42c0dde63d7c5,"[0.5874990224838257,0.4125010073184967]",0.4125010073184967,0.5800000000000001,0,False
stage2_multiclass:S:3654,,,stage2_multiclass,3654,S,1,d674f518fc91da9a7385311cb7e944608414b27398d1f5520507d5cfd0ffd009,db1b1fdba4397724d13f67a211918137d74a7ca04d40ea2087308fc63d1dc447,"[0.6006530523300171,0.39934688806533813]",0.39934688806533813,0.5800000000000001,0,False
stage2_multiclass:S:2608,,,stage2_multiclass,2608,S,1,ee55f602d6e1acfba9a4d984003122043eba5886c57f110a1cf21367dd52b3e2,c6676d50b0f50cd476191d338466a6d59d91772560e44c9b9c8936b73cb3a690,"[0.7839395403862,0.21606042981147766]",0.21606042981147766,0.5800000000000001,0,False
stage2_multiclass:V:232,,,stage2_multiclass,232,V,1,33d60fe0dd7e34981237b15be9b7d05c6776985bd663f28ec357a54bfc18d516,52e52825a96c133bbfed425e2ab770b125d5ab108d6e37087ffb0c3fbc828fdc,"[0.9136530756950378,0.08634690940380096]",0.08634690940380096,0.5800000000000001,0,False
stage2_multiclass:S:1648,,,stage2_multiclass,1648,S,1,61c8eee1229ecbb86baab60b92b92e1ce45dc4f286b2d2b34dfd007aac62864c,508c719127eb48fc11c05e10bc275996e3858bbc3e84b543b1c0bb2f10d5fd9d,"[0.8401745557785034,0.15982544422149658]",0.15982544422149658,0.5800000000000001,0,False
stage2_multiclass:S:969,,,stage2_multiclass,969,S,1,a1946c0169d9528fcf237254dbd199bce6aa5c88c14922767a3c75940cc242f2,5479871f8c1930095ff1d5f875e9e4dea8ba6af7685c6014f95dcd51980f488e,"[0.7811749577522278,0.21882511675357819]",0.21882511675357819,0.5800000000000001,0,False
stage2_multiclass:V:317,,,stage2_multiclass,317,V,1,f11f0483ae2ecbbfe54acc80c3b3a37eef8127c0548f68883fd7d479744e1e49,10cbfc1bba1c1c7535b5baadda31b36ad5b6274a3ae97e8575bdfdcab3e5f6cc,"[0.8317017555236816,0.16829821467399597]",0.16829821467399597,0.5800000000000001,0,False
stage2_multiclass:S:906,,,stage2_multiclass,906,S,1,e68a16d4817573774ad8c5ef2f0b4c77f8e26334b4017157a699e11728e62acf,d2dfb997d78b85c9c3f24d63f074c2d4099e8e6aeaa0c700f238b0bd3e867999,"[0.8809991478919983,0.11900081485509872]",0.11900081485509872,0.5800000000000001,0,False
stage2_multiclass:F:3971,,,stage2_multiclass,3971,F,1,81f58169d7ae22becb1e16303e93844715b8be1aaa219e9202a27244671a35d4,12adf43cdfa3ac8e30723ef1115cd8cdee4585f3221ddffdd7479147d4304171,"[0.4064141511917114,0.5935859084129333]",0.5935859084129333,0.5800000000000001,1,True
stage2_multiclass:S:991,,,stage2_multiclass,991,S,1,44656a2295779cc7b0ebcc56747a34d590d4220f202e64e439c9f9c0d91f7ff5,171519a376b6e34b0d4db49d20ba64f2c9eaa558eb8b26a8e67aeba989c059ce,"[0.4541420638561249,0.5458579063415527]",0.5458579063415527,0.5800000000000001,0,False
stage2_multiclass:F:5878,,,stage2_multiclass,5878,F,1,582bc3b64c0256c06716b0982ce8a121fe98808835aafea0198e56ce772b8cd4,c2a27e73a5a715f0f3cf288283741baf6eab8e83a02349dfffc3341935504f9d,"[0.8255609273910522,0.17443910241127014]",0.17443910241127014,0.5800000000000001,0,False
stage2_multiclass:S:2724,,,stage2_multiclass,2724,S,1,533a5f80ec21ea0bc5ace413a4f7852e02e2ccc4570045fac55ae3beb24a6723,a60733b7067510a67b0c427c002646feaa8fa750e0161eaf522310ce4dbc7b66,"[0.7840856909751892,0.2159143090248108]",0.2159143090248108,0.5800000000000001,0,False
stage2_multiclass:F:5818,,,stage2_multiclass,5818,F,1,1f5d086e257fa5aa6fd939f391f204873f0650d7ebe38e2b3ffcc662e941cda3,ac7e155e5198afd5949058b058ba2a7d63eee950d47047f4cbeaff54e3a111bc,"[0.777273416519165,0.22272656857967377]",0.22272656857967377,0.5800000000000001,0,False
stage2_multiclass:F:4222,,,stage2_multiclass,4222,F,1,fb98d09f825da241483ceadf04fd6423707e095a92095b6f7756b5a6b00ebba7,ea51bdf70cd5453d154c8f41c4c0f20e00eca57ca85a608c55886b79760096ce,"[0.4534713923931122,0.5465286374092102]",0.5465286374092102,0.5800000000000001,0,False
stage2_multiclass:F:4308,,,stage2_multiclass,4308,F,1,9fbb773bb4bf5ee326ae6f8afd40c8ef1669ee4fd4ecc9fdb659759cd8575764,7b3f483eb1ca082b0b0bfeceb3f4b8ad4f0bc51cc63085fae5231e295201a40a,"[0.8565366268157959,0.1434633880853653]",0.1434633880853653,0.5800000000000001,0,False
stage2_multiclass:S:5075,,,stage2_multiclass,5075,S,1,cbb648d557121134f9abbbeea369ffed99bed66c1992a2150611020d4c8922cf,bb71466f2ac8926cffb0c16d222d2825ba0da91e29474f83bae54d9ce7a1f531,"[0.914076030254364,0.08592401444911957]",0.08592401444911957,0.5800000000000001,0,False
stage2_multiclass:S:1813,,,stage2_multiclass,1813,S,1,c5cc84a96795f0655a87f4529bbcb9f8a7283019abab9ae0ca46f5f9a67c03e2,929e7bc998d4e041648c51fd650d56cae82cc35cc59454d62713cdaea692f435,"[0.8538060188293457,0.1461939811706543]",0.1461939811706543,0.5800000000000001,0,False
stage2_multiclass:S:2755,,,stage2_multiclass,2755,S,1,c790b323f460b9396420b0e2557050c382814419e9cec0685e94eb24813e6619,d23e8b592f08472a73e8d42b4cd42684538dd41524cbe1d13f56ce649a2ccbc5,"[0.7902569770812988,0.2097429633140564]",0.2097429633140564,0.5800000000000001,0,False
stage2_multiclass:F:5799,,,stage2_multiclass,5799,F,1,076604863eef8ab76390238c4d99c41ec33694bc210ccdbfb9384be4d7fc1db9,053e91aebeff8ed11f2faae9f765555bdd46442260a320a5f3166aef8e5e2f5e,"[0.6286512613296509,0.37134870886802673]",0.37134870886802673,0.5800000000000001,0,False
stage2_multiclass:F:4011,,,stage2_multiclass,4011,F,1,5337df9c20f5b3542316e82d2cfc6bb1cf68a093398d98ffd4a55666511eadc4,c36a2edca8570d8fc47e2f959ee6f4fead560c980bf7554bbd267da42cc7d71b,"[0.4149748384952545,0.5850251913070679]",0.5850251913070679,0.5800000000000001,1,True
stage2_multiclass:F:3749,,,stage2_multiclass,3749,F,1,5f438cb45a417b32904c873e683d6ed6318be5284551af51bcaafce59a8200bf,463dd13c24047ef191fc16b97f0e909b9778894434a3df452ccf1ac101dbd478,"[0.5277681946754456,0.47223183512687683]",0.47223183512687683,0.5800000000000001,0,False
stage2_multiclass:F:3727,,,stage2_multiclass,3727,F,1,b2ea2ccfef8f6bb70878d81532796094abd78c959f15f7203e74ec5e59d68fbd,e72d34c11022f84b408b7f92198251c7d623eeffc5887455206f7393da5f7fda,"[0.8696392178535461,0.13036078214645386]",0.13036078214645386,0.5800000000000001,0,False
stage2_multiclass:V:200,,,stage2_multiclass,200,V,1,86d96347521e4e531acc9f64642de19209019a18d06c0a7f38299c0525e7263e,9fee7d5b7acf66ab13094f5ed4a868325a434632668216b1320684d4b4a2a854,"[0.7789050340652466,0.2210949957370758]",0.2210949957370758,0.5800000000000001,0,False
stage2_multiclass:V:556,,,stage2_multiclass,556,V,1,e1498f275d145a92569aa9df11e8e0b9c7e3edb88542ad95dbf28979e83aea89,8680ba02e91efacb2b355636a495361d39ef75cf2a24692743f929abae7997a2,"[0.8330855369567871,0.16691449284553528]",0.16691449284553528,0.5800000000000001,0,False
stage2_multiclass:V:230,,,stage2_multiclass,230,V,1,afa13e5abad8aed1b14f2dc6c9d87d23fa8c808ec19811c887ddb1343076d793,ca670baa7180d71fd026a2474e7b87ef7dc6dd51d04f54cf95dcee4f404a2e22,"[0.918204128742218,0.08179587870836258]",0.08179587870836258,0.5800000000000001,0,False
stage2_multiclass:S:965,,,stage2_multiclass,965,S,1,34da4c2ac07559fb4d7a3b5d4625675464cc9e00731b101c7377b790c8ff8edd,b554b67337a4d611a502e97a297923e8b3ac716fe7e0c6e6e2942566727408f9,"[0.7490902543067932,0.2509097158908844]",0.2509097158908844,0.5800000000000001,0,False
stage2_multiclass:V:76,,,stage2_multiclass,76,V,1,c64dabcb8ded9ab08868948fc16809fcd835c028139565e51239b5639eed9184,419acc6fde67e5073f464e00eb68f7dbdad3f0aad2ceab1ecebc33782011d513,"[0.8128340840339661,0.18716587126255035]",0.18716587126255035,0.5800000000000001,0,False
stage2_multiclass:S:3613,,,stage2_multiclass,3613,S,1,e40aff3aea22b50653c1b4914060ecf7ef34aed15ad14ec6044e3286f66291c7,d0770e8b23ee70d15599decd68f91a904f77d2c558c4a182e46103429ad0e96a,"[0.648038387298584,0.35196158289909363]",0.35196158289909363,0.5800000000000001,0,False
stage2_multiclass:F:3674,,,stage2_multiclass,3674,F,1,f89521af03ac38ae0b98002233a6163687f5f5aeeb9bb3493d19f785c0c1ba07,b71eff0e302f26ba047060020f26a07712e3e44ae6d865619bab6b17ec437874,"[0.4296910762786865,0.5703089237213135]",0.5703089237213135,0.5800000000000001,0,False
stage2_multiclass:V:50,,,stage2_multiclass,50,V,1,d2050a4735859de72a7ebfce3bb5bcdaa64503e14c867c95bb4b013bb6f7913e,6478ddbaa8d6f915de47f609b8b6208634af212bfde4f28c4225eb071b776e7b,"[0.8134421110153198,0.18655788898468018]",0.18655788898468018,0.5800000000000001,0,False
stage2_multiclass:V:257,,,stage2_multiclass,257,V,1,d8d428b90d295748b8bf8c57859c45b458c4f4a43e0d7b1583ddf75b60035d87,11a30194a73b9e8139da689c1c4b5c6aaf6b58f2fb85c1e58958e998e676a64b,"[0.7791273593902588,0.2208726406097412]",0.2208726406097412,0.5800000000000001,0,False
stage2_multiclass:S:2791,,,stage2_multiclass,2791,S,1,50a6108b13b568dbe22c83530cc07e6556ccf6525ee04ae3c80fbede54294767,0bdfbf93c17817afa815c237b2c769b310374217aa5093f8b75d411a0dcad9dd,"[0.7757814526557922,0.22421850264072418]",0.22421850264072418,0.5800000000000001,0,False
stage2_multiclass:S:3610,,,stage2_multiclass,3610,S,1,c053a789efe4f043f1b93aaf5a5bb5916169954441b014ad1c84bb58f14194c6,39338fc9fc11fce3261a88f94de8cbffc7dd9b549c15f18070831b810db4f246,"[0.6242044568061829,0.3757955729961395]",0.3757955729961395,0.5800000000000001,0,False
stage2_multiclass:F:4312,,,stage2_multiclass,4312,F,1,cc096dc0d8bd9d9715b0d7f452a98dcbf1d2a07a9051bed644f1a13ad3a26739,c0f49d0a26a23f8439df3c8e21e13521ec36fefe9828f599877ae1321f6fc6bb,"[0.38856491446495056,0.611435055732727]",0.611435055732727,0.5800000000000001,1,True
stage2_multiclass:F:3908,,,stage2_multiclass,3908,F,1,e5d18f723eaecbf6d5775a7460918075fc6ca843728e6d2bd93c7d68ec13c867,403da22f37fba09b436fe9f60a7bc25dd159771c54b41d14ecc54360287cac7f,"[0.41549766063690186,0.5845023393630981]",0.5845023393630981,0.5800000000000001,1,True
stage2_multiclass:V:397,,,stage2_multiclass,397,V,1,ff038b04a0713b4fd6d4ee422984b4a95d3e62033c65e520a8386530429b56a6,2a7528279889b418bcf6e2fa8a99fb84faa4d6026e3b8c525b3393d6cb429b2c,"[0.6323769688606262,0.3676230311393738]",0.3676230311393738,0.5800000000000001,0,False
stage2_multiclass:S:2645,,,stage2_multiclass,2645,S,1,ef10d7675f26505f3d682f0d18abb7381137e52077ff786ea51f3209948ce878,2f5d137ad56bb4afd22d88fdc43e113985cf34db8ef34d5000376eb1bbe070f7,"[0.7837685942649841,0.21623143553733826]",0.21623143553733826,0.5800000000000001,0,False
stage2_multiclass:V:621,,,stage2_multiclass,621,V,1,2cff05216e08a0fbd175e03a4fb4e046f9cc27d0004c526b67681a2d33e348ff,0aabf2958f8dd7677532ba9f31508d1928257fa327ad7200126f145cba5d83cf,"[0.5310506224632263,0.46894946694374084]",0.46894946694374084,0.5800000000000001,0,False
stage2_multiclass:V:398,,,stage2_multiclass,398,V,1,718667191116396d1d7ae7647f24416f59aa43772ec5f764e6738722384854ca,10fff4d092ed1b5955e2a4ea1fc5855820a0c9edd8fa20cf6d4be7fbca202cc2,"[0.8164030909538269,0.18359686434268951]",0.18359686434268951,0.5800000000000001,0,False
stage2_multiclass:F:5717,,,stage2_multiclass,5717,F,1,b337122c4df42b7f7d70a79630e5f679165cb614cae80477838ec1c538d88176,a11f949501128c8f77d6747612359e1f2c8a35593c8601a2bcb212cd679ffe8e,"[0.37516698241233826,0.6248329877853394]",0.6248329877853394,0.5800000000000001,1,True
stage2_multiclass:V:185,,,stage2_multiclass,185,V,1,f618bd3536a4572fff79cadd644154b6b354b31a70539c14c17d8bb221651c84,ec04cf4a1f6c9e959ca0bec0fdd2e62544ae11e03f3c37e52499af586fd20b1a,"[0.8956889510154724,0.10431107878684998]",0.10431107878684998,0.5800000000000001,0,False
stage2_multiclass:S:2760,,,stage2_multiclass,2760,S,1,07c2f478cdf978b3ddbf195e0b3d4ed54ac94f634d25686f2253bfc4422b1b5c,e7b3580fb7a49ce593a5f15b85021a299a54e5aa9ddd5007629a4ab557ca90ac,"[0.7842971682548523,0.2157028615474701]",0.2157028615474701,0.5800000000000001,0,False
stage2_multiclass:F:5713,,,stage2_multiclass,5713,F,1,d98f3a911923f69daac8b1579996f58b8330474f944eaa7a48d150faeff213dc,623dfc546f5359c651d56bb2b07388351e0a9ec18df886238a25e408459ae99e,"[0.7817577123641968,0.21824230253696442]",0.21824230253696442,0.5800000000000001,0,False
stage2_multiclass:S:2700,,,stage2_multiclass,2700,S,1,25077cfc6b4fabd34e7085b0036378851a51b9f3309b5f73f065b2b61a9b8f97,acc57720e5122a2aa0176d48be9adf31c797d007455ba3309a0c05bdea3dcc56,"[0.797424852848053,0.20257514715194702]",0.20257514715194702,0.5800000000000001,0,False
stage2_multiclass:S:928,,,stage2_multiclass,928,S,1,dd035cabd1a4c7fccec8b49383922b5da1783ab33348db11bc50fd8d45f726eb,b60acaa643d00e973bb69c9017a665705cbc6e853053b3c5ec85f88f2486c90e,"[0.7498727440834045,0.25012728571891785]",0.25012728571891785,0.5800000000000001,0,False
stage2_multiclass:V:325,,,stage2_multiclass,325,V,1,57db156403818a8b58a5495126decfba211687bf07551b0ebceead83697ac7c1,34d7f5b58ef101569a8075f25ebda85fa7d11e6ab8540db11cd1dae2aa35d6c2,"[0.8609129786491394,0.13908697664737701]",0.13908697664737701,0.5800000000000001,0,False
stage2_multiclass:V:208,,,stage2_multiclass,208,V,1,9a84a74f87498ac37b800ac6a0dc9649d5e77005557f01c2288c164d707fc401,2ac0bf40567ea71beaaf55059741f34b103f7db4329152163901444371f62382,"[0.7411341071128845,0.2588658630847931]",0.2588658630847931,0.5800000000000001,0,False
stage2_multiclass:F:4448,,,stage2_multiclass,4448,F,1,337e8528b460ea69f9d7a8ec330341ec13ffcafc1251e21f830143b5b7810c17,87a8035fb83ac18193648d54db0596dfb8e5b5d801d0b583c42fb892a4db7ef9,"[0.854013204574585,0.14598678052425385]",0.14598678052425385,0.5800000000000001,0,False
stage2_multiclass:S:2583,,,stage2_multiclass,2583,S,1,38c871af7db3ad7587d7429def103f87880cc2b43a8bb5ae98f6e060fd943b76,51d224aa5aa982dd6ae7842c3d47096090a98f111d15d38a0fe60f86cd550be7,"[0.8080070614814758,0.19199296832084656]",0.19199296832084656,0.5800000000000001,0,False
stage2_multiclass:V:548,,,stage2_multiclass,548,V,1,8142535e7287ace2a9ab1a335521cafb2d57ab293adbffa9889e1d18302b6e1d,8b5a55215fb428474fe2bc794487f6a07399fe9b9172dca0e577616894db9a34,"[0.8319020867347717,0.16809791326522827]",0.16809791326522827,0.5800000000000001,0,False
stage2_multiclass:F:4404,,,stage2_multiclass,4404,F,1,cce3f6587ed97393b63836fac264e241e46416f6b401d653e60708fb3f96788b,89dcf3f10861f81174ef6eb989e7405f39fae8098762fc606b60370e6d5ca1d2,"[0.5663806796073914,0.43361926078796387]",0.43361926078796387,0.5800000000000001,0,False
stage2_multiclass:V:311,,,stage2_multiclass,311,V,1,78c326b9959db84ff62d506792a097be006721bef3c5d78358d263e5012cefdb,a48adb04a24090381bf46a231df9f03c76238511e41d827e3e69b4595dd5d4a7,"[0.4166513979434967,0.5833485126495361]",0.5833485126495361,0.5800000000000001,1,True
stage2_multiclass:V:225,,,stage2_multiclass,225,V,1,0986ec1c36ab1587e26976491a9aefd5150c4106b60d5480c9f3b7c1cb6fd2ac,938cecd3fd20dbdbc0c67839bea9a61a101c6d4687ec4fe5d2ae8b88f3827f5b,"[0.7960302233695984,0.20396976172924042]",0.20396976172924042,0.5800000000000001,0,False
stage2_multiclass:V:318,,,stage2_multiclass,318,V,1,1003401c3573c93d68d3c0a0a66b077396e5dab811109cb533606da30e5720b9,064d570794e3e13da96aaa3dfb59690e933bed3a29bb4e5267691d8202f2bbda,"[0.396346777677536,0.6036532521247864]",0.6036532521247864,0.5800000000000001,1,True
stage2_multiclass:S:2417,,,stage2_multiclass,2417,S,1,643b757a5b8cbd146bbe7891457a4cfa0a92d5dbec411f3880f3e9f550e2e924,a7dbcf1cb40369cd5e17ce5cf1d6d1eb1120d29417297d8cf905aafffec457a6,"[0.8284218311309814,0.17157816886901855]",0.17157816886901855,0.5800000000000001,0,False
stage2_multiclass:F:4456,,,stage2_multiclass,4456,F,1,0564bfcabe11c359bba82ca28367ed7bb44fefa25edb188bb17ca54869fdc8e9,c5252d5223850db24d8ce18fe5902bd14660a63a7f7f0f4d9f4674c5663fee42,"[0.8678156137466431,0.13218437135219574]",0.13218437135219574,0.5800000000000001,0,False
stage2_multiclass:V:673,,,stage2_multiclass,673,V,1,6b905ee01567fc0703ba3db88d342fbddccf282b8915b381ed576b96059e0e8c,255265824819da9a3227e3b31489f761c3e1a1a37d2f446c6f6e13a5f44ab6af,"[0.8324015140533447,0.16759850084781647]",0.16759850084781647,0.5800000000000001,0,False
stage2_multiclass:F:4017,,,stage2_multiclass,4017,F,1,27afaddbd28036c6788055e226d4e0d4c8eba6138d3ea9b0273c0f418d54c023,6c4e93e5125d81a66cf28ae47bc8c73543d43a1cd9ddc9b9460151094b6d61fc,"[0.8451617956161499,0.1548382043838501]",0.1548382043838501,0.5800000000000001,0,False
stage2_multiclass:F:4922,,,stage2_multiclass,4922,F,1,f6da9cdc63b44d26ec11779cb0d5591627037ac97b33031a4b8af5a8224beb3c,4551b0884806ca0890abf62692db276ed90a3b0e565c627eaa361196e5b8d0db,"[0.857926070690155,0.14207395911216736]",0.14207395911216736,0.5800000000000001,0,False
stage2_multiclass:V:106,,,stage2_multiclass,106,V,1,538b88a23596fa47270ed84f171b563eb5c547ddc8b1808f9114704acdd16516,8c9ce5b94faf91de3cf08099a528cc9b8abaf2068cf6b5630d58b627f7563953,"[0.9208996891975403,0.07910030335187912]",0.07910030335187912,0.5800000000000001,0,False
stage2_multiclass:V:196,,,stage2_multiclass,196,V,1,c94d4450b7663b361462f88111dfd835e9463abc603b466dd93ed22730f9ccb1,2abf6b32440458a884f65f8d9bbd101e9ce50a720f083280d958df7c67ac2356,"[0.7728290557861328,0.22717097401618958]",0.22717097401618958,0.5800000000000001,0,False
stage2_multiclass:S:3584,,,stage2_multiclass,3584,S,1,46769386cf68cee267449b092321c9704efc8963ccc51c54345c294b7e17943e,eb2a4bb2ad86c46df85281217f2cccb0ee72f22b17f4c19f056263119af63ce9,"[0.801480770111084,0.1985192447900772]",0.1985192447900772,0.5800000000000001,0,False
stage2_multiclass:S:2718,,,stage2_multiclass,2718,S,1,68a5e7bea4d81decc62de7874ac4b2715133c5195e8b3dbfe27f25afd03d6041,9c35949dcc2ea051cb5e22aa5a0d5e0fd33aee9ebf68c68d5f2ca24f9c035ebe,"[0.8222656846046448,0.17773431539535522]",0.17773431539535522,0.5800000000000001,0,False
stage2_multiclass:S:5089,,,stage2_multiclass,5089,S,1,85f056073f4d9ef326de4ec3b8d90c80f22de19d03b38005bd094f9fd1e2bd51,d1df4b84c3081445f74ffe577f9ac11db284044a6473d936c3e69c680d4d9ab7,"[0.9198271036148071,0.08017286658287048]",0.08017286658287048,0.5800000000000001,0,False
stage1_binary:N:20,,,stage1_binary,20,N,0,e0bdd05f3dfbe2e654ab95b94326b6c85c3e293eac5580e86a43778dabd87791,532e5de9285ec331ccba0101805622ff81af53b5679f450f2b8d14428dae84a4,"[0.587337076663971,0.41266289353370667]",0.41266289353370667,0.5800000000000001,0,True
stage2_multiclass:V:456,,,stage2_multiclass,456,V,1,45d596da4e6ed27cef7684fbb2a1acd52c10be1b8d4753826a69fd37c1d6b6d8,36c5e782e100f041dacb7ada8385156a850d2952b3d9dfceb70dbd45df47a803,"[0.37906116247177124,0.6209388375282288]",0.6209388375282288,0.5800000000000001,1,True
stage1_binary:N:17,,,stage1_binary,17,N,0,2ab61d3c6531ba3b0833b30f9b944c5822ac3017dde0fe12ce7a1c5f36886cbf,b6587a7eaba793ab54cec1c1d325b283a4de20294b08485154e6a39a75c5b652,"[0.5713333487510681,0.4286665618419647]",0.4286665618419647,0.5800000000000001,0,True
stage2_multiclass:V:359,,,stage2_multiclass,359,V,1,e2b9e00f56e810642cc193756680fcc07966ed1e1e95a2d191fa380f78934f35,97a5bd11a46d7b2224827f5b8bbd72d6b4c7e82bb287cd99b5493d2537ac43dc,"[0.9671537280082703,0.03284626826643944]",0.03284626826643944,0.5800000000000001,0,False
stage2_multiclass:S:1489,,,stage2_multiclass,1489,S,1,4533636cab2020ab2f3d19eff9ab637e51efcb36527625ddd21393728aa30a14,6b0a08c52a2e1a968c9fa48a60d26e0eb2a5d93d1e5096d996835d448e94c9a1,"[0.8746378421783447,0.12536214292049408]",0.12536214292049408,0.5800000000000001,0,False
stage2_multiclass:V:580,,,stage2_multiclass,580,V,1,a84700ba4eaa03e67cf59a3c8d2039792c35e00b322cc187c2a9b3963abd740c,9857ad342dcc667c22e17ecf994f8a07d2718a2419a3d67f16a85ca9ffd7fc1c,"[0.8580390810966492,0.14196087419986725]",0.14196087419986725,0.5800000000000001,0,False
stage2_multiclass:F:3941,,,stage2_multiclass,3941,F,1,0e3e458e6cf739fd37635c51b7a349bc9f7ff06c9e2f39f85f0666326e9299bb,81abbfa467c4ee49c4d62563b66c3298a0187dc85b9e8b7127357fe1cc781caf,"[0.8513109087944031,0.1486891806125641]",0.1486891806125641,0.5800000000000001,0,False
stage2_multiclass:V:619,,,stage2_multiclass,619,V,1,aec42dac0c5aa4d1bdc331aed54d83352497d1484036cb293f6e090ba8ba56f4,591e93f08c8ac89823650dc9bdf32e9ecc56bb30780643c1c9d972481f5bc694,"[0.42836740612983704,0.5716326236724854]",0.5716326236724854,0.5800000000000001,0,False
stage1_binary:N:74,,,stage1_binary,74,N,0,4921a8e402c1b8cbf5ce5907ae3b1b039e0f54778bd75127eef8dfa6f4fed743,f72b6792c0724df4b914c370dc53acc7bbf2dcfdd9f2a425840ab8488521dbb6,"[0.5787060260772705,0.4212940037250519]",0.4212940037250519,0.5800000000000001,0,True
stage2_multiclass:V:369,,,stage2_multiclass,369,V,1,e3444f22eae4a057e78403a819ccd6a66d9cff40f090c88573db6be0c5f147ba,a394942c6385a6b2647927cbb874e97319912e31bcbc4279aa7708a1dcaffdf7,"[0.9202288389205933,0.07977122813463211]",0.07977122813463211,0.5800000000000001,0,False
stage2_multiclass:F:3999,,,stage2_multiclass,3999,F,1,1dab5fa4936f6072fa5c2b84c9252ee42b447db71e510c301e8c181579eee832,3e2d24f9d81714b86310bb4af8c98efa2651402f1f66d4b1985498e1c9d28223,"[0.42297306656837463,0.577026903629303]",0.577026903629303,0.5800000000000001,0,False
stage1_binary:N:53,,,stage1_binary,53,N,0,2c46f486f0117cd0fd1d93b8de42b2ea9225246fd319f09fdb14c6faf4a16d75,c1c38dbb820de12e029fb8f07a0ecbd954a1a33f8ac6f01b9bc29ad8de2bfc87,"[0.585016131401062,0.41498392820358276]",0.41498392820358276,0.5800000000000001,0,True
stage2_multiclass:F:4081,,,stage2_multiclass,4081,F,1,519d6b85a20a9c5d137db5be71120627ac29da1958bbc68156e9224a48fe5a5f,9e9377ddd9da962216a2d32284b3a6892aff2ad82c54c3e55fa1e93cbf35dd2a,"[0.4304083585739136,0.5695915818214417]",0.5695915818214417,0.5800000000000001,0,False
stage2_multiclass:F:4226,,,stage2_multiclass,4226,F,1,75084e06da90e07f946be36744996983c26df3910a1328d71854157e2d37bf6b,ce1570e790a0310225d87530d0c040b0233dcb33900e93a65bf045c6905dc02c,"[0.4891955554485321,0.5108044743537903]",0.5108044743537903,0.5800000000000001,0,False
stage2_multiclass:V:666,,,stage2_multiclass,666,V,1,74989cafd4165093ffef885375194d0ba9b85e75fbdd5fe96785ebbe710f1934,89276fe476ade994959f49557fd4c71949818df450654f7c4503ce2a4b429d35,"[0.7946237921714783,0.20537617802619934]",0.20537617802619934,0.5800000000000001,0,False
stage2_multiclass:V:279,,,stage2_multiclass,279,V,1,0561d4104d2225601b5699e5ec5b62c92d8e0637af98a1d6cf5722d8d33efa7e,de72cc5939e54c15bfce4944ad95c1b123d673e8898aa22cc468737c51a1ec9f,"[0.7952585220336914,0.204741433262825]",0.204741433262825,0.5800000000000001,0,False
stage2_multiclass:F:4601,,,stage2_multiclass,4601,F,1,f6a2c431ad42a799169a46635a5e577336e596ecea91f1a7f2afdf2962e61b99,527471d386c5c55aa80f4603cf46403c2858bc08521844264c8c44635a39a759,"[0.8657342195510864,0.13426578044891357]",0.13426578044891357,0.5800000000000001,0,False
stage2_multiclass:S:5113,,,stage2_multiclass,5113,S,1,82227e3ec34e0271475f162ea87a81e474886026f35ef173b0f8efa150644f24,a753d1e0add34500f299c1f602870cd3f3ca5e3499654c36922d25f6b118c8d0,"[0.8954061269760132,0.10459381341934204]",0.10459381341934204,0.5800000000000001,0,False
stage2_multiclass:V:577,,,stage2_multiclass,577,V,1,6996e4549740b47e9234c1d777b2b816a4451d52f103a2df49c1032c8e891f9f,befeb2b1d9687639c04b02f9c9f44a6cf6fbe1afd06562e281ddf723c0a23a5c,"[0.41395893692970276,0.5860410332679749]",0.5860410332679749,0.5800000000000001,1,True
stage2_multiclass:V:156,,,stage2_multiclass,156,V,1,e602f1d9290fe1b0001466a31635ca5d1a9bc15f67e063fdb71a0f114bf9f2c9,cd7426b91f2c1bdd081fef59aa827813bd9cc0dcd2d474ea518d0f864317b245,"[0.8500334024429321,0.14996659755706787]",0.14996659755706787,0.5800000000000001,0,False
stage2_multiclass:F:4707,,,stage2_multiclass,4707,F,1,3a7425f9e1ef37ffc7f7f1f693cd478c48253ebf82263f53171d1c03735de415,9082d7867acfbc2118489c02028b64b62ed936a61ae70950854063ce830446a2,"[0.8590174913406372,0.14098258316516876]",0.14098258316516876,0.5800000000000001,0,False
stage2_multiclass:V:85,,,stage2_multiclass,85,V,1,2b01164242fb704f68f0534e27a468ca96b057d5445bb5232a920681a09d602c,7d777b451bef8e5caa233a1504d304b41f93d7fcd00db5a0766c69e2630dc9c7,"[0.46093636751174927,0.5390636324882507]",0.5390636324882507,0.5800000000000001,0,False
stage2_multiclass:S:3590,,,stage2_multiclass,3590,S,1,06f84fb93f42c9c9d3a9613dc99cc33d6b4f57d90af6367960b2f1f91b33b325,691d2ba84a710959969811e4d3d23e5af58d74d9aea61e1b4a15bc4479fba604,"[0.808833658695221,0.19116638600826263]",0.19116638600826263,0.5800000000000001,0,False
stage2_multiclass:S:2714,,,stage2_multiclass,2714,S,1,a53f97b7709d4e94301a021b1b99cd0238f580ecabccfdfdd692fb932ab276ad,563a8f4dba2f38a30e2281dad22376d88c71e80ecf624f13a8234665a306d080,"[0.7851219773292542,0.21487805247306824]",0.21487805247306824,0.5800000000000001,0,False
stage2_multiclass:F:4579,,,stage2_multiclass,4579,F,1,6b072d512400fafe4548f1abca525bcecc3639ec545a9b17785aa15e9345360a,c9ae4691b3e5dc53814703168c8801644d4604d26b59bfaab7bfc29f23ca1953,"[0.8566756844520569,0.14332424104213715]",0.14332424104213715,0.5800000000000001,0,False
stage2_multiclass:F:4390,,,stage2_multiclass,4390,F,1,010aa42b2e0dfdf180163c2042afdf63b0176ae1b877b2b0f8f1cbe551062c05,7a05f2ea8111ef6af418a59ccce1e4fc46f3e9956a8c31f658d7bf404eabfa31,"[0.5181155800819397,0.4818844199180603]",0.4818844199180603,0.5800000000000001,0,False
stage2_multiclass:S:2725,,,stage2_multiclass,2725,S,1,6b435e23e694be4ec9fcdbbc20944095f26b8bdae126664554d7ce6a18eb11a9,c19a47a7d957d534d8dadc4cf1089aea4c8cac497b87b4707497f938434bcf71,"[0.8173684477806091,0.18263162672519684]",0.18263162672519684,0.5800000000000001,0,False
stage2_multiclass:S:5038,,,stage2_multiclass,5038,S,1,653ed687aaddcbe654d6d688166d9b5690e91401455167ed4f1f9e6dd63140c7,6643d773dbf72ae1545ad07ab2618604543da159b390882567b64e17f96c29c9,"[0.9007889628410339,0.09921104460954666]",0.09921104460954666,0.5800000000000001,0,False
stage2_multiclass:F:4474,,,stage2_multiclass,4474,F,1,6deaf14e1d97831e40949b56f65f7b8e6cef2dbdb2ad59194789d873af589105,6a8f0662ad9cbf630982a74a6c05f8289952416f96616a9ad38d524724b05efa,"[0.8625239729881287,0.13747607171535492]",0.13747607171535492,0.5800000000000001,0,False
stage2_multiclass:V:443,,,stage2_multiclass,443,V,1,c909996562da476c65dfe3cefab613be990540d213c35157de79d49e3c266a45,241bae87753ddf97072b65524ea010b42402460aadaeee33f9a74a627e7c0970,"[0.9171925187110901,0.08280744403600693]",0.08280744403600693,0.5800000000000001,0,False
stage2_multiclass:V:321,,,stage2_multiclass,321,V,1,b5d54d29e0766dc670d5e2400f5ebf3ab67dc814ace379c074c8016da6221ba8,83097fb0788aebd5a2b4fc72d741d6b29d03daff69c9d1d0e8f88ca9f5c9208e,"[0.4736095070838928,0.5263904929161072]",0.5263904929161072,0.5800000000000001,0,False
stage2_multiclass:S:974,,,stage2_multiclass,974,S,1,64800590205abc5aa833e6c39751c02d000bd840943148a003e4d5e8168ea0cd,49fff3ef80f51c5fe4c493ef0dd2aa06b3e3b165e29467205533394cd170995d,"[0.8187690377235413,0.18123096227645874]",0.18123096227645874,0.5800000000000001,0,False
stage2_multiclass:V:100,,,stage2_multiclass,100,V,1,2509fb65dcdaffbbb1b91b475e5b68a596c1c3e3d0826d241d88a94c088e123f,6c487eb397194ef83fe3f0a75d9baa9040b2e16359882c192638109cceb0fa2f,"[0.9231584668159485,0.0768415629863739]",0.0768415629863739,0.5800000000000001,0,False
stage2_multiclass:V:48,,,stage2_multiclass,48,V,1,4bccf8c47e1a45cfc81475a8acb130e647b606cd75f668dcac74175a6a8a5086,c51e8ecd55ba8413890f859f85f746592ba87437feedb4539860dcdf13917d19,"[0.8100906014442444,0.1899094134569168]",0.1899094134569168,0.5800000000000001,0,False
stage2_multiclass:V:586,,,stage2_multiclass,586,V,1,bb0c7ae59705f873ae45f27c0d203baa4c23c26715096792992ed732d8ea6797,1807e99f60201f71c8b59baf8c219b8054bb0f63cfe8c3b576a7bc646a676e41,"[0.8005138039588928,0.19948618113994598]",0.19948618113994598,0.5800000000000001,0,False
stage2_multiclass:F:3870,,,stage2_multiclass,3870,F,1,863eb79bc5d2224fc0d273c94a242e4030414a908b82a712dc3b1473be074842,128b16c4734587f1a231fd20883dae345191bdb2663ffd74f77714ca257e382c,"[0.4503868818283081,0.5496131181716919]",0.5496131181716919,0.5800000000000001,0,False
stage2_multiclass:V:559,,,stage2_multiclass,559,V,1,fd46c5c4471fede6e3449d1e4ae671e3d4c9cd3a406ff729b34a5cd4d51fc4c1,ca2df5358b826aec318f599660d3e65161c9b1c4cff2efce47c0a8d6b2cd29f3,"[0.7682198882102966,0.23178008198738098]",0.23178008198738098,0.5800000000000001,0,False
stage2_multiclass:S:949,,,stage2_multiclass,949,S,1,49f0092ae90ae66cfbacfd8c6b2a909d49a1dfed3ec06ca210efcce805e8982c,7bec455b3bc9465905cce2336a8a3609f701742ec82fc78b4c864a1b2ee74e28,"[0.7729332447052002,0.2270667552947998]",0.2270667552947998,0.5800000000000001,0,False
stage2_multiclass:S:971,,,stage2_multiclass,971,S,1,bb9eecec16105e8fb341d68ccdca2cd89b32d14d74a278f2700fc81e9f61829e,7e935a5e5bbb55042a8fcd08fec2325818822f0441b8700ef33f128be6e23ff3,"[0.8392934799194336,0.1607065349817276]",0.1607065349817276,0.5800000000000001,0,False
stage2_multiclass:F:4725,,,stage2_multiclass,4725,F,1,67cedb6fff18e59aebc3194e82b45fe2a2a5ae5c20802710e8571cf4495974d4,74f346212fd403fe4cbd487626ef75efc46bb376210170bc1815b99aff5d1136,"[0.8707427978515625,0.1292572170495987]",0.1292572170495987,0.5800000000000001,0,False
stage2_multiclass:F:5706,,,stage2_multiclass,5706,F,1,07783e758ee41e8b6064f0397f34f7e3f947f87766a7d351bcc5d14f82c79729,d07a4fa5f33e4d29815202b3b06b33808733691beee91d6a6008b32ee7eb40f9,"[0.694377601146698,0.305622398853302]",0.305622398853302,0.5800000000000001,0,False
stage2_multiclass:V:522,,,stage2_multiclass,522,V,1,f06ece8f4163adbdf77872c9d9067608edfdd001d611f5795b4029890afc3a12,8af224f9446d43301a2e3abfa30d5dbc5d82f58e882ff2766fc62bfc1e63d6c3,"[0.9335288405418396,0.0664711594581604]",0.0664711594581604,0.5800000000000001,0,False
stage2_multiclass:F:4553,,,stage2_multiclass,4553,F,1,5092b613a3a156ccd7a20d3ca4b0c1a3b14d27d0a6ede4abdeb3d5d2cd8a07af,fcc9b1aec85aa612a917fa2405cec8bacf4e03c0a944f088c093af9fd0b96b62,"[0.8454882502555847,0.15451174974441528]",0.15451174974441528,0.5800000000000001,0,False
stage2_multiclass:F:4430,,,stage2_multiclass,4430,F,1,b8cf1ffbde8c2c9b3caf5bedbf9f8807bd05b2e933e8ce4e8ce08acc6c252f6f,60083bfd1ab380c4cbdd9370722124ddb011cad6fc51071a2b34ca44df481820,"[0.8698208332061768,0.13017913699150085]",0.13017913699150085,0.5800000000000001,0,False
stage2_multiclass:S:729,,,stage2_multiclass,729,S,1,e1d4febf16ca3ebab80795c3c52da4bf8f2c352a920177de0614452e21a92e37,51a14af5b308c07700e8f9154f04bd932e3dc979e123885dc5117bc82c6d0892,"[0.817298173904419,0.18270185589790344]",0.18270185589790344,0.5800000000000001,0,False
stage2_multiclass:S:1473,,,stage2_multiclass,1473,S,1,d390b5e13dbd4a931f37eba4c91bbddcf5ff11d969d67e3ec9dadc89e3d82f0c,8991bb42ca9b4c6d499e8ec118744f5135799983646c14f8f421ceb4d30b348a,"[0.8540449738502502,0.14595501124858856]",0.14595501124858856,0.5800000000000001,0,False
stage2_multiclass:V:316,,,stage2_multiclass,316,V,1,3906a5ce36a7164e5790a93876d34f764d4cbe7e50ebd83a560bbbf578a9c6e3,c5cf9a27632b1a83e9e6f21b2a9c909152bf90ef0f33344406692263d95cdc9b,"[0.7081876993179321,0.29181230068206787]",0.29181230068206787,0.5800000000000001,0,False
stage2_multiclass:V:504,,,stage2_multiclass,504,V,1,0756fc73196d42a7f34eb6ddfd5200501aa3cc06e5b2b4a5ae0ea35ad3f4aecd,054721492d761920a1687d2f9bcd6719fd4845b1842218ef0f11c922e1eadac2,"[0.5115845799446106,0.4884154200553894]",0.4884154200553894,0.5800000000000001,0,False
stage2_multiclass:S:5130,,,stage2_multiclass,5130,S,1,c2418e48998803a0c3fc6c71df28e9299a76071ec0a06fb5428da9c06d619038,b15cebfb1a8f0f617165af7063c7586081f3a9ccea46c008a5672722002a91cd,"[0.8998542428016663,0.10014569014310837]",0.10014569014310837,0.5800000000000001,0,False
stage1_binary:N:90,,,stage1_binary,90,N,0,14c40a91eb53b62b9ec660d47f06dfa41d23c3ba5019f82255bf34e8e8b205f0,6d7e74785637f6dee88d3b8bfe34595606b412cf5a53d27bb6a4b484c02a3f8d,"[0.5265367031097412,0.4734632670879364]",0.4734632670879364,0.5800000000000001,0,True
stage2_multiclass:S:5041,,,stage2_multiclass,5041,S,1,9060d1a274d3b9714d7f080b5ba2d35e4d8c45dc63a9fb7c9676db9e4ad5e617,89cca88dbf1a8a0104f219a09405e71897a515e8547425665c6b38f8c1a8da14,"[0.4235432744026184,0.5764566659927368]",0.5764566659927368,0.5800000000000001,0,False
stage2_multiclass:V:442,,,stage2_multiclass,442,V,1,05cebb020e20862b407504711c5a10a65837793e24f5b993b451bb3e276e5427,328866fb54c36e131d10714f43020659e08a9c7c4790d294f0c0844faa8ae2a7,"[0.44174739718437195,0.5582526326179504]",0.5582526326179504,0.5800000000000001,0,False
stage2_multiclass:F:3904,,,stage2_multiclass,3904,F,1,54ea5b44a98904c99d190dcde3a6a118a188a2f251257a2ddfed9ba9cfb91e37,fd9e1144785cf05e892d7f310521f3c6be705f69560689ccbed5552607fd9b3c,"[0.9330664277076721,0.06693355739116669]",0.06693355739116669,0.5800000000000001,0,False
stage2_multiclass:V:490,,,stage2_multiclass,490,V,1,623401cd5142bdbc52abfe536521d515378f2a9adeeab7343e1e3ede3fbcbc65,d445b83142214823ba991c0277c149104c0d73f5dd07da5374c779f5ff0abc94,"[0.8064277172088623,0.1935722678899765]",0.1935722678899765,0.5800000000000001,0,False
stage2_multiclass:F:5853,,,stage2_multiclass,5853,F,1,44dbbf6a2c808c293b8f03359e8030e4d5038c5923455212a1146cdaf1a26f8e,a5a2b0e65e5b56dba665de98b80185956ad268f9f4ae6471e9e96eb56547a5b9,"[0.7974762320518494,0.20252372324466705]",0.20252372324466705,0.5800000000000001,0,False
stage2_multiclass:V:428,,,stage2_multiclass,428,V,1,90aac4bbcc54006cde3fc784a91faa0709fea30d53d82d0d5763da2119afba20,faa87782e7996c550640507c76054d556c5f51634b513c200377b6beb5964f1c,"[0.930618166923523,0.06938181072473526]",0.06938181072473526,0.5800000000000001,0,False
stage2_multiclass:S:2800,,,stage2_multiclass,2800,S,1,11abde1c18f3531a033bd515ed8a7761c092f92d2bf8522ce45d95514fec9538,452b5ba9c2b0745592e6898d2ce8c54c14d1eedeee8a7c8a0eb155e0ccdc0667,"[0.7742494344711304,0.22575052082538605]",0.22575052082538605,0.5800000000000001,0,False
stage1_binary:N:110,,,stage1_binary,110,N,0,21d80ddff14b19f3a510cec011936c418e30ae04fecec94bb3b6085eb6e58c9f,4b69aa4342dfa8a505e40174fdfc449da74d9c172904e537123b65b9225672f6,"[0.5830873847007751,0.41691261529922485]",0.41691261529922485,0.5800000000000001,0,True
stage2_multiclass:V:361,,,stage2_multiclass,361,V,1,29128cfce0e58e2c926f759eee734297b99df77f4e68ac0e69a3e196bd4448e5,4051f7467a551d73ce9a9e48d6d263ff93cf3a313446b517b7f03a1ca61df3c3,"[0.7707927227020264,0.22920729219913483]",0.22920729219913483,0.5800000000000001,0,False
stage2_multiclass:S:2770,,,stage2_multiclass,2770,S,1,f4b99c8e00a3e549bb07a3ba1745936407e664fb9032bc8af5b12c82e0b7534c,7f1ef921e0365a8f026f82aee5e65981ffec8c96660d0a01c642a4d0bfeeec1b,"[0.8365331292152405,0.16346682608127594]",0.16346682608127594,0.5800000000000001,0,False
stage2_multiclass:V:122,,,stage2_multiclass,122,V,1,49add19bbac338b6f3fee45c6965c5e3066da5d0e3fd832aff05ecd25d54164b,8a887895c00e5574d94edca307b17253062997dd443d6913fda54d6934b40649,"[0.6763460636138916,0.3236539363861084]",0.3236539363861084,0.5800000000000001,0,False
stage2_multiclass:F:5737,,,stage2_multiclass,5737,F,1,698a48d74e9424c0a27169032c4785b564ca71e939a8d89884c85d5da9284ee1,88706050e3052b85005ffb2282d3c744563a6861edec7467fe7301910fc19ff4,"[0.4163670837879181,0.5836328864097595]",0.5836328864097595,0.5800000000000001,1,True
stage2_multiclass:S:2773,,,stage2_multiclass,2773,S,1,ad0050c685f9805dc711408b8108c9222ad294af8ed7b1dc733df72840dcc94b,37dff6fd7b341f57feaf71c7cfa5b2b24eee3a8befe53fdbbdd9eede78aea22e,"[0.7822192311286926,0.21778075397014618]",0.21778075397014618,0.5800000000000001,0,False
stage2_multiclass:V:471,,,stage2_multiclass,471,V,1,3e224ea3ac96acbbe70c364efb24dd37da5524d681ad49abcd4b5b313a24e092,a02b016d3234f055f7726e7a177280562688de889d24c65a3ad09ed5cbf88185,"[0.6674216389656067,0.3325783610343933]",0.3325783610343933,0.5800000000000001,0,False
stage2_multiclass:V:104,,,stage2_multiclass,104,V,1,67ca51d2b9a3d0a414853c02da786297f6f6e6352763a7f8c10b6330172a120a,240be02f1a10d6e1bbee74678aada4f98e2e3b7c9824c5e35bbeb2287da00cb2,"[0.8993579149246216,0.10064209252595901]",0.10064209252595901,0.5800000000000001,0,False
stage2_multiclass:V:68,,,stage2_multiclass,68,V,1,ebfd100fc6a864ff55a3a0334107de1ae981d3940dae0777c864d03c37499669,9b9ccbad1fb6c2479f9a3d91296d2dea7f67f73533f7003f7de813540da98dc4,"[0.7835145592689514,0.2164854258298874]",0.2164854258298874,0.5800000000000001,0,False
stage2_multiclass:S:2795,,,stage2_multiclass,2795,S,1,064ec75347ac1c5033eef45de905919295c08881114400ed8572bca8557b63d8,16381266984ed6e89f85b5f2097df382c51712fc0293d234c076dd99a0017b82,"[0.90733402967453,0.09266600757837296]",0.09266600757837296,0.5800000000000001,0,False
stage2_multiclass:S:3616,,,stage2_multiclass,3616,S,1,3688c882da5baa14450341f5269b758fc719786ebe0d7acb6e234e1cab393a4d,de41c5e6e0bc3cf0750bdee67955cf9ddf90907006e3cf662173a1e7c79f8a02,"[0.6147235631942749,0.3852764368057251]",0.3852764368057251,0.5800000000000001,0,False
stage2_multiclass:F:4356,,,stage2_multiclass,4356,F,1,7d454b7d9b6c1a79382e6c4c102112d2f5a1974ef2ca68e9a8cb6552c1a4b3c6,2a43296c65896dee9af612885b40d581117d009f6768e6e73e983bc69a3dabba,"[0.5549110174179077,0.4450890123844147]",0.4450890123844147,0.5800000000000001,0,False
stage2_multiclass:F:5921,,,stage2_multiclass,5921,F,1,b47d16d78f73d33af0cabf02d5a57dffa131fe1d3a0077101f83202571e97a23,6b9d2d70749faa120702af4b93138e3daceaf31c0ad0956e55c55839766577a1,"[0.7315294742584229,0.26847055554389954]",0.26847055554389954,0.5800000000000001,0,False
stage2_multiclass:F:4124,,,stage2_multiclass,4124,F,1,6c77eee051704a3904e239e8f181c1fd21701b821c2c06dba70d131b767030e4,b45652a98a71327e1dbafc01fd3052c6f78df2580cb808bd6dd462392c34a129,"[0.8558970093727112,0.1441030353307724]",0.1441030353307724,0.5800000000000001,0,False
stage2_multiclass:S:3620,,,stage2_multiclass,3620,S,1,9a59f6e3860543dedf09150529a961c8b2bb7672611d47c51e9dc1a7763f1b09,6abe8ca4532d3286d6ca67fbfac05371d2cc78e725ff05a5eb1e7043e3645739,"[0.8089413046836853,0.1910587102174759]",0.1910587102174759,0.5800000000000001,0,False
stage2_multiclass:V:86,,,stage2_multiclass,86,V,1,906884894c2b1da642ef9012002352c12be93c3e0700d21013b3b421a008b07a,c6e1e2fe9f6f5e497493ed15928321589aa4aced5997510d9a42d04aca90b1c8,"[0.8273791074752808,0.17262087762355804]",0.17262087762355804,0.5800000000000001,0,False
stage2_multiclass:S:2422,,,stage2_multiclass,2422,S,1,b15b72f3525f1960f162a68b38ce54dbd44ead2e0282b68d31f4118a8053e31d,c7c918b4b591c6a15bf615dec003c3f7823609732df3c4b755f6954e71d60aef,"[0.8296214938163757,0.17037855088710785]",0.17037855088710785,0.5800000000000001,0,False
stage2_multiclass:F:4691,,,stage2_multiclass,4691,F,1,6ced1e4dc33a2ca82eec6e6d4e7f42fc8481d97f945db5e563eeb32821a36ee9,566c8073b93bd2164e793b153133734a2bd3fa0afa09d7634a3181f5fa5287c3,"[0.8564280867576599,0.1435718834400177]",0.1435718834400177,0.5800000000000001,0,False
stage2_multiclass:F:3918,,,stage2_multiclass,3918,F,1,9590c690df21926dd5240b0c7ced2772c0a3fa0dadcb40d2a59a73218958c2b3,d3186e99d9dbc502c99fce25d78fcb0db5ea1aa63e177e4d3e24f03b74f115f3,"[0.9033524990081787,0.09664753079414368]",0.09664753079414368,0.5800000000000001,0,False
stage2_multiclass:F:5649,,,stage2_multiclass,5649,F,1,806573f15dc91d82753849752a020002b44f7a5a6e8f8414987f3b53c3c130b7,f16e75790762771e3dae75befc7294ff8f323ee35b69f2d6d1f09e0f92d63f0c,"[0.7640059590339661,0.23599405586719513]",0.23599405586719513,0.5800000000000001,0,False
stage2_multiclass:V:527,,,stage2_multiclass,527,V,1,4c9dad6475ac169423d3389826220466229019d16206b8ec9b0538ed89f8d9e2,38c337609adb829170be39aed4d4792028427996748fc258cab371ad3f895d99,"[0.938692033290863,0.06130797043442726]",0.06130797043442726,0.5800000000000001,0,False
stage2_multiclass:V:403,,,stage2_multiclass,403,V,1,360021eee989545c1f2d35cef7139a7a4c33f798ea1cf3c4e3b1af5386b69853,9216000d0a28bdfc6f19b2a0e42ed221230f9427fcee4f52469802eb162a83d1,"[0.904075562953949,0.09592438489198685]",0.09592438489198685,0.5800000000000001,0,False
stage2_multiclass:V:590,,,stage2_multiclass,590,V,1,2ab1f0dfe839d6b33b852b41aa54f3e9aa09746a542e35a8c183985bcced7fe6,ba2263a62dbd4b94480dfbb0378f257affb08c1530b395415ccf5b3d3207e922,"[0.9226738214492798,0.077326200902462]",0.077326200902462,0.5800000000000001,0,False
stage2_multiclass:V:137,,,stage2_multiclass,137,V,1,ebca1aa2bdee1ce1735bd798e3de1730dd97c94c249052153e4c6f76982c98b6,ed2b0f541e9275d8a9950be1cd0cb190145242dfe03cf7c7e6a55cbce7f57e71,"[0.40605494379997253,0.5939450860023499]",0.5939450860023499,0.5800000000000001,1,True
stage2_multiclass:F:3299,,,stage2_multiclass,3299,F,1,c13445176960e7f62cc2cee7b9981df0388e18c0ece0ef01bd15d5befac77eb8,6a6a66b7a3ea565ca00ec2d84cde2852547886908f71b46d81e46543d322043a,"[0.854836642742157,0.14516328275203705]",0.14516328275203705,0.5800000000000001,0,False
stage2_multiclass:V:585,,,stage2_multiclass,585,V,1,321ccf7b40c5e7bde915bc6c9544c2f955d32060d88f37d875b221156eed1cd8,d3b0dd44a24212d514eb820ac8cda18c0aac813ad05acf15186973189892b865,"[0.9112349152565002,0.08876504004001617]",0.08876504004001617,0.5800000000000001,0,False
stage2_multiclass:S:777,,,stage2_multiclass,777,S,1,3cfdcb24ac94ac86946b2532d063730b98f5d1aa9b374d19f2b60cc95dda8e86,997ec7472d5e02e2b1ce55f3d19efc6b5944ad895375d8e6ec6399de2fc3761a,"[0.8553587198257446,0.14464133977890015]",0.14464133977890015,0.5800000000000001,0,False
stage2_multiclass:S:3603,,,stage2_multiclass,3603,S,1,59b90cc41c5f7d7455e653dea450e95e09df42436c23afbf5a0ba4add4a3dcd2,5335da442c87264065ecfc0346572573c1721ee2f60656eadf5170522ee3fdff,"[0.8018249869346619,0.19817499816417694]",0.19817499816417694,0.5800000000000001,0,False
stage1_binary:N:123,,,stage1_binary,123,N,0,480dca7ecb027d57b30d91ff39c99267674b5c628ac1e5b7f0c3a039e028ea43,a766c48d20b0f9ba4d030ac3859d81aa19e844fb37c7938093b49aeb08cb9c83,"[0.5906147360801697,0.4093852639198303]",0.4093852639198303,0.5800000000000001,0,True
stage2_multiclass:V:218,,,stage2_multiclass,218,V,1,98be3d0c6135f957d4840527f4853c390c50e1607e44667df0a24f328115edea,92f55f29e5521328df08038102d1a7787d9df9f00bbd5d4c1375b0a7a7f14773,"[0.7709587812423706,0.2290412187576294]",0.2290412187576294,0.5800000000000001,0,False
stage2_multiclass:F:3287,,,stage2_multiclass,3287,F,1,e3eaf3fa39177846b097ac544426e03bd69f0f61a7962c6a57459c69178643af,3ac7db42d453223b78f71ce1a5bf00e25f86fcfdc18d519a082478fc68f4596d,"[0.8242003321647644,0.1757996529340744]",0.1757996529340744,0.5800000000000001,0,False
stage2_multiclass:S:2594,,,stage2_multiclass,2594,S,1,93faabe1dc1ae7b59c1f6d94bd29e1632a0e22863e9a2ed8f17f0da4d224dde1,442f17be5a5ddf49add23621c574369a38186dfbf0b0aa8a61b4bb8a3e242a4b,"[0.7807510495185852,0.2192489355802536]",0.2192489355802536,0.5800000000000001,0,False
stage2_multiclass:S:42,,,stage2_multiclass,42,S,1,fc7b8dcbd09418358d7a95420597e720da6bee89ce3d30a074181b140e53b147,3b4204c9970d5aaa6798eabe3b808738e08ea563b25e96c38324143c9da07459,"[0.9810566306114197,0.018943410366773605]",0.018943410366773605,0.5800000000000001,0,False
stage2_multiclass:S:2706,,,stage2_multiclass,2706,S,1,766dd0663fc001951a0d31982b4068b90d6dcb6606e4290bae5c07a010b01260,f4a8f774bbcfe163eda9c11d695824962b894f29371aa3c302005d2715ca9325,"[0.8178185224533081,0.18218156695365906]",0.18218156695365906,0.5800000000000001,0,False
stage2_multiclass:F:5719,,,stage2_multiclass,5719,F,1,bcd4fb0b26e2475be2664a7d20793db84380217b6a5f2909e6ac7c6934262fa3,fbbeaa54d23d957c6ae117eefe0ee483d0179506688d0a2d30a196838da7390e,"[0.39013564586639404,0.6098644137382507]",0.6098644137382507,0.5800000000000001,1,True
stage2_multiclass:V:108,,,stage2_multiclass,108,V,1,aafbae2c6e32e3c5cb0371641a18a1e61663ba1c3b859d11589f5e76578cec32,2cb964e6207412e143028a0900320e6ac50389dc294f08b2d1c3dae90cbf7f10,"[0.9361850023269653,0.06381502747535706]",0.06381502747535706,0.5800000000000001,0,False
stage2_multiclass:V:503,,,stage2_multiclass,503,V,1,97ce1704ead04e327fb92691bd304db2bef0d1cf29337e7451a760e39216b342,a18ef63a896330d5148282cdb22c6e45963999e5fd93b7929b0d169a06b78afb,"[0.8147382736206055,0.18526169657707214]",0.18526169657707214,0.5800000000000001,0,False
stage2_multiclass:S:2616,,,stage2_multiclass,2616,S,1,7a1e85c4acced8dcdefc4e080804a0ec5ef681c1b1007977034c87f99cc8513b,f4058493a7d760bb6222381a034f7d078ff5e28ee7db309881f625191744542e,"[0.817375123500824,0.1826249063014984]",0.1826249063014984,0.5800000000000001,0,False
stage2_multiclass:F:4414,,,stage2_multiclass,4414,F,1,cb0b93b56975b21ff8fe28c110c19dfc1eec7e4d5bbc99073794325e339c0ddf,4e2e871c10381eb7a3a063980a61412f930df89e77954e33621a5367cfce1f5a,"[0.8590511679649353,0.1409488022327423]",0.1409488022327423,0.5800000000000001,0,False
stage2_multiclass:F:3861,,,stage2_multiclass,3861,F,1,bbc0cfdaf1b707536acf27c4f86ad3f19f60afaf88233552a196a9338931fa43,8e5686080a1ad98c751955adccd174b7ef287be70f35c60390ca14d10c0bbd1e,"[0.8473765850067139,0.15262337028980255]",0.15262337028980255,0.5800000000000001,0,False
stage2_multiclass:S:21,,,stage2_multiclass,21,S,1,449bd027980e22dc111b0dcda70ba1aadfd71deafe420212e1243bce1b0514c1,8b6be22c295932c67c973748522512e68b06e81f5bc81077038e7a483f7e1e9e,"[0.5539752840995789,0.4460248053073883]",0.4460248053073883,0.5800000000000001,0,False
stage2_multiclass:V:164,,,stage2_multiclass,164,V,1,3feef8357c170ff5309325b6b31dc20fc25dd41db3b52004695bb2fdc27d7370,2b74a87786c83e15df465ca53359ef3a91dcf8e8f2d7b69f308d0f6fe662d32d,"[0.7802624106407166,0.21973758935928345]",0.21973758935928345,0.5800000000000001,0,False
stage2_multiclass:F:5923,,,stage2_multiclass,5923,F,1,eec698b413b15be78d6fa48feb6a555ee73e6d44edd9e02c966d8befecdae4b6,c9638bb2f6caea270b71f3be5281ad7e8acdf61c09a7497f42baabd6641c5d36,"[0.7557166814804077,0.2442833036184311]",0.2442833036184311,0.5800000000000001,0,False
stage2_multiclass:V:364,,,stage2_multiclass,364,V,1,7bb668cc02337871063314eb7951870d3e817f11767632310da6b58c79e6fc3f,ae8196221ce182fd3a29fe77c303dd384295105bfe54fb9044b2a0ca7aeefbb2,"[0.9269233345985413,0.07307668030261993]",0.07307668030261993,0.5800000000000001,0,False
stage2_multiclass:V:549,,,stage2_multiclass,549,V,1,b60d2e86e7550b9e27477745c3abd1328797afd8767c0111b402d09bee35a183,cb56e3b6552ed9be7c897a00c51dc27798e6a7f0e411b667ec955f31a0c60621,"[0.7648910284042358,0.23510900139808655]",0.23510900139808655,0.5800000000000001,0,False
stage1_binary:N:38,,,stage1_binary,38,N,0,22623013560afac5c0b35a8769f031557d4b669134195327f0ec8d0072f80067,03944d2bd974f04705bb9a5f7ab2c3d787f89ee2693ff73d3a5cd1087db4df51,"[0.5867659449577332,0.41323399543762207]",0.41323399543762207,0.5800000000000001,0,True
stage2_multiclass:S:2685,,,stage2_multiclass,2685,S,1,2e935958d522a7c0c031d5a48afbfaa82d011395489c2db174631de9e0b3e46c,71eefa9e1c62a708219b38fe97499282987969d200a42aa2a67c52985730eb80,"[0.7808420062065125,0.21915800869464874]",0.21915800869464874,0.5800000000000001,0,False
stage2_multiclass:F:4697,,,stage2_multiclass,4697,F,1,87f6ffc3ff02d31ac85acffc923b38ccf67320d7c97a0ab6d325304da377f501,fafc92ed82253ab478b648a5b56def7368b7c6a489c2304af0debfd6caad5017,"[0.4580310881137848,0.5419689416885376]",0.5419689416885376,0.5800000000000001,0,False
stage2_multiclass:V:288,,,stage2_multiclass,288,V,1,33d8a737e2fa72cd3bd635d2d9c96075b9a5564e1d2a950832a7986cc0f861b0,3941f903e821c6f3807853e21bb8e9700f25f19b9b37d0c15cd67b7d694f6556,"[0.9406212568283081,0.05937877669930458]",0.05937877669930458,0.5800000000000001,0,False
stage2_multiclass:S:3582,,,stage2_multiclass,3582,S,1,2ff586c46d386b2e4e1e2641ad4171fee33f87f89413be054e8b2ca6562d9199,ad05d6463627240173445834123a8cdf5118853c15909b65675cbeb29cbf879d,"[0.5088151097297668,0.4911848306655884]",0.4911848306655884,0.5800000000000001,0,False
stage2_multiclass:V:37,,,stage2_multiclass,37,V,1,d3684a6e64e751195f39f05dca423ea6301d1ab6715275aaeee415ed7d02e70e,44f7c708067cb8237407b977e04130801d554d128aeed90b89fa35267c92fda0,"[0.8641371726989746,0.1358628123998642]",0.1358628123998642,0.5800000000000001,0,False
stage2_multiclass:V:612,,,stage2_multiclass,612,V,1,c8bf961f48121ddf87162afda111c5667ba92673c57a5b5e1cc0da1b6cc213e8,5b0e8a21b5ee7f141f5dee8629a56d8121c0d915c90a79d7803dd898160a8d03,"[0.49998533725738525,0.5000146627426147]",0.5000146627426147,0.5800000000000001,0,False
stage2_multiclass:F:4541,,,stage2_multiclass,4541,F,1,e54dd720e98f2ff5001e64d2ded4a8c68061dd2d013226f57e97dfa8a28aedbc,9380559b885d6991b92b2ec2c368fffc91827aed44de15746978180189f7c994,"[0.45953187346458435,0.540468156337738]",0.540468156337738,0.5800000000000001,0,False
stage2_multiclass:V:219,,,stage2_multiclass,219,V,1,43d23ed0308dc72c53dacd2022408436b58a15ba8915530aede1337fe0b1da9c,d87f6c102d150cebbd7f4c69e5b26ce49e27d330dd625f46672ef576b525d2d1,"[0.7488794922828674,0.25112050771713257]",0.25112050771713257,0.5800000000000001,0,False
stage1_binary:N:14,,,stage1_binary,14,N,0,2e5cdb149bca947c7aae43c03d877686f5b01ce38234c8eff7467b9be73edb87,7f2e4c27ad46db583dcda9b929bcb57c75ee93104f4174c131502b580df6c616,"[0.6160365343093872,0.3839634656906128]",0.3839634656906128,0.5800000000000001,0,True
stage2_multiclass:V:616,,,stage2_multiclass,616,V,1,40a141062916ecd2ba26d101b9643e14e160699095a25868b1f38c1b64e7bb4a,d8be0f42cde7c21a61fb3a1797cff9f5760d281ebb07db2cf0e27790f4e01613,"[0.43683409690856934,0.5631659626960754]",0.5631659626960754,0.5800000000000001,0,False
stage2_multiclass:S:5107,,,stage2_multiclass,5107,S,1,3440e27d09c76484d62340cc93a9a4063e033b4f2f3c0e036beca5d38f44bd0f,b64a9bd543fd2a50056bb0e3a30d71b01af557b76bc183f24b1bcf87c924ad14,"[0.8984507322311401,0.10154926031827927]",0.10154926031827927,0.5800000000000001,0,False
stage2_multiclass:F:4174,,,stage2_multiclass,4174,F,1,28e48193620abfb20b34afb4768b5a763051d0d8e31fa2fb405b250ef2e3cbf5,0a6d94294b86e2f290bfd50fa305cc9d1f4ba139023a5fdb2ef2321c4b4cee4f,"[0.8739356994628906,0.12606436014175415]",0.12606436014175415,0.5800000000000001,0,False
stage2_multiclass:F:4114,,,stage2_multiclass,4114,F,1,6fd16db1eb73416e7bd6f1bd693c98cd656adf8475114f688ab865d9fd35206c,787ae27ce636b3c1c51a1498a4be70d05913bf6b5b9825ba26ae85cc6b7b9aa9,"[0.8665586113929749,0.13344143331050873]",0.13344143331050873,0.5800000000000001,0,False
stage2_multiclass:V:452,,,stage2_multiclass,452,V,1,227f01a713e1478b70b355514ec49ee1742afdf40ebdc54359b5bef8338a4e93,c026932a5396692b933e463bbcfd0c109ee5c02351fb1ae031b02c3ab608c0ca,"[0.35722437500953674,0.6427755951881409]",0.6427755951881409,0.5800000000000001,1,True
stage2_multiclass:F:6007,,,stage2_multiclass,6007,F,1,5b64188d845b6b224cf30908015f623eff5129e81a997eb397a849ff573c75be,873a382a4e97d3b87baa73fddad1a9e7a1d59432d33c64f05090a8f92dd648e4,"[0.4265930652618408,0.5734069347381592]",0.5734069347381592,0.5800000000000001,0,False
stage2_multiclass:V:69,,,stage2_multiclass,69,V,1,25de86144800e494d4b60d6ea4e60fddacadde58226b8ae28278f2933b130c2f,586870b343206a5d56656a5d0d49d49ab78b7e3037baaca720d7ec74c0a27090,"[0.7638469338417053,0.23615314066410065]",0.23615314066410065,0.5800000000000001,0,False
stage1_binary:N:96,,,stage1_binary,96,N,0,0cb5fcee597ee1944f9b9f04847d3904f95630b5f4a0dcd4746931d543306d12,9ac5707e072a68cf36c7429d66bba89f081c441402647ddee5fd8dae9eb2f8e0,"[0.5492300987243652,0.45076990127563477]",0.45076990127563477,0.5800000000000001,0,True
stage2_multiclass:V:116,,,stage2_multiclass,116,V,1,2a4b5bffeee20e8f4009e3a140cec0c6f7ee1575ccf619cf0e2de630e8cfd62d,2fa3f20f7a805923cc7046a4aef39c96c5219d692afe68d8887342469683c559,"[0.9259493947029114,0.07405059784650803]",0.07405059784650803,0.5800000000000001,0,False
stage2_multiclass:S:2389,,,stage2_multiclass,2389,S,1,86ab32d8ba0dbd498bcf8227066546c71d0687902701f0d36a8ad738780ca747,e898042fe29e47e1c830585919a32631975de5f6093fde82a656fc7a665165df,"[0.840583324432373,0.15941672027111053]",0.15941672027111053,0.5800000000000001,0,False
stage2_multiclass:S:2762,,,stage2_multiclass,2762,S,1,b218ca2b7f45d8fe6128e78d0178ae2bedcb609dbc3b11fb75ae3e3aecf93b47,60dced51e5d25a84c0dec6190f9322149533824affa9870e4a5620e34e212802,"[0.8235260248184204,0.1764739602804184]",0.1764739602804184,0.5800000000000001,0,False
stage2_multiclass:V:469,,,stage2_multiclass,469,V,1,00dd18e4602162480fa1af1cecdf6dca96cc6bcd2e5b5a8dd295c93634423ded,34a1f8ca6946648b0886da9405423cae6b297d76f734a30018da7217e0757e41,"[0.5641105771064758,0.43588942289352417]",0.43588942289352417,0.5800000000000001,0,False
stage2_multiclass:V:635,,,stage2_multiclass,635,V,1,ac70e9b00d3f4e7267c1036d4a5ebdfa67d1405bd82db969dec32e2d7d7dcb17,f8d61eb92030d15e11f9fb8c22864efa06d0e65f314948e372482745f6b65b26,"[0.8047618269920349,0.1952381581068039]",0.1952381581068039,0.5800000000000001,0,False
stage2_multiclass:V:387,,,stage2_multiclass,387,V,1,ecfeff5f79df167456e037b977f5ae556fd9e1874ed39640182a49e5959b5ca3,047c4c6e0cfb3cfd7d99cf0fef00de71cd8f7a40bcdfb090b258117b5f5ea49c,"[0.8142343759536743,0.1857656091451645]",0.1857656091451645,0.5800000000000001,0,False
stage2_multiclass:V:480,,,stage2_multiclass,480,V,1,34eccfd3c8f4ddbc0f4d66234de6cd6e117d58096dae36e743161b63ebcebe0e,f7fb5f87fc5b6b586cda8995dcfae45bee625b74aa91370ac20546e625152a9c,"[0.811265766620636,0.1887342482805252]",0.1887342482805252,0.5800000000000001,0,False
stage2_multiclass:S:2776,,,stage2_multiclass,2776,S,1,58befdc0685adc386305c932102a783b8576e1a342455b9bd812b8ced815bf48,2240d1be2ea2489943b8a1e5931a3b8208d6da63699d355b02c60ba65516e20f,"[0.8275919556617737,0.17240802943706512]",0.17240802943706512,0.5800000000000001,0,False
stage2_multiclass:V:278,,,stage2_multiclass,278,V,1,fab23b8ac80763590601ca4644f7dbb59cee0cd58777d3631c8b6a5898b91e61,e3f52bc4f74306204aa307625ebdb312e1a1cfd88689d599a2209d8c303af80e,"[0.8538144826889038,0.14618545770645142]",0.14618545770645142,0.5800000000000001,0,False
stage2_multiclass:V:557,,,stage2_multiclass,557,V,1,e0a0b46ca23ff63f4b5f0b75f854e4049b8b9b7f08c0d1811f0bd57d420e14e9,2b9ce8d8771b1e7850cefa07f87b6ca18c0c350679526ce223bd613f502da47e,"[0.7817865610122681,0.21821342408657074]",0.21821342408657074,0.5800000000000001,0,False
stage2_multiclass:S:2636,,,stage2_multiclass,2636,S,1,fd656646aef83539f6dba7fd48f293332d17ed6d7751a8e3da9dee2311e90e90,b0469a986f69284e632c199c9f6944098c693768ad46502e0b895ea5216cfd43,"[0.8150553703308105,0.18494462966918945]",0.18494462966918945,0.5800000000000001,0,False
stage2_multiclass:V:551,,,stage2_multiclass,551,V,1,4822506ba3b99c9e2d55fef95ed8b3953c946830c9c5eeb550f4a89e07ddb396,e271ea4530e78b47808d13440c011596e61247f1d8c21e6a12f79f8c97190a8c,"[0.7640093564987183,0.23599067330360413]",0.23599067330360413,0.5800000000000001,0,False
stage2_multiclass:V:326,,,stage2_multiclass,326,V,1,51c2c28382fed6badd0591d78de11a2cb3382aec62f7657c45e5f75ecdd6b1f3,6e945e785e8b777cd4ef28208540d6f1a424d15cd69df0cde23d8a0e33d53ac7,"[0.816026508808136,0.1839735358953476]",0.1839735358953476,0.5800000000000001,0,False
stage2_multiclass:S:1517,,,stage2_multiclass,1517,S,1,74f1f7d1422811882a1f079d580861216d64546a6e076de2864494e7a3b1e5e5,9b5c38873b1bbcd8d9c4c60a39cc5f6349dc22db4679ccbfcfd92ef2dfc59d36,"[0.8324774503707886,0.16752254962921143]",0.16752254962921143,0.5800000000000001,0,False
stage2_multiclass:S:976,,,stage2_multiclass,976,S,1,ec87907dcbc947060da0f73eca327a82dfe733be52c9ac6923f12108af8b413f,b895538dbb9272b47a49d9056062b3c21812b484e5ac94046d5ddb3dcd3331c7,"[0.8319737911224365,0.16802620887756348]",0.16802620887756348,0.5800000000000001,0,False
stage2_multiclass:V:277,,,stage2_multiclass,277,V,1,4f257c254812a787c897dd9304accc7bbe6ab554e4331263c99d82b821eb4c41,e9c61689baad9e4efd51527faf19b40ab117d9ec2eb3a86d62be7bab3c73fb3f,"[0.8521382212638855,0.14786182343959808]",0.14786182343959808,0.5800000000000001,0,False
stage2_multiclass:V:506,,,stage2_multiclass,506,V,1,e681a508b2ebd02242b0b1492246f194c5efb116c66bab6387cac619e65ec03c,d68e9573a83af11e7ad4d27314c031000c3782afae570b5fbd980e6403ca80a2,"[0.9071425199508667,0.09285745769739151]",0.09285745769739151,0.5800000000000001,0,False
stage2_multiclass:F:4926,,,stage2_multiclass,4926,F,1,809d40f15303171da1a5588adf45001f10d938b18e0863af228becc37312c754,67e1f7af7a997f1b2362b6f835704c77a1c6c33fc8f1704d8a7fc6f977e73ff0,"[0.8610612750053406,0.13893869519233704]",0.13893869519233704,0.5800000000000001,0,False
stage2_multiclass:F:4280,,,stage2_multiclass,4280,F,1,5d36a6a91b6d6ab020ea01e54d6551a069a16d2f28224645e2e02cda32dabd20,3bd198132ae3b93ce030295e54280a94241e11f61cb4b9d320ec6eb437893204,"[0.887161135673523,0.11283884197473526]",0.11283884197473526,0.5800000000000001,0,False
stage2_multiclass:F:3973,,,stage2_multiclass,3973,F,1,ab2794aece0ef1ef994667bef0563429bfff113bc816273f3a90d36ee5d419a0,8eeb0298a9e85efccbb674cb3c9a8288921ae35f2fc18e2de79896f8f5c281df,"[0.8628596663475037,0.13714028894901276]",0.13714028894901276,0.5800000000000001,0,False
stage2_multiclass:V:372,,,stage2_multiclass,372,V,1,732ca001467e77a91ffd5e4e1cc88dec271da6f4f85c803486862f5ae8c8ab32,1058134a960fa8f40407f030c2ebe54aab51336c045746ccca51465a5bf23907,"[0.6796978712081909,0.3203021287918091]",0.3203021287918091,0.5800000000000001,0,False
stage2_multiclass:V:534,,,stage2_multiclass,534,V,1,cea7898aecfe379bae7f610a3d1e1ad702053a6234a047e0e5395c9e4ad91ded,873056929d7a36afa2d8559b13ee68e87444fc249b1c87a74ab44f1501481292,"[0.42954206466674805,0.570457935333252]",0.570457935333252,0.5800000000000001,0,False
stage2_multiclass:V:114,,,stage2_multiclass,114,V,1,447efa6f7c859ceff893e1008c579035d36a7a8528b9523e9b5fb6148488266f,e7e7553ecf1eac2349778bdc9a2d7472d3fb979f93fc67a2374034a109ec4fbb,"[0.40259844064712524,0.59740149974823]",0.59740149974823,0.5800000000000001,1,True
stage2_multiclass:S:5140,,,stage2_multiclass,5140,S,1,97ca1bbd84951a0043589963fdc81651605b29aefff705918da7fed3776a7461,54913bce613c190fe3bd88ac375fe87c7e0ad2e85a020ca14e74afe2527ebb48,"[0.8898411393165588,0.11015886068344116]",0.11015886068344116,0.5800000000000001,0,False
stage2_multiclass:S:2495,,,stage2_multiclass,2495,S,1,87214b3468f916d4e9e7e050873b7ac780d9011fa1b12b0ed7a18060fdaf27d7,efb0bb3d3dedf9fa68947c23ab063d5ee6397fed234d3a92b83c2c1baf01c391,"[0.8174626231193542,0.18253733217716217]",0.18253733217716217,0.5800000000000001,0,False
stage2_multiclass:V:508,,,stage2_multiclass,508,V,1,3ad2f40471d039af8635db4f057400b83f6b2ff058724e053f7515359030723f,bafc8f06c7135800f822d2dbcebc6de7618e9bd9059db644e588b07199ae4bec,"[0.6199838519096375,0.38001611828804016]",0.38001611828804016,0.5800000000000001,0,False
stage2_multiclass:F:4162,,,stage2_multiclass,4162,F,1,c96cc8bc557ce1018e4af8ba4234ebb0c2ec65e1d2d846789174c5a1a4dcbe94,41ea6b9be88306897c7da26967216193042e935035b14d9d00ae2cae64f14964,"[0.8823719024658203,0.11762809753417969]",0.11762809753417969,0.5800000000000001,0,False
stage2_multiclass:F:3680,,,stage2_multiclass,3680,F,1,c8d154a825eea84d7f053dc4dd42b837a46778ce354f5e98f5907597be3184d1,cacf971906fb3b34c48f569a14bc1aa0c920e29693248878ba3ece670b93e023,"[0.3640114963054657,0.6359884738922119]",0.6359884738922119,0.5800000000000001,1,True
stage2_multiclass:V:357,,,stage2_multiclass,357,V,1,7ecdd7686a8f85d2252c29120977b374f18074f49d7e82f110ab7114e6f351b4,4869c6c8390f6461c67d6aaf91d0c54c8347977299ae557f4e0c85603ecda690,"[0.7760224342346191,0.22397755086421967]",0.22397755086421967,0.5800000000000001,0,False
stage2_multiclass:S:999,,,stage2_multiclass,999,S,1,8e4ea00bcbda16a8c6e25db4bcd1e44fa2a1710cb292c189773dda2b57ab6e46,7c609d112d77cf6261c3cd57a20e0a17b00ef1645f1a7c18289057289b0b6497,"[0.716242253780365,0.2837577760219574]",0.2837577760219574,0.5800000000000001,0,False
stage2_multiclass:V:307,,,stage2_multiclass,307,V,1,6b472277dfae4c8e29c330df65b0fbd04bae4063eed45214d9cbdbd6cbe320d4,d43e6c472bac6937873fdde5e191e5b16166f7d1f53083be8d9d86890316347f,"[0.8318716883659363,0.1681283712387085]",0.1681283712387085,0.5800000000000001,0,False
stage2_multiclass:V:256,,,stage2_multiclass,256,V,1,20a76aac3beee2690c81ae1fb3c3b87b6ff3c48080cd790de3dcb986f29477d9,46e343fb99377756f4f1fabcd72706cb18472dad3e47954d07cea089e82a0af8,"[0.7918201088905334,0.20817986130714417]",0.20817986130714417,0.5800000000000001,0,False
stage2_multiclass:V:58,,,stage2_multiclass,58,V,1,fbfca9a369c7afd6099f8b028672c43130e0ae201aa6e2803970530bf3310de0,86176912eebc55a726d0db95aa66a4c2b997690dcc2b9c73ed394ff076d89bc1,"[0.7833462953567505,0.21665364503860474]",0.21665364503860474,0.5800000000000001,0,False
stage2_multiclass:F:3931,,,stage2_multiclass,3931,F,1,e70fdad5fb4f786d67f25c2e04e736c0377d50fb25c2c186f5086b93b89c7561,81277e2fdc46e6b82d01a7092432045a239ba7ed053c104f3c3531618ec4e61e,"[0.8426632285118103,0.1573367565870285]",0.1573367565870285,0.5800000000000001,0,False
stage2_multiclass:S:34,,,stage2_multiclass,34,S,1,d8e7610d8cbcfdb4dc5ecedc5d0f6de35df1d943ea21f1a1139a45fce3232368,90fdf580a96fd11f2497dd586b988087015c6b2be6a25248634af5a15a47da4b,"[0.8093372583389282,0.19066274166107178]",0.19066274166107178,0.5800000000000001,0,False
stage2_multiclass:S:2596,,,stage2_multiclass,2596,S,1,157cee502c67ae18459dd418341799bdd47b306fe467dbf25cdb9b44385bdafd,7d2daa5302369d0ef9918e9a7333ac2f3b672a797e7fb5af8bc263660b5fc3ef,"[0.820810854434967,0.17918920516967773]",0.17918920516967773,0.5800000000000001,0,False
stage2_multiclass:V:510,,,stage2_multiclass,510,V,1,7c15e2d3d1b24178b714c709c5e714ec5781ac31e2ebe240a3e6c6b5c249aca3,6516d566d4ee41ac44b2b6f7a20a36ce4f4e94c8f84e38854910316741db2225,"[0.5519399642944336,0.4480600655078888]",0.4480600655078888,0.5800000000000001,0,False
stage2_multiclass:S:925,,,stage2_multiclass,925,S,1,a14a3a8348ce78892786607b9bbbde3b64d13ef825aa93f46bef016e87cf16bd,0b8d500a4f24e1e1b1a61c96165169d48d43c4ad8077d62987fc698c29567c9f,"[0.4288928210735321,0.5711071491241455]",0.5711071491241455,0.5800000000000001,0,False
stage2_multiclass:F:4292,,,stage2_multiclass,4292,F,1,4c2271c3eca87c11cbda5c8cd53d7ec3dd2019f9de9edd8bc34a28fae52d72d4,a96daf35d57772349993f83d43f11138053c7b13d338d9eff44321af855a7940,"[0.44482168555259705,0.5551783442497253]",0.5551783442497253,0.5800000000000001,0,False
stage2_multiclass:F:4563,,,stage2_multiclass,4563,F,1,ace2278e475103e34c8783a5d5dd3776b38ecc73688aa0d1d011d558319db0a8,eed408efaf03e8f3601bf6d9facc906e12279464e273e3b403d6f4b543106676,"[0.9086030721664429,0.09139695018529892]",0.09139695018529892,0.5800000000000001,0,False
stage2_multiclass:V:406,,,stage2_multiclass,406,V,1,4dec174f370be9c794f33f63760bbf1d103432701f7fa6558dc1b988dc043af3,baf407b0529bccc00cd931bcdd8725420b714f0ff2308d41e46d415a88cb56e8,"[0.7566789984703064,0.24332097172737122]",0.24332097172737122,0.5800000000000001,0,False
stage2_multiclass:S:2783,,,stage2_multiclass,2783,S,1,b386d38ce0135d5e36426e56b79f4dd0d9002e8450f3a264fa9ab922cc8cad15,1fc674b529317ac5b59403f0f16aa9bb1106344b00e4373f1512e6d582d307c5,"[0.7875357270240784,0.21246424317359924]",0.21246424317359924,0.5800000000000001,0,False
stage2_multiclass:V:312,,,stage2_multiclass,312,V,1,cdf655752b20e06a741bf13d8585863f72cbe9824c15afc23d38465552758421,3d6fb9dfc39b0e5c4753513e80da58f65775f10a7c6f89c36ba55a40cc6b794a,"[0.44420555233955383,0.555794358253479]",0.555794358253479,0.5800000000000001,0,False
stage2_multiclass:S:5045,,,stage2_multiclass,5045,S,1,e94f1ae476be3e6a8f4ff7d963b210f7ba96c8bc19731cdb4458e2c9a90d9310,17d7ddc0d65f0baca499d6c66b6b825b83a5cf670b20864061f7ad52e4d6ef90,"[0.9209470152854919,0.07905294001102448]",0.07905294001102448,0.5800000000000001,0,False
stage2_multiclass:S:2799,,,stage2_multiclass,2799,S,1,b3272aa7849c89011946652749df86275ae6a88ebfa3608b6ea16cef99670446,e5c5b78c024bc9f0f182d4e0f6e662b1d6bc9e3f1ea02e34dd71cdca7d674836,"[0.792546808719635,0.2074531763792038]",0.2074531763792038,0.5800000000000001,0,False
stage2_multiclass:V:451,,,stage2_multiclass,451,V,1,7dc634a446e4cba017d1755e7bfd38596b6a1a221b672d122540894fc736e4d2,bc36284b331ea8619a1925678f38bdbb55b008379be0cc8a96c653b6d990faa8,"[0.9192897081375122,0.080710269510746]",0.080710269510746,0.5800000000000001,0,False
stage2_multiclass:V:163,,,stage2_multiclass,163,V,1,41744bbf5b322823e40154d74f52be92e0ffdf212ef78e4014256bca0c058a35,550f842229453ae7c95c04142c6a2dd7968b70e9e37c862c61bda4cfe099f4dc,"[0.8428731560707092,0.15712685883045197]",0.15712685883045197,0.5800000000000001,0,False
stage2_multiclass:S:923,,,stage2_multiclass,923,S,1,41789470d86b9bcd0b5c2130f4a045b4e80c1daabe8d1d24c0613352bc06304e,572eecadac0502c0b2434957dd41268f509fd85ea96eca83a40e36eaecbfa8ac,"[0.7010421752929688,0.29895785450935364]",0.29895785450935364,0.5800000000000001,0,False
stage2_multiclass:S:2192,,,stage2_multiclass,2192,S,1,3618890a1c891d1348522143963f08de4f0ff13fc1fb0b43005a2affeb44588f,e73a7a6f4d6ca6cb1b7702d96dfc8375f926d3fc721974788d2a0c01563184b0,"[0.4731709361076355,0.5268291234970093]",0.5268291234970093,0.5800000000000001,0,False
stage2_multiclass:S:2716,,,stage2_multiclass,2716,S,1,caf1a10e75e78cfe757920bc2553935e53cf0f1868a55a86f881440793af9912,7d4812d0791041c75a05e9fc2b9bcac81cde31bd7b0e6c1a138773d6af5dd49e,"[0.77934330701828,0.22065676748752594]",0.22065676748752594,0.5800000000000001,0,False
stage2_multiclass:V:517,,,stage2_multiclass,517,V,1,011f7aa6aa89fe95f506c98444d3a74e04c75c4e947b127003b35acbcdbd37b2,d50b5af34bc14bb82e56ff19ca78ef79c64a0906e17cff1acb1b88a30a1875bf,"[0.9284313917160034,0.0715685486793518]",0.0715685486793518,0.5800000000000001,0,False
stage1_binary:N:77,,,stage1_binary,77,N,0,6aadf2e44f4f2a55e65b66698a5c4ef1da1ebc2feb3659a57bb16e4a0fd8b9e3,615834600a97241b4621fa7214a851e9292170695ec64cba33d10a2546f840ba,"[0.6025372743606567,0.39746272563934326]",0.39746272563934326,0.5800000000000001,0,True
stage2_multiclass:F:4228,,,stage2_multiclass,4228,F,1,8e310609557414d7ae0fbb72e0acf70ec6b387a07624f0f54caf08c4227913c8,651d922f0b8eb2af239f62b11c9ab41405fcd0a9996ad3307279d8c4f6764db1,"[0.5539560317993164,0.4460439383983612]",0.4460439383983612,0.5800000000000001,0,False
stage2_multiclass:F:4013,,,stage2_multiclass,4013,F,1,b2d25dfec7921e82f69ea0b29d468bead2fee768bf4e8e64085935b2eb9a1506,58b28376781d40f9a5e960dd852832e91bbcf5e80c134e5a314ef96cc59697e4,"[0.8495276570320129,0.15047240257263184]",0.15047240257263184,0.5800000000000001,0,False
stage2_multiclass:S:2428,,,stage2_multiclass,2428,S,1,c87aa8fb2fed7af70c4acb2e583fc0140e8cfdb57e6ba3205d9e41f3584c17da,aa1de46ce80733189afafc242a0aec96c206439e04cd12b5c1fb587e67d4e42d,"[0.8151603937149048,0.18483959138393402]",0.18483959138393402,0.5800000000000001,0,False
stage2_multiclass:V:571,,,stage2_multiclass,571,V,1,ddbf9f0b288392c478731bad95421e4342ed3bb9bbfadcd6c94d4b995b688d6a,07336863bab8ae60e9b1273887b7e6b402def0826e1d1782a8bed4382b9c305c,"[0.8189929127693176,0.18100705742835999]",0.18100705742835999,0.5800000000000001,0,False
stage2_multiclass:F:3989,,,stage2_multiclass,3989,F,1,38f6be5ae03a6b370d987e25340e013cb0679351bea17ca7b2b490644d8a09fc,10636f4103bd924b417dd25265dd41f122abd89220bcc299ca0483acebc49089,"[0.8523092865943909,0.14769065380096436]",0.14769065380096436,0.5800000000000001,0,False
stage2_multiclass:F:4211,,,stage2_multiclass,4211,F,1,338226f542f970208fcae2c90686b0b5465a2d5dcda039ef71d901fcbac9c064,107a3a36d4b522032ba2a5cc3a6a0d0f1f2d2823aeb352de9f98b16578859ab2,"[0.4023705720901489,0.5976293683052063]",0.5976293683052063,0.5800000000000001,1,True
stage2_multiclass:F:5855,,,stage2_multiclass,5855,F,1,314674a7e035783cc133a8379d2bb94357c01fa2c8492902c5929acc166b8014,26fe6df55812462c650ffa8a5018f4fe03a0f8a91c74d536caa64325ebbaad93,"[0.8236011266708374,0.1763988435268402]",0.1763988435268402,0.5800000000000001,0,False
stage2_multiclass:S:2629,,,stage2_multiclass,2629,S,1,aef441dc8ee4583eb3b250f963eaf4df350437cdd91296eac52d5eb9c5d124df,c3218702a3dbff7b9eaede3c6b6a0a656d48495b7f831e4ac9b6c521d0888834,"[0.7770955562591553,0.22290444374084473]",0.22290444374084473,0.5800000000000001,0,False
stage2_multiclass:F:5870,,,stage2_multiclass,5870,F,1,12453ff31dc608bf4f9b676e4febeceaa89589761e820fbad6c447add832025d,148293dba653010ce6056a1f9f131e136e5ed137661a71ab79fb90fc02d71f36,"[0.669981062412262,0.33001893758773804]",0.33001893758773804,0.5800000000000001,0,False
stage2_multiclass:F:5684,,,stage2_multiclass,5684,F,1,490f3973210026f4da758841a70230efcaa6773462d03a0f8ed10e61460d7466,9922370ce3fec7a8a275920998f50e1570a1b9f4195aa467dcf7a44b6abb65ce,"[0.7579398155212402,0.24206021428108215]",0.24206021428108215,0.5800000000000001,0,False
stage2_multiclass:V:247,,,stage2_multiclass,247,V,1,fd25381c9454f3da36b027e7bbe5787df590571867ccaf39fd2b95fd37c6d64c,23fe5529c596b171d71c48f3caf3cea164e6dd89c35ef62d0abbf3d18c212d06,"[0.8715874552726746,0.1284126192331314]",0.1284126192331314,0.5800000000000001,0,False
stage2_multiclass:V:298,,,stage2_multiclass,298,V,1,b857910e29690e1caaec4b86a641aeda0a8aa1ae0e43ad90d113a10774fc4ad8,8bf737e54ec3f69a4b9c61baa488c3e1a212b1f7a2a841c80b7ac421fbf7af63,"[0.7618075013160706,0.23819252848625183]",0.23819252848625183,0.5800000000000001,0,False
stage2_multiclass:V:388,,,stage2_multiclass,388,V,1,1857d751db3c23f6ea152bc3d7f39eac9efa6391e89e71e954ee3221d05b4ad0,68ed630d6c5d768c73ca49bc53e66dcf612ff50613486851e8c1446a2b940592,"[0.8477259874343872,0.152274027466774]",0.152274027466774,0.5800000000000001,0,False
stage2_multiclass:S:3576,,,stage2_multiclass,3576,S,1,56143ee2141833e162bf79f287c1188c0129ad6a3c36c17ea722163122393435,7c5a7cee547d86fe9c3f4415da999f93418fa68937a1b21df24eec6288febd51,"[0.8014097809791565,0.1985902041196823]",0.1985902041196823,0.5800000000000001,0,False
stage2_multiclass:F:3886,,,stage2_multiclass,3886,F,1,5ec43f777b912c37d880aa08758bea0394c33f369f04145498a9241a1535cfe0,ac41bda85002528b453687088f000cdc30b8df0603b07120eb3fb8600cf61857,"[0.8052107095718384,0.19478930532932281]",0.19478930532932281,0.5800000000000001,0,False
stage2_multiclass:S:2775,,,stage2_multiclass,2775,S,1,2a7618b15fbd887f979b9a6d8206e53ea7e95d3fb03d6d018c03bf327a4b6b3e,5a2353a414dfe7156192334827ecf8bee6ea60aa1b26c0a84fde0c43738aebf4,"[0.8064479827880859,0.19355204701423645]",0.19355204701423645,0.5800000000000001,0,False
stage2_multiclass:S:1735,,,stage2_multiclass,1735,S,1,120b6b28b6ccd856b186bfe4b1793ebfee0f460edb5c4f34204b7959df6626b7,1c38eea19a8d72e8ae50cb0c61f148493838191df62786e4059b34837fef611a,"[0.8806057572364807,0.11939425021409988]",0.11939425021409988,0.5800000000000001,0,False
stage1_binary:N:94,,,stage1_binary,94,N,0,ef71a10617d02e33a0d2d40e06def1ad05117855e988e55633b3333d5c7f7a03,4fa08099a73750916265ba46a3a350b5a24e14ddadff7b2780ce174e632eace9,"[0.605647087097168,0.39435291290283203]",0.39435291290283203,0.5800000000000001,0,True
stage2_multiclass:V:132,,,stage2_multiclass,132,V,1,093b30f0d350c283b0552ccbbef54cc13749539c0cb5a906c989d4b5d5ccb125,a3861d4eaf9fe86ee98087ee3cb8c791e98561c2a7b6077da79237e76a0c5e67,"[0.7107182741165161,0.2892816960811615]",0.2892816960811615,0.5800000000000001,0,False
stage2_multiclass:F:5716,,,stage2_multiclass,5716,F,1,ea3e799cfff98f243e185d060fea0866ea0d5d013ce52204ba33543323e028a1,22f2966a0bb0549076729974322579a67513416eb4bfdf63bd19b4f27d76522f,"[0.6436685919761658,0.35633140802383423]",0.35633140802383423,0.5800000000000001,0,False
stage2_multiclass:V:292,,,stage2_multiclass,292,V,1,b72654bb7e9f34749080fae275da8c5954192642339e817d16d23686c44b659e,f77fda03860f6b50f1da14a78cb2b30f01c3ab7ff37f966c0227e461111c266e,"[0.938117504119873,0.061882518231868744]",0.061882518231868744,0.5800000000000001,0,False
stage2_multiclass:V:633,,,stage2_multiclass,633,V,1,7dd5c005e877b91f94ae0485e07d4cf77b8ab3bc45d2e7f4c7f5a4393bc30c6b,d745131058e4dba6016d39385992333c3b123ed7cf1912a06de0bfbc159baa7e,"[0.48702743649482727,0.5129725933074951]",0.5129725933074951,0.5800000000000001,0,False
stage2_multiclass:V:110,,,stage2_multiclass,110,V,1,941d7c3f859364854f4bd127ed3dfc07d37c57eeed36210b2f99e805ecd678e6,f91eb41d68f77998e59fd419a8e861c6d02a9ca91ba707f831de9182619b2c81,"[0.9302123188972473,0.0697876438498497]",0.0697876438498497,0.5800000000000001,0,False
stage2_multiclass:S:5143,,,stage2_multiclass,5143,S,1,ee76531972b09fc2aac9135a75647794a23182363a4d9952aa00a533790f6169,54fdce74cb57362f00d76ae8f9b6007ca5b747a014cb819f29cdf5ba630bb5dc,"[0.8783549666404724,0.1216450110077858]",0.1216450110077858,0.5800000000000001,0,False
stage2_multiclass:F:764,,,stage2_multiclass,764,F,1,6c912a6706e10e2734903a8deb591c1a2033849b0581a601f05c9a7985995320,82814c281ebc57f4e598bdf887f1df9a770db21c75bb93fec807de48c4bae1e0,"[0.8613224625587463,0.13867755234241486]",0.13867755234241486,0.5800000000000001,0,False
stage2_multiclass:F:1806,,,stage2_multiclass,1806,F,1,3fd0d6482a8c147757ea7cdbf0c97c12d2649ee2b9206fa44b274b4469098a8a,4dc73b5585fb47a4fe653e7da62a90b1b1d7319e47298815320e4a823505d6c6,"[0.5086869597434998,0.49131307005882263]",0.49131307005882263,0.5800000000000001,0,False
stage2_multiclass:S:3580,,,stage2_multiclass,3580,S,1,52ddeb6f359604a13c80051fbfb98fbee1a4ad4ed42668777446a8ccb1ef7268,f938a33f53b32228b6cbd12ab707b79e0aa39b4f070f2756427d77e920b3ebca,"[0.654693067073822,0.3453069031238556]",0.3453069031238556,0.5800000000000001,0,False
stage1_binary:N:33,,,stage1_binary,33,N,0,2f07b247d1edb78979fd1ade748092ece969e4a48ab39e52a5e852064cb7185c,4d84365b9ff36f1d7aec7c361bf8fffacfe11b126c8edc5932f03e9017c3a863,"[0.570401132106781,0.4295988082885742]",0.4295988082885742,0.5800000000000001,0,True
stage2_multiclass:F:688,,,stage2_multiclass,688,F,1,799373502d2ce2035d4bf069d11de3885692a3bf0d1c90b8ee11c07b89fa9dde,57c2e12ce1f4dd6619a4bceeeab4a04ea0d5a14d47b488235a48d21be1112dd8,"[0.7122184634208679,0.2877815365791321]",0.2877815365791321,0.5800000000000001,0,False
stage2_multiclass:S:2430,,,stage2_multiclass,2430,S,1,3e6422ca63e35daf6fd3f51106fe36262068168c321717939c37252ea8691153,f09bc497cc88e3a8e2d52f2116a653e4a8d2b3df5a0758464c9b30852e5fee65,"[0.8065498471260071,0.19345015287399292]",0.19345015287399292,0.5800000000000001,0,False
stage2_multiclass:S:5047,,,stage2_multiclass,5047,S,1,8420c5017fbb8e9d994cf7152b1dfbf9bc584369405f297ad19724f60f9a5edc,67c6c98d4db9382608576ee2c5867da18d4a029865759a72d796b929510a59d8,"[0.9180614948272705,0.0819384902715683]",0.0819384902715683,0.5800000000000001,0,False
stage2_multiclass:F:3806,,,stage2_multiclass,3806,F,1,13c2178d146897033567d905629d286c848224d1dbb0972545c380b24118d867,5110b816e3442cf53cf0b30a40bbf7d365c2ae9bcd9ac17d1ab35304407e34d9,"[0.8699703216552734,0.13002963364124298]",0.13002963364124298,0.5800000000000001,0,False
stage2_multiclass:S:2697,,,stage2_multiclass,2697,S,1,622cb800785d2abc95e20121a4631fccc6f60d3c0058aa117044836a0a2e6022,2975bdb34c5ee223ba7e705dad6db14ec3ed2071b612c652d1c2cdec51928040,"[0.8255147933959961,0.1744852364063263]",0.1744852364063263,0.5800000000000001,0,False
stage2_multiclass:F:4392,,,stage2_multiclass,4392,F,1,9a96bc709a1ba18fac11a01cdb757da2dfa42c577bcd2371bbf2cc8dcdd56216,7785e2ed9a1e5b865607328f662d4848ec86d53f97154317aedb5f82caff435a,"[0.8701028227806091,0.12989723682403564]",0.12989723682403564,0.5800000000000001,0,False
stage2_multiclass:S:3649,,,stage2_multiclass,3649,S,1,940c5634e32a188afacf5f3d34a8418dcc2c46854b7840fcabd5700613170a7d,ea2e7ec796e914cfa87c0024750d3c65810d0b5a53360ed64b59fb2e2671479e,"[0.764650285243988,0.23534975945949554]",0.23534975945949554,0.5800000000000001,0,False
stage2_multiclass:V:521,,,stage2_multiclass,521,V,1,1f10615a399782b78427bb08e68c931f17287c381c5c1861d66342b20aced97e,2c63e4feaa56ec02f4f962dc7490bf1411d96bd493f0c60543ef2dd0879e1cf3,"[0.9204618334770203,0.07953809946775436]",0.07953809946775436,0.5800000000000001,0,False
stage2_multiclass:V:663,,,stage2_multiclass,663,V,1,2ff13e7ab5728a5466a40ab80510398ac1b9672b10c117d084cc10cd24b6cf86,952694571b63432a7df600952599fb9aad64010272d304b7853d9666297d3890,"[0.4323045313358307,0.5676954388618469]",0.5676954388618469,0.5800000000000001,0,False
stage2_multiclass:S:3658,,,stage2_multiclass,3658,S,1,31becb164bcfabc61322f16a166e2ea8f88b59ae0a986690abfa062fea490164,7ab7966b3071d2fa6afaa84fa6049691ca2d4ea3ecdbeef93652a3d5283ec304,"[0.8150396943092346,0.184960275888443]",0.184960275888443,0.5800000000000001,0,False
stage2_multiclass:S:2672,,,stage2_multiclass,2672,S,1,836092576a074b7c8d357288dcaf5424bb0197dddd617f058acf1cc57e107522,c4f495b181f6a9205753e743eae09019c343951fe411cf818594046e26174246,"[0.8121927976608276,0.18780724704265594]",0.18780724704265594,0.5800000000000001,0,False
stage2_multiclass:S:2710,,,stage2_multiclass,2710,S,1,43cd8a69f6ce0194bb3713f841fed1e237a00b7ce48875f8f35f8e099d1dc24b,6423bab251052e9ede765e7006be012f829f1f4eead621d7c18f8a471b9875dd,"[0.7777379155158997,0.22226211428642273]",0.22226211428642273,0.5800000000000001,0,False
stage1_binary:N:82,,,stage1_binary,82,N,0,e540405b603546c29ea66d242793f4784473d42fbc9c6844bfc10a6ef19d8629,0724943ac11dce0553679ad62e173cb10e9825aad79244958010ad7169663795,"[0.5133320093154907,0.4866679608821869]",0.4866679608821869,0.5800000000000001,0,True
stage2_multiclass:F:5692,,,stage2_multiclass,5692,F,1,e683e8075106b206c5a3f2f985d7429bc73253f888ea12c5aea68873fc4dfd06,70358598b9f514d9184b027831c99571a0e7fd50ab52151bdfde74e7c539a9c2,"[0.3558069169521332,0.6441930532455444]",0.6441930532455444,0.5800000000000001,1,True
stage2_multiclass:V:90,,,stage2_multiclass,90,V,1,6e15a50a2ccb97893879ced011466765f8b494fae613feb194163fb781e15265,ae6e1a58fe2073a05ac5e8d44b9969a67b2b5f14205374d273af78a5b4ebf927,"[0.853718638420105,0.14628128707408905]",0.14628128707408905,0.5800000000000001,0,False
stage2_multiclass:F:5913,,,stage2_multiclass,5913,F,1,ba5b40f12d2f30aa11b1c14fd92600ab42af0fcc8f97f9f29c73968a578ba9ac,d1ca9bfd2afdf7fdf122ad918020b8fa1621f1ca4389c5633bcc64924ead90d5,"[0.7957193851470947,0.20428061485290527]",0.20428061485290527,0.5800000000000001,0,False
stage2_multiclass:V:664,,,stage2_multiclass,664,V,1,2da4f8af2c4304709fce7a02e88dcf4ebe6bfa13056c6f4903da0503eaa639db,14f723d5fa4889a1e31c7002800a312dd8610f2fc3f10a6f4ca69fd3f6ad67c0,"[0.48567381501197815,0.5143262147903442]",0.5143262147903442,0.5800000000000001,0,False
stage2_multiclass:S:1492,,,stage2_multiclass,1492,S,1,da4763d246e5cf45f3482eb87c3fa8409ac09efca8aa15c9a5357a7272f2f172,90ba89ea3f02261389cd7c38738cea8f57c880a85ecff8f8c6ec16511ab6886a,"[0.8427919149398804,0.15720808506011963]",0.15720808506011963,0.5800000000000001,0,False
stage2_multiclass:V:143,,,stage2_multiclass,143,V,1,2d6c590622f2a74f85500dd63e23aeea7c159d0c26e216494aa237f466b3dc59,0115fd65421d783fd5013488d57c3fed0870e39d5177c951c82d810e1efd12cb,"[0.536599338054657,0.46340060234069824]",0.46340060234069824,0.5800000000000001,0,False
stage2_multiclass:S:2707,,,stage2_multiclass,2707,S,1,85db5daf3efdc3eac978a39c3609988c8a58c454ad12b2a33fd9844ba81180b3,be4ef91a897800c069d87649af0c9ca7ca5a9b07f9d36edf10da0e4fd5d23ebb,"[0.8138412833213806,0.18615874648094177]",0.18615874648094177,0.5800000000000001,0,False
stage2_multiclass:V:346,,,stage2_multiclass,346,V,1,ab2850ecaed49320f92986962e979d9cf6ea2b356ebbdc265a6c25507320513d,beb1655d6b7717a031834a828e5aa6169b9c0bb858db0c07a9c7a67bd84749cc,"[0.5738953948020935,0.4261045753955841]",0.4261045753955841,0.5800000000000001,0,False
stage2_multiclass:F:5908,,,stage2_multiclass,5908,F,1,c22ad2c32e46d61a61bce279222507df2a36a21beed48437a8609cc80362ee73,2098e7b3db5235bbbb024135fc70ddbe0298efe45e58c08869dde32c3adfb4f5,"[0.42501315474510193,0.5749868154525757]",0.5749868154525757,0.5800000000000001,0,False
stage2_multiclass:V:636,,,stage2_multiclass,636,V,1,29a6abcba1c2ca0f5ef37f30f3d7c56b8cbaf3a93fba1a78c78305d099ab5cf8,077557eb45018bfa32800c27c643a46c9e6c64ca92516a08f60b3b2e39f1cc00,"[0.5325153470039368,0.46748462319374084]",0.46748462319374084,0.5800000000000001,0,False
stage2_multiclass:F:4138,,,stage2_multiclass,4138,F,1,15aa84adffd4c8952964c88036a8df61d7f4d96423aefa7f9fc43cc18504b553,64a2a3e43235a902ad236b63ec7e122ae0f9a4a01a3c65dd44151172fcc2e4bf,"[0.8606109619140625,0.1393890678882599]",0.1393890678882599,0.5800000000000001,0,False
stage2_multiclass:V:561,,,stage2_multiclass,561,V,1,7933480e61e0e3366b942d8d0965ed27bad2269fb547b94c756c925db7e04bbc,af4f1c43b78f31b08ed51b591fb85086a2907497017563a94fb1f1313c0fb0ac,"[0.5739729404449463,0.4260270297527313]",0.4260270297527313,0.5800000000000001,0,False
stage2_multiclass:S:5101,,,stage2_multiclass,5101,S,1,9abefbb8d46903884ac611762b5c51e801c227d7488189cba4b5cdcc729f5817,c8be43b5f0f9c9aee098a0507e58920beaa108be33db6169ac9d9c75ef351508,"[0.900820791721344,0.0991792231798172]",0.0991792231798172,0.5800000000000001,0,False
stage1_binary:N:107,,,stage1_binary,107,N,0,3b9e8927f1ae60bc2b0fb825b46f209ddb094e8fb2809ffd74a8da7cfd079d99,209709043d0c7cedbc420e2fa3e590056d0f3ec0887610ca32d2a5cea7e15afa,"[0.5639498233795166,0.4360502362251282]",0.4360502362251282,0.5800000000000001,0,True
stage2_multiclass:V:416,,,stage2_multiclass,416,V,1,ced46341e94ed9f7d1f430eb78c5e6f7c1196394ceb9ef03893af319c8f42979,655da554d63ba5e2b396edb0c1c5d5fa55564cfc3d9ddcbb5f7da26b530d0a62,"[0.4608748257160187,0.5391251444816589]",0.5391251444816589,0.5800000000000001,0,False
stage2_multiclass:V:158,,,stage2_multiclass,158,V,1,3e84708936dd3d1f8ea1ba2b713252e1d57aee4830c16f4645d07a88835c4868,51bc931ea9b666c4bad06ee4de40b2e21ecc15b9aac2aae641393be195688c5a,"[0.8021618127822876,0.1978381872177124]",0.1978381872177124,0.5800000000000001,0,False
stage2_multiclass:F:1529,,,stage2_multiclass,1529,F,1,6a17dd0930e448ec2887653dfe974479f632bba95ba4b3b6ec159b761d385f1f,5be8f164d1943f47897c6574387e33db4cdd946e333077613c8caf9204fd5d4f,"[0.8476125597953796,0.15238748490810394]",0.15238748490810394,0.5800000000000001,0,False
stage2_multiclass:F:5991,,,stage2_multiclass,5991,F,1,a9130d35f082a2a29e50cf5a91cc87b0d91280b5e9ae680ef35064c9f9ae3f73,01388f559d461f4d2213e98f75ad65357b6b374ce22fd52dfea3c9c418077ca4,"[0.7922009825706482,0.2077990472316742]",0.2077990472316742,0.5800000000000001,0,False
stage2_multiclass:S:2836,,,stage2_multiclass,2836,S,1,6d41924903f9c73e9e436daea7daabb93f1799b73b7a01247c3f9b669ebe17c7,3dcde5a392c29f4b356c3094968c0ea98f69915a2087f73f3cc87b64669d1679,"[0.6761640906333923,0.3238358795642853]",0.3238358795642853,0.5800000000000001,0,False
stage2_multiclass:S:5110,,,stage2_multiclass,5110,S,1,042c605901f6bad8c1dec4ca5b80ed7d43ddc3d4dd6e8d525ae348ea68b026c7,dd70d5abe8a4111bab2a40f5214a5377d34b9b19d075d286e48d24a4e8f627b8,"[0.8942235112190247,0.10577650368213654]",0.10577650368213654,0.5800000000000001,0,False
stage2_multiclass:F:670,,,stage2_multiclass,670,F,1,7524147a9f34618f693fa63e52e27a3e0dbbadef7bcdfb8321458c56c8d321a7,3b7b87c7a982a2a54d42154e363f437872163e980d025205a53a46ab78dcea1e,"[0.827555239200592,0.17244474589824677]",0.17244474589824677,0.5800000000000001,0,False
stage1_binary:N:106,,,stage1_binary,106,N,0,66a068927826e5b502e409e78ce46663152ca74ceef30358e9b453baa36413ed,18bc4eb5df5205f43979a78dc18b226bccf12606fe8522dcadf3ab745d6f5015,"[0.5869396924972534,0.4130602777004242]",0.4130602777004242,0.5800000000000001,0,True
stage2_multiclass:S:993,,,stage2_multiclass,993,S,1,8c78fb3f07b3e6bb722389f2ce1edad61f4127d262e0dc93a120c8193c1fc1cf,a19651c517d8bebcdcc9351eb3272887086ee0251bbd661e3c23178f6bf0ca0a,"[0.7235726118087769,0.27642738819122314]",0.27642738819122314,0.5800000000000001,0,False
stage2_multiclass:V:641,,,stage2_multiclass,641,V,1,acdf78390f14d14267a5e16ff5eac6b4180d65d8d05291524b3af5d59235c4be,6669248d34834676cf1194d26e03de09d6b3be12915b53710c34a3cbf59146b2,"[0.42489150166511536,0.575108528137207]",0.575108528137207,0.5800000000000001,0,False
stage2_multiclass:V:484,,,stage2_multiclass,484,V,1,a65346b99d1530bd483ac70925f420a1c393ab7870bd222a73a421794e4771cd,930205ad67910e347e15beab4dcdee513516f3914cd8414f079e5e50367490f5,"[0.5863447785377502,0.41365522146224976]",0.41365522146224976,0.5800000000000001,0,False
stage2_multiclass:F:5741,,,stage2_multiclass,5741,F,1,85872fbd6a4a38ab94bf77c989fa7e0f5fa8cd75182d867ea027109e3203115f,48cd59d40481776d0159680c86576eb3acb9acd3ad31ed6f8e3f50431941c80f,"[0.7053675055503845,0.2946324646472931]",0.2946324646472931,0.5800000000000001,0,False
stage2_multiclass:V:248,,,stage2_multiclass,248,V,1,7140bff454844caacc96e353faff34846a18a9f365b9767b35efc877c3cb3ef9,0d7a61b5d64a6a524fed6b4712db181ca1135d9a68f1c394249ffba73bb9c531,"[0.8730065226554871,0.12699346244335175]",0.12699346244335175,0.5800000000000001,0,False
stage2_multiclass:F:5724,,,stage2_multiclass,5724,F,1,e44e2153ccb770cd8256145f41f0bc0aefdbb01369fdd137f7500bde506858bd,de1de0d67c45eff6d28acc66d9803be2f9f3bab932183058d0c81585f2fb54c7,"[0.7690766453742981,0.23092339932918549]",0.23092339932918549,0.5800000000000001,0,False
stage1_binary:N:40,,,stage1_binary,40,N,0,b4a1ca2d325d67ae408ea1f61166daf6605480bae680a2c11bcb5da8fd4e6335,8c927152886dd91079926bd0fb80ae24c7e154352b9749e562a45f74a916a787,"[0.5444556474685669,0.4555444121360779]",0.4555444121360779,0.5800000000000001,0,True
stage2_multiclass:S:2297,,,stage2_multiclass,2297,S,1,b266a3deac2b27be82e5827b9b0ba03bdd0152d81032eee69fe011172e996e00,9891c90e81c429e8ae272e4c93e94a32f590097c8fcaf49ee8153b8bf203dbc1,"[0.8909674286842346,0.109032541513443]",0.109032541513443,0.5800000000000001,0,False
stage2_multiclass:V:231,,,stage2_multiclass,231,V,1,636aac4cf2ad1a992634c71344dfc0584039ff99e0e56f76036dae185e892f39,c2ea352b739b7feeb5bb8a08fb2a9f3edbbecfb4abb9bfa663dce7107ccf7691,"[0.7840100526809692,0.21599000692367554]",0.21599000692367554,0.5800000000000001,0,False
stage2_multiclass:V:482,,,stage2_multiclass,482,V,1,c9f76c8966975ae7ca6b0220b0888b4becdf277700398581c48b83c996a48384,8e32eeb6ab7de2e19706e80b35e85cf9ee722b8afe72799c5c1cf62ab7593c6d,"[0.808028519153595,0.19197151064872742]",0.19197151064872742,0.5800000000000001,0,False
stage2_multiclass:F:3270,,,stage2_multiclass,3270,F,1,ef4150ba5aef6637cdcc0c998321f3fcf7dee1f020827a7fc6ff3c1349df2dd7,99e417d69de6873b6da606ccbee4bda69bf3a435acb203809ef8126248cc83c0,"[0.8328335881233215,0.16716645658016205]",0.16716645658016205,0.5800000000000001,0,False
stage2_multiclass:S:2801,,,stage2_multiclass,2801,S,1,f25deb06f773801cc2918a2cdb1ed0b7f908a27cbce72055d79bac175c5fdf68,0ceba079f94cdcffab8fe7eeaa60b3ddcec0c217b480b88e3f382cd9df5da1c4,"[0.8401405811309814,0.15985941886901855]",0.15985941886901855,0.5800000000000001,0,False
stage2_multiclass:S:795,,,stage2_multiclass,795,S,1,c81697bf0703af0fd96d14d43094cbe2c7011c537b56b202edf89ce79c8b673e,58cb4c65f36c7e8d83f3734fe4007d8ce7ccd4727a8c13addf8eb1be8c97386b,"[0.7602033019065857,0.23979666829109192]",0.23979666829109192,0.5800000000000001,0,False
stage2_multiclass:F:5656,,,stage2_multiclass,5656,F,1,0c810edf52da9f02248d82d06d40dad8dc2aa4252e48738dca99a47956fa6fbe,f95215ce2c4e5312d8a8d08618078f6bb3810179ce3fe5dc98f36a5062406a2e,"[0.7149435877799988,0.2850564122200012]",0.2850564122200012,0.5800000000000001,0,False
stage2_multiclass:V:381,,,stage2_multiclass,381,V,1,ffec2c04a5836d3d2dace337ca7c253bca02002e635ac2c963270f752083a157,4e73c29a28654cf312ee9d01f9c35bcadff2d9e35587c72798d7e9a292b1e609,"[0.7036412358283997,0.2963588237762451]",0.2963588237762451,0.5800000000000001,0,False
stage2_multiclass:S:5112,,,stage2_multiclass,5112,S,1,311eac23a534843096b6d935a390dfd36671a7a5e6476c9bc48feb7eb09ddfbf,be7d5bbaaff216c6f1749b15a177805f586501a20a7dd91a4c85824267c5c3cc,"[0.8810917735099792,0.11890818923711777]",0.11890818923711777,0.5800000000000001,0,False
stage2_multiclass:F:3891,,,stage2_multiclass,3891,F,1,b0c8a3587934a3b1d150e41a03b370ea9792a33725bf7062a03b8b8e8a6f91bf,3a3f6bab5ee57cbbd27f605d6f28c913e964b5178c0470ae2eca03db5ef75206,"[0.474507600069046,0.5254923701286316]",0.5254923701286316,0.5800000000000001,0,False
stage1_binary:N:5,,,stage1_binary,5,N,0,ac639979ee2c6eeb06aff7d4b207aff31107c5b3bc73efd0d680878cd301e6ec,4a5f810ac8f7fcc5a58049bcfa1131ac40c680be423dabcce452e73eb0c33f8f,"[0.5998328328132629,0.40016722679138184]",0.40016722679138184,0.5800000000000001,0,True
stage2_multiclass:F:4270,,,stage2_multiclass,4270,F,1,85f70203906e61eb5fcddefd0c91bfa565d78d5a9473d81cd176f08f448dfccb,fb10890ef019e37cc754e8f06341a15b15faf9fc006ecd95c3f9c490d388dc2a,"[0.3606804311275482,0.6393195986747742]",0.6393195986747742,0.5800000000000001,1,True
stage2_multiclass:F:4663,,,stage2_multiclass,4663,F,1,6730920d496c2ab437ca61ee42d93c78a57b4ec5a631cf916b3951b54cb464ed,afbf6c78fc734b774bbd710691c8439eae0ebd8cdcfe59680446b32ca533f6f4,"[0.5260969996452332,0.47390303015708923]",0.47390303015708923,0.5800000000000001,0,False
stage2_multiclass:F:3730,,,stage2_multiclass,3730,F,1,932ac0549aaa47f20a9e30546cdacbc2b4e4cb706bf65a159a8ec6ec3952c029,36c8a7e746af055c23b82ce9f23ef87ee72dede2255ba045f28c3de7fcbc5109,"[0.8556638956069946,0.14433610439300537]",0.14433610439300537,0.5800000000000001,0,False
stage2_multiclass:S:2699,,,stage2_multiclass,2699,S,1,9c8d035e6c5fea95c3a4fac4ac3ff66d72fb1e1d1aa381deafd831731cffdea6,393c787ddad95e27f9c58d51791f591f860ec3c164270c51fe3e84e505ee86aa,"[0.8210409879684448,0.1789589524269104]",0.1789589524269104,0.5800000000000001,0,False
stage2_multiclass:V:623,,,stage2_multiclass,623,V,1,ff6eaa96e0ac2b75ad6153e5cfeadd919e95bd92df9403059fe228feb27ccbc8,f7fdcd102703318810b30eccb7cb47be41b49f0c1d4eb2798c670db217022860,"[0.8971614837646484,0.10283845663070679]",0.10283845663070679,0.5800000000000001,0,False
stage2_multiclass:V:131,,,stage2_multiclass,131,V,1,3c88e40b3a2229ef58f092cf7b820abd553d149c116391ea61c26d94968bfbce,52bcac69cbe8693edf69329e927e5683d6f46db880390fa45ec88d8aeb121d3f,"[0.909300684928894,0.09069935977458954]",0.09069935977458954,0.5800000000000001,0,False
stage2_multiclass:F:677,,,stage2_multiclass,677,F,1,9d0ee2b1b5a574595fe6ed5c6f315dd24b9c9221d6f82c39f049ab9e96f03edf,2d95bdced7f9dfcf222a1bfd89acdbd301d516674a26ddd75a92096b5b85ae51,"[0.7973688840866089,0.20263105630874634]",0.20263105630874634,0.5800000000000001,0,False
stage2_multiclass:V:626,,,stage2_multiclass,626,V,1,dc5dd79c4ac996d31223e962db75a7d3db0080d51f9d5f564dc68fd02b2b4e75,270edd4890536664ddff27e752d1dafc26c506cf6a8343856ddd557fc5fee581,"[0.418700635433197,0.581299364566803]",0.581299364566803,0.5800000000000001,1,True
stage2_multiclass:F:5526,,,stage2_multiclass,5526,F,1,b91f0dccfe0cff5a62c6e6c966815a277b1aa8069e75a77993ca6fab20fa54f4,595e75d46a37b8f06f6b66c18cb21e5b48f446a088d12e8a2dc08f340eba2250,"[0.7362239360809326,0.2637759745121002]",0.2637759745121002,0.5800000000000001,0,False
stage2_multiclass:V:653,,,stage2_multiclass,653,V,1,47cd1806eb731302aee5da496fd2e82f1cb145faae93bfbb75876c6eb4751d53,75d5f0f3e3115e7848d00ca229b7462b3d94d6cd2957fb72ba7c6b42c8b9bf88,"[0.8018017411231995,0.19819821417331696]",0.19819821417331696,0.5800000000000001,0,False
stage2_multiclass:F:4252,,,stage2_multiclass,4252,F,1,2a1be720b3904770ee6ac1d7a1b29551e000a4c09dc141263263f199e27c14d1,20028bf91f3eaf2d2b198c0ff73af73c350efbd0615cffdccd22efde73e1fddd,"[0.3560716211795807,0.6439283490180969]",0.6439283490180969,0.5800000000000001,1,True
stage2_multiclass:F:3966,,,stage2_multiclass,3966,F,1,7fa5511ee1376fd3f81677a08a4fcd40a1e47349cd4b186682b96ddf6efbe2ce,863894bc160cf680e76929df643ee61afbfc5ec11bfb9431f22d1661cffd5891,"[0.8382290005683899,0.1617709845304489]",0.1617709845304489,0.5800000000000001,0,False
stage2_multiclass:V:594,,,stage2_multiclass,594,V,1,f50ed737bb70e33641fa489ed149ec5e64904a7e8c21054d446bd57796afa756,9dd8362f6c6c048a8a8474eb0509a421920b59b33f147222f8c0d39b16c11434,"[0.7904878258705139,0.20951217412948608]",0.20951217412948608,0.5800000000000001,0,False
stage2_multiclass:V:669,,,stage2_multiclass,669,V,1,30526ad07a4ee679997a17c275e6141774696507ac9623f70395b0bb43151a08,e64b7bd73d2e7a880084e50ace6c5cb63ea46633730f3b07eb79cbdffb90abea,"[0.824925422668457,0.17507459223270416]",0.17507459223270416,0.5800000000000001,0,False
stage2_multiclass:V:148,,,stage2_multiclass,148,V,1,6eab02ddbb49f8765c72a94cfd9b074af8c92a6eafe05f0ef5ce47a446106a39,e7fc91732ad4947120406c81420b14cf6561e58ae4c5a52290e2752ce5a18552,"[0.8374691605567932,0.1625308245420456]",0.1625308245420456,0.5800000000000001,0,False
stage2_multiclass:V:408,,,stage2_multiclass,408,V,1,3f60fc77c4ff7863990b7e486616dc4f65444fde0d7147babbf861bec46bcfae,9e998944935fb0cd5b87e80d30015b143f66dfed36243207f5635b7f6a0f3262,"[0.4819619357585907,0.5180379748344421]",0.5180379748344421,0.5800000000000001,0,False
stage2_multiclass:V:464,,,stage2_multiclass,464,V,1,c15a808ae4297073fa20050e59ae41a3dadab9ea43359ed1f7b2ac7d89ef1437,122fe4b419880689b011735bbadc45581179e53978f96d39be2755dc1a79e75d,"[0.5926868915557861,0.4073130786418915]",0.4073130786418915,0.5800000000000001,0,False
stage2_multiclass:V:121,,,stage2_multiclass,121,V,1,1848ab1eddfa6f943559976362bccbe195735e1d91f2f02a8b30da173f77cc84,8ad424fe1ea5bd359586f4b13c950a3e9d5acd9fe023636738e28cceabe849c7,"[0.909338116645813,0.09066181629896164]",0.09066181629896164,0.5800000000000001,0,False
stage2_multiclass:V:417,,,stage2_multiclass,417,V,1,1a63f513459f0d321e981f5822d7604d770b65195f355b7f2efa65fe7b42b5ac,099958009deb0059d1f46b714df2beba11a6841e4a2177582c62c8410d4515f0,"[0.9238579273223877,0.07614199817180634]",0.07614199817180634,0.5800000000000001,0,False
stage2_multiclass:S:1480,,,stage2_multiclass,1480,S,1,79202669b689d84e6b67462e0803fe55c4af332fcf01823f28cec52c66cb6027,60e176813321ce2f3e50dc00f9173824d9a553b866d8e1bf3c837a938c8eef9d,"[0.8768591284751892,0.12314081937074661]",0.12314081937074661,0.5800000000000001,0,False
stage2_multiclass:F:4324,,,stage2_multiclass,4324,F,1,2ce4c8ccec27b6026af2cddd3def17226f99d506a22e7b3a9e1c7452e1ec71a8,0241ee8ed6530d76681466fbc73ea0aa2b3363368f04a0661a82ce4f1bbb9ac4,"[0.8843698501586914,0.115630142390728]",0.115630142390728,0.5800000000000001,0,False
stage2_multiclass:F:4284,,,stage2_multiclass,4284,F,1,3961174128dd05598975d20f1238ca56c13b1260399680eaaff2717365da536b,baef0fb112521fc10a5732f61c3395ccda85d71641ccb45bb4b190ec1cd55294,"[0.388732373714447,0.611267626285553]",0.611267626285553,0.5800000000000001,1,True
stage2_multiclass:F:4678,,,stage2_multiclass,4678,F,1,50007547dc882c205774ae6ec4b9e07f3d8a628869ce0f0787db53c07962dfe3,e1607476d2dca34224048ea99b48b354338fa4150c861cc6b6752eee5c43110e,"[0.9006550908088684,0.09934491664171219]",0.09934491664171219,0.5800000000000001,0,False
stage2_multiclass:F:5414,,,stage2_multiclass,5414,F,1,01e7c963e12b1ca35c4b7d3e8727d4fa01ba3ba9f0dd2a9094b923ac46725675,ed5a8968f0ba42e36a7b9ea0c7252104e62100e2f751e335efa7930a2f692ac0,"[0.8105571269989014,0.18944291770458221]",0.18944291770458221,0.5800000000000001,0,False
stage2_multiclass:F:5854,,,stage2_multiclass,5854,F,1,268181e8a3fdf84769009ba51ca62fcdb95a7d506dd1dd51d4857b8fc6d19c49,4540beb13dd2abe4740a8354cf69d18f85d353bd922974736fc702e280d60f63,"[0.6712722182273865,0.32872772216796875]",0.32872772216796875,0.5800000000000001,0,False
stage2_multiclass:F:3983,,,stage2_multiclass,3983,F,1,73f95581150f979558a9968b4f25b3d1e45be21cae419062460a07476ede3064,e5c03f07cf543354775135b3d10e3c8130c6f017bef0182f27a8425c84083739,"[0.5164638757705688,0.48353615403175354]",0.48353615403175354,0.5800000000000001,0,False
stage2_multiclass:S:5098,,,stage2_multiclass,5098,S,1,5182931c58caad69b9db89b2e614a79a96cc515be5667c8ae87cf167a4e0d3ea,fed557308e681ebf287adb38021334a162026366e28b5bba3cd8375249383754,"[0.9064465165138245,0.09355347603559494]",0.09355347603559494,0.5800000000000001,0,False
stage2_multiclass:F:4276,,,stage2_multiclass,4276,F,1,6dacea913b89b054bdfc2bffae995435e8c8031a225db607e38d25406a5ede06,74fbbae2c4daddf7d29cd1ca3cba07b1f17caa05da9034b5aea3e4b2d077127d,"[0.48062214255332947,0.5193778872489929]",0.5193778872489929,0.5800000000000001,0,False
stage2_multiclass:V:515,,,stage2_multiclass,515,V,1,3c170b64c27ba0464433a20868ba470de37fe81be92ca69f32f0956992777053,bf553160daa353985ffa70bf67d1564bc1a5bfe173369d6f6741dc4892a58226,"[0.6822857856750488,0.31771427392959595]",0.31771427392959595,0.5800000000000001,0,False
stage2_multiclass:V:268,,,stage2_multiclass,268,V,1,bf80176bf43a7559465b3d1478a56c14e88838f47cffd6ff972cb360e8ca9480,91764624e61f2cc6af7dd1bf21800c211a068f1d5dadeb3c76ffebaae84a5e8a,"[0.7767009139060974,0.22329913079738617]",0.22329913079738617,0.5800000000000001,0,False
stage2_multiclass:S:5034,,,stage2_multiclass,5034,S,1,8e0d4244facde2010b6abc76c96ee82272729bca3491ee76afe11d43c5468dcf,2efb01cec5b81aa801a0d5a424ba444b1fafc99b4127cddca1bf749f02175af0,"[0.9007481336593628,0.09925190359354019]",0.09925190359354019,0.5800000000000001,0,False
stage2_multiclass:V:405,,,stage2_multiclass,405,V,1,389166194aa59e1a67e19f2c4a8f093de18c3ab29bfea617fdff5b4919933307,cedc94b85ac062b36e159f22d1f53b15729b7eaab5a06c7f5ecd4c9b505946db,"[0.7943213582038879,0.20567864179611206]",0.20567864179611206,0.5800000000000001,0,False
stage2_multiclass:F:3865,,,stage2_multiclass,3865,F,1,d98d29525ddd5394f4b829dfb93846b050045ce2169fde1d1a719d2b7c37e46c,1a2b3513eb599f33e06ef9e465cc7261964f0e30bf4cdea67a0d9962935a3ff7,"[0.4600965678691864,0.5399034023284912]",0.5399034023284912,0.5800000000000001,0,False
stage2_multiclass:F:3898,,,stage2_multiclass,3898,F,1,ea52b1e4ae4db99d1dddba82973d8d6b02f2b7f0e99e4d3f31514c9e59300088,c0cb83b8754ba18eebd81d98d694ff42a4298f3f9522c1ed7c7982f0a12f15e2,"[0.40424320101737976,0.5957567691802979]",0.5957567691802979,0.5800000000000001,1,True
stage2_multiclass:S:1873,,,stage2_multiclass,1873,S,1,5db086c0733f90f8be404bf54d58c27408306e37304c332f9630919965cb722e,4af39891cfaa0dd203cbdc3cc79d5253650308de11ea3c4a580a982c7912a812,"[0.8318659067153931,0.16813410818576813]",0.16813410818576813,0.5800000000000001,0,False
stage2_multiclass:S:1010,,,stage2_multiclass,1010,S,1,d0e93020df5452915cd8cc4bdf9f1b772b3ade11b20293df05f508a66ef1fd75,eb4361ef73f735b0b30ae2ec4e25815bebf426aa76d17d2a12464aca0f89924d,"[0.7898666262626648,0.210133358836174]",0.210133358836174,0.5800000000000001,0,False
stage2_multiclass:S:1008,,,stage2_multiclass,1008,S,1,a0b5bf64379aa9311a4af653e9c9fa2ad5cc86e3e802000b0d054a7b22b0864b,420db39fea67a9f1cad1365f1b74acdd53ad7d6d8f05a81d8327a516b2e678a9,"[0.7119235396385193,0.2880764305591583]",0.2880764305591583,0.5800000000000001,0,False
stage2_multiclass:V:189,,,stage2_multiclass,189,V,1,79a65c38fd314ececc6664f5b53a94d6e35317311b9c5873e29aaa2040d87392,8b9be2fb45aaa1f29273b2ec4f39f0e054908af413c32fe6dd30e515ac251eec,"[0.9245884418487549,0.0754115954041481]",0.0754115954041481,0.5800000000000001,0,False
stage2_multiclass:S:2396,,,stage2_multiclass,2396,S,1,17afebee070f092eafc1e266162d36d68b6907bdb5e0c1c6a2a1b68186f19453,3a9ad22efc270146dd3f9812bcab3390c7c7f124f37c10bb1bbed82fd84cacf9,"[0.8218698501586914,0.1781301498413086]",0.1781301498413086,0.5800000000000001,0,False
stage2_multiclass:F:5920,,,stage2_multiclass,5920,F,1,7d37c882a9fa296c7d3a7a33ff399ab838226dc7857a30d71bdb9f66bf8721bf,494d87a4c0406d117a602d967bf021c2ed2e49738b30a73f864aca5bbde6dd6d,"[0.809441328048706,0.19055870175361633]",0.19055870175361633,0.5800000000000001,0,False
stage2_multiclass:V:481,,,stage2_multiclass,481,V,1,fb062ba61d3f8c805b6d778498df23e38443e6ec7556991c43c61558d7144486,8ce63c16d835eed91b5284e7d79cf220118c85a8ccfa061404fac710b0413b15,"[0.7755417227745056,0.22445835173130035]",0.22445835173130035,0.5800000000000001,0,False
stage1_binary:N:66,,,stage1_binary,66,N,0,8a2fb6474dfe4dd01a6f8609b525a3ef83bc2ce543c3b413616efe93b0a921bb,5184a1f346f30c927d8909dba7f74e6a7f1418db823c2cf01a9235adc7232879,"[0.5998379588127136,0.4001619815826416]",0.4001619815826416,0.5800000000000001,0,True
stage2_multiclass:F:5956,,,stage2_multiclass,5956,F,1,966eaf816af74b2ab34f72e9276629e6e2a8b007a65d2f023b009acc34e8ef2f,49f3aa6f858f44fc65ff95899a08763ec5799fd4d8fb2f77e535f9a9dcef3df9,"[0.9130990505218506,0.08690094202756882]",0.08690094202756882,0.5800000000000001,0,False
stage2_multiclass:F:4310,,,stage2_multiclass,4310,F,1,011eb80deba9e5505f419be0fe0519a824c073bc292e9f3928ac7a52cebe2dd9,243603d9fc9cb0d8873b1dce211572e73cf87e226a09ca3adb666b8f5904fa1c,"[0.6154388785362244,0.38456106185913086]",0.38456106185913086,0.5800000000000001,0,False
stage2_multiclass:F:4238,,,stage2_multiclass,4238,F,1,fd6822af2d6e54926f9843e3dbd7d36c7be5daed1aa5b3f111b91483b799c877,ae9afe8b585eb22de8338c5e06c159f84aae570fd1eb671b9e8a1d3409091bb8,"[0.5328744649887085,0.46712547540664673]",0.46712547540664673,0.5800000000000001,0,False
stage2_multiclass:F:5950,,,stage2_multiclass,5950,F,1,56e1211438c152f5093eac6e3c8c4cdecee0104150d961a63b3b7610e5686b60,0f8d45cb9d9f15179efc8bac8717f8589a79e1c1e7f974ff8d09fbfe285cc03a,"[0.496058851480484,0.5039411187171936]",0.5039411187171936,0.5800000000000001,0,False
stage2_multiclass:V:363,,,stage2_multiclass,363,V,1,76c2587669f4f765a774854646eb88f1386227b120d482f4a6b9137781f79f55,73968829fd766253300cb053b50afb2b87f8f82252a4464ed5ad0d05dbcafb0b,"[0.9597830176353455,0.04021701589226723]",0.04021701589226723,0.5800000000000001,0,False
stage2_multiclass:S:2635,,,stage2_multiclass,2635,S,1,484b922194592da911d8e663d4f3e7916fd9b2be6975b29ee1fc5b6a47c49812,aa56d8c180677baf1df9bc5ed489408b005cdf3ee28952c45ee7cfba4fc5e0f8,"[0.7839794754981995,0.21602047979831696]",0.21602047979831696,0.5800000000000001,0,False
stage2_multiclass:S:5069,,,stage2_multiclass,5069,S,1,aae21372b89c43a5bf949447a91e12142106dae56ed66ce81180e5beb61e0df3,5b6937d06827cf51c5352266a5021d35bfb34eadcf447cde5b6c2e386985bfe4,"[0.9085871577262878,0.09141287207603455]",0.09141287207603455,0.5800000000000001,0,False
stage2_multiclass:F:4386,,,stage2_multiclass,4386,F,1,da0c9b3297c34df7394dbcbfcded2d1ee194a1044ce587ef56f982b00718142a,0d5f0715064d3999024474372c61e1e95acbd135861012af13714501d8961261,"[0.8613677620887756,0.13863229751586914]",0.13863229751586914,0.5800000000000001,0,False
stage2_multiclass:S:736,,,stage2_multiclass,736,S,1,3d0b202dca3525f292811ea206bf3f7338b8389f646d42b9884d4b960d7b5cc6,b7227b9a92bb6726db529044b5becc8c6c9218c336ccdc70a17f5a54eed03104,"[0.8089617490768433,0.1910383105278015]",0.1910383105278015,0.5800000000000001,0,False
stage2_multiclass:F:4758,,,stage2_multiclass,4758,F,1,ae431ed9c05d75c8fe529a4b86b7592c521f40e031e495031174f9d0ce3f5496,caf685726544c5e5b2b29d0084a3d21f0240febd7cb5fc57f8bb5a41005a224b,"[0.42602530121803284,0.5739746689796448]",0.5739746689796448,0.5800000000000001,0,False
stage2_multiclass:S:2839,,,stage2_multiclass,2839,S,1,f277ea4f6b4631c14e3dae1c87bbb06a5e83161026b00cc23f21f6bfad7f2042,d6b2bbeb3e10368a9fa8213bf873fa9992ba6ef8bed1d8a87c9ca4d371ac0c1a,"[0.7235541939735413,0.27644577622413635]",0.27644577622413635,0.5800000000000001,0,False
stage1_binary:N:118,,,stage1_binary,118,N,0,3120dce74bf8415bbdcef02bf5629e51825dd5ff4e692e38270b498c220c77e9,3ee9085ba05a5443c93420d192bbf330bd5fde1fbfde7af4c23c8f83fc084271,"[0.5437610149383545,0.4562390148639679]",0.4562390148639679,0.5800000000000001,0,True
stage2_multiclass:F:4244,,,stage2_multiclass,4244,F,1,26b695627f8a3e7a56bc96d6d0be0eca584f56c9bcf57591e80b395a088f3a82,4f3d1f9730425f3282e8992209858d4b16386f80e70685b7f3d62a5ca69d5ccb,"[0.7201982140541077,0.2798018455505371]",0.2798018455505371,0.5800000000000001,0,False
stage2_multiclass:S:2485,,,stage2_multiclass,2485,S,1,09d36309811752c51f7d37df2f901099a23c9102161c93a73d5ede7c403e3287,a95e0bc4346a1b30588a03feb758259fda4c2b6df7a7652e30f976e8baf9d639,"[0.7830921411514282,0.21690791845321655]",0.21690791845321655,0.5800000000000001,0,False
stage2_multiclass:V:304,,,stage2_multiclass,304,V,1,a7f477d9028a61f8e7f1fa52e9d5362f3fc9a900f2e07e69658a116ddd9b80f2,a7a03e8cac00697112f3fcf7558cf34035eca484690f5ebfab2de5103ae507b9,"[0.8256130814552307,0.1743868589401245]",0.1743868589401245,0.5800000000000001,0,False
stage2_multiclass:S:3644,,,stage2_multiclass,3644,S,1,9226b6f31520c52d4922c11f8ac89a7e1eed9535613ab5559940d4cfc9b3f0ac,8bb47e3938129821afbc22ab05566e3d87ba4b5787cd13bb9254e2b9c39ca54f,"[0.802736759185791,0.1972632110118866]",0.1972632110118866,0.5800000000000001,0,False
stage2_multiclass:V:91,,,stage2_multiclass,91,V,1,816e094691a8274bdf501c7b3627859459b173cec30dca36efa6798f5dcf704c,033aef896c143fb15b7714cbd5b5055ed2628625d489373b8e0a851c94d0f0cf,"[0.8012799620628357,0.19871997833251953]",0.19871997833251953,0.5800000000000001,0,False
stage2_multiclass:S:5049,,,stage2_multiclass,5049,S,1,4e980d43d80195b0bef29455cff8895f5ed7442665936fdbbfe26a6dd06a07d0,bef9ffd8a08928eda59ba1b004502eb266c14c8dcbb9be37066a74f321e3a7ea,"[0.9138574004173279,0.08614260703325272]",0.08614260703325272,0.5800000000000001,0,False
stage1_binary:N:64,,,stage1_binary,64,N,0,0eac82ab2d2df48b1906a88689fd735e964d8eea6769f3701919fa03a3f26e2a,4cd2515bbdd6fec8a4baa0e55e30dd0c9e4e79af7a0a03f8fade2e0e9b900237,"[0.5420985221862793,0.4579015374183655]",0.4579015374183655,0.5800000000000001,0,True
stage2_multiclass:S:5115,,,stage2_multiclass,5115,S,1,872c0b90f2fe8a5eab1323f5b400f6a2c406f5909f3434f0d9d12db42dafae0a,3af65b3b42b24cae9980c234ccb9d1d1a6210b95594d5b3637212b5b07e1bad7,"[0.883929431438446,0.11607055366039276]",0.11607055366039276,0.5800000000000001,0,False
stage2_multiclass:V:221,,,stage2_multiclass,221,V,1,d48118fc93ddc9440bd55994cf3cb8999ea4e55e524c9956e1bdac654eea6f36,df6b1d7e6c9a3595d0e57a30d871a69c81f0a0918f0c150cd5b98efe13291da3,"[0.7826402187347412,0.2173597663640976]",0.2173597663640976,0.5800000000000001,0,False
stage2_multiclass:F:3956,,,stage2_multiclass,3956,F,1,05eaeacb4d1ab00a78eda572b538ca68f6dc447449f942250692e53e4f8debe8,109bbab8581dbab427f05888abfaf4438002a6c677e4961f5059c27d82663907,"[0.443014919757843,0.5569851398468018]",0.5569851398468018,0.5800000000000001,0,False
stage2_multiclass:V:295,,,stage2_multiclass,295,V,1,72ae2ac2e9a7d7c7f2b16ef9f7c8dc9d670ce5f810cc0fcc3bcd369d13812b58,f37689a62dfc8c29a74c66d8a016008fa0fd1c67b7ae73b4892c160a19049eaa,"[0.9059097170829773,0.09409032016992569]",0.09409032016992569,0.5800000000000001,0,False
stage1_binary:N:43,,,stage1_binary,43,N,0,9dfb8a971fa2379ce0bd76b48b1236be238a87fccba8938c515dfb7b297d9876,5af813b6a519d414ca639b0cd49f6427e23ab5f25f454addb15547fd75d778ae,"[0.5549153089523315,0.44508475065231323]",0.44508475065231323,0.5800000000000001,0,True
stage2_multiclass:F:4380,,,stage2_multiclass,4380,F,1,776c494d4114bf6949eab2d5c28de41f455d3f91a8047f455f66a5fa43e162be,c2fa63c0ccd7ac4e73fe15e873162e5c8b88f6b93b13f272d370eb82c9eec5f9,"[0.712797224521637,0.28720277547836304]",0.28720277547836304,0.5800000000000001,0,False
stage2_multiclass:F:4083,,,stage2_multiclass,4083,F,1,e39cb82704cabebfc71a4b8a6956a3f1062c8516ee6bdb3057fb60c1c81035cc,61ce6a4c5f9b15897fbf2d2b9c452241dd2c182c8a1055a0ce8bfa905d10ac17,"[0.9200693368911743,0.0799306258559227]",0.0799306258559227,0.5800000000000001,0,False
stage2_multiclass:S:683,,,stage2_multiclass,683,S,1,d31119b9a1bf2da477f1ceaa6c0379edc554581d88d287d99d411576dc8197d1,95cd827f839909fdb78003975bd585f98072df7502c6e6d46ee3858fe1e9900e,"[0.7943084239959717,0.20569156110286713]",0.20569156110286713,0.5800000000000001,0,False
stage2_multiclass:V:79,,,stage2_multiclass,79,V,1,7bfc3636c4e93bfc1b8b81ff0da3c20ac661c07b3300313d0bb00bb9b5b6701c,ae9cfe15aa9910a5c22d18a9ede9025dbbcfcba61f9a7ff95e64487b3e3b6bb8,"[0.7679517269134521,0.23204822838306427]",0.23204822838306427,0.5800000000000001,0,False
stage2_multiclass:F:5669,,,stage2_multiclass,5669,F,1,8ed86c2d6b3bd4b6c4c3478b7087ed78b689526d587a2bfb8152fc608e6a696b,1e5a190d50d38dc84ff39e8aaf2b1720ca8f819ecd7a15a45ea9b3117abdf02f,"[0.7870994806289673,0.21290048956871033]",0.21290048956871033,0.5800000000000001,0,False
stage2_multiclass:V:370,,,stage2_multiclass,370,V,1,2d3303fc0b3fa75de1c88c3e3349a6acd1615f9db1f01e6feb168fe9b813b5af,e74f86a2814c37adafc4725c6f361a3dd95fbcf421c66145553e41a3321c4a67,"[0.7718129754066467,0.22818700969219208]",0.22818700969219208,0.5800000000000001,0,False
stage2_multiclass:S:1514,,,stage2_multiclass,1514,S,1,c4461a8f612a5b7f7cbe4ddb291b451eca926f0911cf9265657c9239c645e836,09ff633c017221afab3e940ff545072188d087849971ba90f586dd96f55ba063,"[0.8560863733291626,0.14391367137432098]",0.14391367137432098,0.5800000000000001,0,False
stage2_multiclass:S:1475,,,stage2_multiclass,1475,S,1,b938cd4ec271995bc27d0a2eb0a1b7049d5e2a489ee3377f5232880ff7d1b12e,ebd2fee02e6538df498d8f35b501776fdbc7b7681ae4c9304ab251a9e9fa0821,"[0.8514768481254578,0.14852313697338104]",0.14852313697338104,0.5800000000000001,0,False
stage2_multiclass:F:3962,,,stage2_multiclass,3962,F,1,54c3558a1a42af61aee2cd24186debf8ebc0e5dfbb69132b3fd316ae6e33d2a7,b3a6d10e37308f01ed853cf0e02b7842a511d0173c947b340e65dfbb85376749,"[0.4578508734703064,0.5421491861343384]",0.5421491861343384,0.5800000000000001,0,False
stage2_multiclass:S:2766,,,stage2_multiclass,2766,S,1,9ff704c210a0f2a01aa1e34620b5a9580dcbf95dcf6dbf989c1dc669b47a8b6c,927664c494cade54de391edc2c64b6fbb681d7ba83bf63f8ff1731f639d7b04e,"[0.8452070355415344,0.15479299426078796]",0.15479299426078796,0.5800000000000001,0,False
stage2_multiclass:F:4701,,,stage2_multiclass,4701,F,1,54deb93f2f92e80b1f097cae99b9ddc5cd925c127ca46c40712532e74912b9b8,e09717b5077c2f3b69b088b242b1da3b18bd28e16555b61a4f37718cf3884b9c,"[0.8665764927864075,0.13342344760894775]",0.13342344760894775,0.5800000000000001,0,False
stage2_multiclass:F:5689,,,stage2_multiclass,5689,F,1,977ea37179bba899799118d85854397439681127620fd703fd6c5fbdb2a3053d,ead524ab9bbd41f2f102e4eda169a5c2ac9052afa20f5221f62cb0a339dae790,"[0.728805661201477,0.27119433879852295]",0.27119433879852295,0.5800000000000001,0,False
stage2_multiclass:S:3559,,,stage2_multiclass,3559,S,1,bc222f5c428b047da458a47c27a236b2008719e19fab69ee8b9b9855902ec3b2,ffb67913e22e27adebf63ccc7b986d963a2a5a8bb22fa33251f21447de9acc03,"[0.4321610927581787,0.5678389072418213]",0.5678389072418213,0.5800000000000001,0,False
stage2_multiclass:S:3657,,,stage2_multiclass,3657,S,1,433c3f02df2e1a2feff85c408e181a5bafaaf553a72a49e2732ce086a094d8d9,80033d4d539c05f56c8f5f89c99df84f8a9adda9e63684ef9e5a3e7f6da8837e,"[0.5450475215911865,0.4549524784088135]",0.4549524784088135,0.5800000000000001,0,False
stage2_multiclass:S:1469,,,stage2_multiclass,1469,S,1,e5104cb907199baf0ee7418ffcbbaeb57239c9852ccfb8987c60cb4a929552ab,f2cca95a5783966d3fff86f2e3845c82198e2f9dfef92794d50eb6f607706230,"[0.8308385014533997,0.16916151344776154]",0.16916151344776154,0.5800000000000001,0,False
stage2_multiclass:S:3633,,,stage2_multiclass,3633,S,1,9e8d9ef784135f8ab3a4b1deff473ac0c115777c1daf353b266e7db492426b38,3dcd9ce513b2afe30f0d632af950bfe9470d7587c57492969afb47ced4fab17f,"[0.8033127784729004,0.19668728113174438]",0.19668728113174438,0.5800000000000001,0,False
stage2_multiclass:V:584,,,stage2_multiclass,584,V,1,8be759ad581c98d1339e2a726fe7a117ac162e4b4c0ebe4c29fce3bd470f0645,c084cc3cb6afd774e960f31f90b8a24cec56b00848e498056574f6de0cee068a,"[0.4997366666793823,0.5002633333206177]",0.5002633333206177,0.5800000000000001,0,False
stage2_multiclass:V:49,,,stage2_multiclass,49,V,1,c8190038118b91a4cbd55875bb808df5744879bd7fbee5c6e0813263a6886d45,ba4557102a6d240bd7f1b7464d2ef548134ed46367bb14d1152f6338d68880f1,"[0.8052781820297241,0.19472180306911469]",0.19472180306911469,0.5800000000000001,0,False
stage2_multiclass:V:180,,,stage2_multiclass,180,V,1,58006612bc5f938e9d32b4ec2a64593db770e962be15be5943c43a0d8ac1a159,fcc150ed5c56b46902fb5bc1800ea147aa5c868500d9beaa1edab546b81bea30,"[0.7973288893699646,0.20267115533351898]",0.20267115533351898,0.5800000000000001,0,False
stage2_multiclass:S:930,,,stage2_multiclass,930,S,1,1371552ed7e6c1bb3ae5f8817c121c59781ad8a2d64f2cc52e3d102362c8536f,dff3d80f0d7a7fa77ab766f6a05e0dfe34cb0f9741c0f2730a826ed113d4c8fd,"[0.4588252007961273,0.5411747694015503]",0.5411747694015503,0.5800000000000001,0,False
stage2_multiclass:V:249,,,stage2_multiclass,249,V,1,fad7e01e60c66e608a91bea584e6b3c25d9f65a3fc046212dab66169123ce065,7ce62a5b565d8345745a3f197a914304ee5328473d04539aefce8e28361bdf5b,"[0.8561276197433472,0.1438724249601364]",0.1438724249601364,0.5800000000000001,0,False
stage2_multiclass:S:3571,,,stage2_multiclass,3571,S,1,beb2f7b571c4f067920e53fa3619e27bc6a2165cf1f397970bb65c84604a1b69,e9dbd0af603c61fb5db21e0539e34e97430beaf0d92cd5b6b446a5e822a0e4aa,"[0.8050704002380371,0.1949295848608017]",0.1949295848608017,0.5800000000000001,0,False
stage2_multiclass:V:328,,,stage2_multiclass,328,V,1,4c97e1e33102123015c8651e03225b59d32e45b3e1ee045a072c84a23543893b,4f7a5b736ac2c8b3ecf1bf5c48aaf83f432786e0ac87b65eec2f4356c98072df,"[0.7750597596168518,0.2249402105808258]",0.2249402105808258,0.5800000000000001,0,False
stage2_multiclass:S:5052,,,stage2_multiclass,5052,S,1,03f0d2054680f20a4daae5dedaa5eb371919fa29a8dd427319083f4e91514555,eee64427f72d3c059c26cdf64e8aa1ce1545040ccce8a562bdb0f4f35c72fae1,"[0.906358003616333,0.09364199638366699]",0.09364199638366699,0.5800000000000001,0,False
stage2_multiclass:S:1518,,,stage2_multiclass,1518,S,1,5a5c287b87f2202a93b232e1f3277569958a01e77e52e90f69624e2099df1788,cac0e72ede6985aa96f421f972dba50fe28d15dfc89fcb4e5f7e400e5f3811e7,"[0.8691887259483337,0.13081130385398865]",0.13081130385398865,0.5800000000000001,0,False
stage2_multiclass:V:351,,,stage2_multiclass,351,V,1,31f3f735860a93726a5a2756fa0edfda4b3f03724987378f006f20c637e5faa5,6bc77e322eae0d228dfc9742a3359d82be4f24cda3fc30e85ed17621c032a049,"[0.9078270792961121,0.09217297285795212]",0.09217297285795212,0.5800000000000001,0,False
stage2_multiclass:F:5530,,,stage2_multiclass,5530,F,1,44aec2270e2b14f428b7d34108f8472fae083bea0f70440ae69acea7cd08df39,45fdfdef30d7001c5ef21b74449b29e1d48ed97b48a88923e5359dc54f1393c7,"[0.8095971941947937,0.1904027909040451]",0.1904027909040451,0.5800000000000001,0,False
stage2_multiclass:S:3261,,,stage2_multiclass,3261,S,1,517a0c5743eadfbe7c062355af24435defd0d2f6c88b9792b30a0cab747a562f,22ad4192543d68ce3c39871de7c1b933e146f37041be68f3a974a6995c46a660,"[0.8367665410041809,0.16323350369930267]",0.16323350369930267,0.5800000000000001,0,False
stage2_multiclass:F:5847,,,stage2_multiclass,5847,F,1,55585960d841d27603d6d6a51b78ac4157c60e5a71bd12a76225c4c0880353c2,8b0ffd34686150f1ec3e9729ca20804ca2012871ac59cc1cccba2a29fb8abe53,"[0.6162327527999878,0.38376715779304504]",0.38376715779304504,0.5800000000000001,0,False
stage2_multiclass:V:566,,,stage2_multiclass,566,V,1,32fd85bb90b1875fa990872af8da6ee72e38d5496c4f9dbf264a32f565a1c64b,44ad56dd4310507702d322374667867f14f71ad33afdb40b2a3d51b1a91fd744,"[0.6746880412101746,0.3253120183944702]",0.3253120183944702,0.5800000000000001,0,False
stage2_multiclass:V:309,,,stage2_multiclass,309,V,1,734aba302058d439d1c183532ab6f9774de9a4abedb8ecf0fbf9fae3e7a60f40,937c1850d90228611422c1d8d2fd17fc14a51fce598ca12b51fc4d9de08d3a16,"[0.810513436794281,0.18948659300804138]",0.18948659300804138,0.5800000000000001,0,False
stage2_multiclass:S:2689,,,stage2_multiclass,2689,S,1,f0f4e4d4c0687524fea548c14bf20738e1f5ad69cedd8e86b0b9f73390866d50,1c1ebbba737dcc064eab29d2780c439deba12cbeb154a336b3d0e2a2759e9364,"[0.7902407050132751,0.20975933969020844]",0.20975933969020844,0.5800000000000001,0,False
stage2_multiclass:F:3964,,,stage2_multiclass,3964,F,1,ec15f6586a4f77c256551a02db47ab0b295bf9423e951071000d6ad4c338fa6b,52aa660c3f268e13a1102cf6cb8328b198a1682be32c4180b493121afc36afaf,"[0.8400808572769165,0.15991917252540588]",0.15991917252540588,0.5800000000000001,0,False
stage2_multiclass:V:98,,,stage2_multiclass,98,V,1,27bc0afbda321b8684ad97e98b791e385789b23882c42f72fb7906cd956bac7b,df1925ebc6d29b03cf9a6e308945556a66605a68c3806d601686d05615ea3a53,"[0.7946521043777466,0.2053479254245758]",0.2053479254245758,0.5800000000000001,0,False
stage2_multiclass:S:3637,,,stage2_multiclass,3637,S,1,aa3808a12e8d194cda579fb961956438fe69b301c3ca007664ca9c640e87f8d0,8a7fc99688c14a19574a188c59a325f89e108b0e6a65e685eb51bfdad4391d71,"[0.5773899555206299,0.4226100742816925]",0.4226100742816925,0.5800000000000001,0,False
stage2_multiclass:V:431,,,stage2_multiclass,431,V,1,ddf81a847639a3d4651bf7b009252721d48af72324a26e047fbcd505b1166a93,f4ae147678e4f0e05c47401da52f02691a922228f0252bb81e56289b07cb09f4,"[0.9054536819458008,0.09454633295536041]",0.09454633295536041,0.5800000000000001,0,False
stage2_multiclass:F:4666,,,stage2_multiclass,4666,F,1,fc10ded1f04ee13b145356cfb7e2e18ae18af3e838e472e9407409ff1eacc232,4470a0d8d3f932fd2b087e94618cd0710fe389c781888002bae5e9b6850fc9b0,"[0.6164510250091553,0.3835490047931671]",0.3835490047931671,0.5800000000000001,0,False
stage2_multiclass:S:1018,,,stage2_multiclass,1018,S,1,7d40f75c71629e40c6b263718dd52809f407ea2758eb36ab2d486b025fcb1651,2c463cffbbdd2ec551aa6677350ded5fb2cd80f05be08f9b6d4b428f8cfbb6ad,"[0.7631739377975464,0.2368261069059372]",0.2368261069059372,0.5800000000000001,0,False
stage2_multiclass:S:2709,,,stage2_multiclass,2709,S,1,e237b30cbc8d6ee67381d9ea4ad3207f8b74e377ab4b2254e4e2240fbee1a42c,32ad0397afb64dd40c8e24fdd46cceff4f6622c04000ae5edc161e9a78713227,"[0.8055352568626404,0.1944648027420044]",0.1944648027420044,0.5800000000000001,0,False
stage2_multiclass:V:283,,,stage2_multiclass,283,V,1,0822bfecdfa394c7a6da2932a93d1c66c90807854dd2e34ea4f55a1239b1fd64,079689550c7110b9adca4f0985e7aa2f6e66fd6a80281997a1ddcfcd2d53cd6c,"[0.9407961368560791,0.059203874319791794]",0.059203874319791794,0.5800000000000001,0,False
stage2_multiclass:S:2806,,,stage2_multiclass,2806,S,1,a3f45643eb4c5e76bf9e74981346e88224e227babd6e25aa07c98a60ff663280,ccbdc6aa74368f51bf21a18e3a048bb2b4549842333b8fc410db5d8c747fbba5,"[0.8315690159797668,0.16843099892139435]",0.16843099892139435,0.5800000000000001,0,False
stage2_multiclass:S:1479,,,stage2_multiclass,1479,S,1,85d07a06d0cfb5d1565c31f3dc59cfa4551053544b08ab6929d9aaa210fd2747,6a906957b49fc3dda5eebd38922a82cb299fe867e4e3c3fa21941cf6b74bbe9b,"[0.8711596727371216,0.1288403421640396]",0.1288403421640396,0.5800000000000001,0,False
stage2_multiclass:S:5132,,,stage2_multiclass,5132,S,1,1933fab1cf6ee260c95b17883f0dca4608a8cd499a3b97442733f600238fbf4d,d4376e955af96deedb49df23bb167d6b52c0c57fc74bedc68506c1d1a2867821,"[0.8775213956832886,0.12247855216264725]",0.12247855216264725,0.5800000000000001,0,False
stage2_multiclass:S:3638,,,stage2_multiclass,3638,S,1,c58abf22ce91c610548e4c3bcab0ecab0d1f1b45f4b3120192daaadda41d5557,03b9684d30052cf8c02ea34bfc70a600fcab9c26e0ab81aeb4f8d78719d53eed,"[0.5993595123291016,0.40064045786857605]",0.40064045786857605,0.5800000000000001,0,False
stage2_multiclass:V:265,,,stage2_multiclass,265,V,1,9975eb8b2ec880ea2d58eb1722e4e8571c0f05ead4f758300837057b98eb6034,fa08e23694a8f6f4510e267aec20cf63905c02a7641b34d0ec882d40ae516dd3,"[0.7951526641845703,0.20484735071659088]",0.20484735071659088,0.5800000000000001,0,False
stage2_multiclass:F:5866,,,stage2_multiclass,5866,F,1,0198d7ac116f1170a6c06b05bc08b048995d927c5db73f3fb4a399af68a6477f,7896342ad938c23c948b4466edbf4aaaae99e3fd41aa67e87f7f14289fb38231,"[0.7664732933044434,0.23352672159671783]",0.23352672159671783,0.5800000000000001,0,False
stage2_multiclass:V:489,,,stage2_multiclass,489,V,1,a46535c41ffdbfaf5dde77cca5298796f6d2dccfd185c92be1373b108a491921,cf7de94362bee5ab2e9a87bbf34f89dfbba8382659c76362fe6bb6788be3e278,"[0.8451541662216187,0.15484586358070374]",0.15484586358070374,0.5800000000000001,0,False
stage1_binary:N:35,,,stage1_binary,35,N,0,dddbc7847ef86a2260ad26c84bd25a55eb00a08e73e796d5dcb6d3f3caffe00f,fea01321fe54029b4e2522f566a0b9c3c479961e91fb5582c62d4eb1b751a670,"[0.5661616921424866,0.4338383674621582]",0.4338383674621582,0.5800000000000001,0,True
stage2_multiclass:S:1017,,,stage2_multiclass,1017,S,1,22592e3abea1354d767a2476d770be9f776ae2ce605f3cf17ddb0bd821ab8af0,64c4e00234ffa13f77cc7a7154e2c1763df83929f51f23ae0deb08680c791c37,"[0.6597551107406616,0.34024494886398315]",0.34024494886398315,0.5800000000000001,0,False
stage2_multiclass:S:1515,,,stage2_multiclass,1515,S,1,99eea69d3d72954d25fdc43218ad2a19152e333c22f312257c077c9da1400249,f7346fe74b0dc2c24954543cd8bb2d7a9e0973d7a3940fdd8acd3f1b8f2de811,"[0.8654844760894775,0.13451550900936127]",0.13451550900936127,0.5800000000000001,0,False
stage2_multiclass:F:5902,,,stage2_multiclass,5902,F,1,6654f445b6dfcb88fa9d43768c7634a024bacee9928f137f036aac7cd00dee27,58a9a5eb1cc5f85dad2f23a05ca6ac5a082106e8941c09597b1d97307fcfdc85,"[0.4719500243663788,0.5280499458312988]",0.5280499458312988,0.5800000000000001,0,False
stage2_multiclass:F:4154,,,stage2_multiclass,4154,F,1,75a2e34a583c8f48b27b260511288cc73325e91c67b96983498f0a958fabb6da,d98585b31842394a5711f0b30e8fb45f522153f34d8eafba6e6c391ab23053d0,"[0.8276728391647339,0.17232714593410492]",0.17232714593410492,0.5800000000000001,0,False
stage2_multiclass:S:1979,,,stage2_multiclass,1979,S,1,c0b3f76d8abf3ebd6dc8385850e1b085e6b84780a7caf5edd8f66d3245e4ee9b,80731c29fd9a1690200ba149d8967054e77aa1fbaec2f2564ff2a69d0a9b128f,"[0.5510768294334412,0.4489232301712036]",0.4489232301712036,0.5800000000000001,0,False
stage2_multiclass:S:778,,,stage2_multiclass,778,S,1,5b9d00362735ede7543ef878732d0e5e3b7e84d4183aca2b2b2a7e5ce4f0c85b,c4c754029d53e3681d4fc01bc01f4965824c5104df68fb2062939ac4b82c939d,"[0.7824040055274963,0.21759600937366486]",0.21759600937366486,0.5800000000000001,0,False
stage1_binary:N:50,,,stage1_binary,50,N,0,4e529f2934ce2c640706026dc5493d5be5384914068fd33a1c4a51bdc0c96208,9d0dad286f271b6141d14b22c4d1143c548df6de43d8cc2d2552da0937461a31,"[0.5700616240501404,0.429938405752182]",0.429938405752182,0.5800000000000001,0,True
stage2_multiclass:F:4007,,,stage2_multiclass,4007,F,1,519045d31e94ebd4ac903bec4c3d3936ab4dbd416c94950dbb4c1b9fdfb12553,f42c2768008f86f5f38881b1a39ad7e8b1243c1697126e6f42045a96f7188398,"[0.8629069328308105,0.13709303736686707]",0.13709303736686707,0.5800000000000001,0,False
stage1_binary:N:103,,,stage1_binary,103,N,0,41111bd17888fd5b4d01418ac5b3a037b839d8e8e3ec600d7749518fad28d87a,a610f7f261f4638713c5ff2ca2d6cef4cd1b051660f1cc611df3648ed77e5033,"[0.5772165060043335,0.4227834641933441]",0.4227834641933441,0.5800000000000001,0,True
stage2_multiclass:S:5067,,,stage2_multiclass,5067,S,1,974a2836d6aa0780212f8487ad187da7707ffe59e0c6efd0d4a677b84de9c9d9,be60d984d67b3362268ca51a1cfc2babbfb0a6371a65f6de48b7f8a6f5322686,"[0.9222657084465027,0.07773429155349731]",0.07773429155349731,0.5800000000000001,0,False
stage2_multiclass:F:4418,,,stage2_multiclass,4418,F,1,9842504fad55608da2985f606ed094a76b982c5a2eb01ad0213d132bfffd23f8,80c6357f571348b91a1cefacc878c9dc96fcbe75daaa0fe5c677af6d51106fa9,"[0.3816930651664734,0.6183069944381714]",0.6183069944381714,0.5800000000000001,1,True
stage1_binary:N:42,,,stage1_binary,42,N,0,9c8386abfda35945193cfb69d4fa4928333527f36c948414e7fd351487fcb909,36a149d63d4c46d5c2d9274dc8986b83b8283186edfe6a2a2211c98f5920047f,"[0.5822445750236511,0.4177553951740265]",0.4177553951740265,0.5800000000000001,0,True
stage2_multiclass:F:4170,,,stage2_multiclass,4170,F,1,dbf2749d979cbd7ae5fccf17bce68934cd7a5df159c059941457e17777e50443,04b8b70837795ecbc3a54cf2897c10e4762223290671d181c0be1c5abdbf94ff,"[0.8614599108695984,0.1385400891304016]",0.1385400891304016,0.5800000000000001,0,False
stage2_multiclass:V:660,,,stage2_multiclass,660,V,1,e42974dc12ad0884b20e2a7ad3c7102dc0097bc8bb8044ac0380ca7a568c093e,d089a8840a934cfeeb9d06ddcf0a87b9b307b291ee5dbfb4ac6cfd80528a8244,"[0.5011987090110779,0.49880126118659973]",0.49880126118659973,0.5800000000000001,0,False
stage2_multiclass:F:4108,,,stage2_multiclass,4108,F,1,0ec885cb26ef9e93c15bc18864971850f479107d00fe032fa964ebf7b8007e26,0233776df8f52fe6eae181b93105ea83e90f5ad2548aaf83fa34e7465f69dbab,"[0.43004223704338074,0.5699577331542969]",0.5699577331542969,0.5800000000000001,0,False
stage2_multiclass:S:1006,,,stage2_multiclass,1006,S,1,c51eeeb83d4289097f3f1bb0341b6399524db5f0fe4589653ebd9394365760a6,8f44b92dd35298f0806e2c00c98d812123bb0313edaa501d394c9704f7847ec8,"[0.7189022302627563,0.28109776973724365]",0.28109776973724365,0.5800000000000001,0,False
stage2_multiclass:S:5055,,,stage2_multiclass,5055,S,1,e99206c716721fd7a714dedc3c0919d7fb6b1662597f2cfec188bcdbee2568fb,27ecb26b1c319550506f9407df8e5562592fc1b33d755ba01aee2472bafacd29,"[0.9079686403274536,0.0920313149690628]",0.0920313149690628,0.5800000000000001,0,False
stage2_multiclass:F:5683,,,stage2_multiclass,5683,F,1,a3351ae7c19c338ab25284ab73b97724a4002eacb308358176fa9b0fa723f86c,90fc6275a2dfe42cc8edd566568bc7d33c3ce9fa73ecc5cad22a8305c7e3ebd0,"[0.4425288140773773,0.5574712157249451]",0.5574712157249451,0.5800000000000001,0,False
stage2_multiclass:V:597,,,stage2_multiclass,597,V,1,ef3015a96fdd7e74a33a2d62075245aba0984f0c7abaf4896859426f94314811,ab1ee449e54587d04655cdbc199cdb672b9835cf520a485fd71c1791c581f667,"[0.9270269274711609,0.0729731097817421]",0.0729731097817421,0.5800000000000001,0,False
stage2_multiclass:V:407,,,stage2_multiclass,407,V,1,9fc3b25ccf526d35f2f8d2865eedc882fb2f79b83d0bfa1f1a2ad69153d4ee18,26f356e6ea6f630fdb93a99afe6ef3077174678492c02ff52463ccdc171ced49,"[0.9226118326187134,0.07738818973302841]",0.07738818973302841,0.5800000000000001,0,False
stage2_multiclass:S:5129,,,stage2_multiclass,5129,S,1,3c8e40367edc9bb0b93598ed348e818c7f8308a41cfd79fc9f7c5776a23dbb94,26660fca2fd38bfd6867c08b2e8c9746f8498fd14f3af442e6e5d54f3acfec8b,"[0.8786541819572449,0.12134579569101334]",0.12134579569101334,0.5800000000000001,0,False
stage2_multiclass:V:178,,,stage2_multiclass,178,V,1,2ccb3451bd48caa98d1d6fe00571fd8657f45ac8067826bad8065c060627137e,264165061a3dff8e23140d5189068f05d55f11a96487d950d1a17d4d9bce6ae1,"[0.7934315204620361,0.20656846463680267]",0.20656846463680267,0.5800000000000001,0,False
stage2_multiclass:S:2694,,,stage2_multiclass,2694,S,1,66d605af806ddfb62435e0e423dea308cc4f877918d6a75d7a3599be2a4ef40f,b2b29bafb23fd20f9484c0b30b7951d39e7221398ad3d2a718572e7a2091c58f,"[0.8278974294662476,0.17210252583026886]",0.17210252583026886,0.5800000000000001,0,False
stage2_multiclass:S:2767,,,stage2_multiclass,2767,S,1,73f2364c8c408976b50505ec03f0f56413de34255ba53dced7ac1402407079ac,ad8e69181a2769fe14e29a53cfa53d525c45241b8a243351765574e2247ad847,"[0.839572012424469,0.16042795777320862]",0.16042795777320862,0.5800000000000001,0,False
stage2_multiclass:F:4049,,,stage2_multiclass,4049,F,1,3011dab7553329e5c4a55737d973d0db4ea4e53dbcdec306387cbb4f7c523139,47a4ea59f4f2d5c93e975345f057ad8fc070da1fa7fe91005b13aacbac298912,"[0.41320493817329407,0.5867950916290283]",0.5867950916290283,0.5800000000000001,1,True
stage2_multiclass:S:13,,,stage2_multiclass,13,S,1,8c78e8f5a1cdacd01c47c75378adac37264a2afa64138f1bf04f619bf686df3c,05ae4837a2407d9dc44108e4affca6ec497e3c455576411cb4e26b6b7be8d62d,"[0.571259617805481,0.42874041199684143]",0.42874041199684143,0.5800000000000001,0,False
stage2_multiclass:S:5086,,,stage2_multiclass,5086,S,1,1c38d73091d59da773778138f7d81fa790336cddda5c3fd8c343483fc81acdc7,cc184b233a302f50a615558df3591a263de603cd58e4599bab1f3ddc510d511d,"[0.8801771998405457,0.11982274800539017]",0.11982274800539017,0.5800000000000001,0,False
stage2_multiclass:F:4156,,,stage2_multiclass,4156,F,1,c5a32bcb512b399cf38eb90c2db0daf753e911ad1f3ae416e41b45881e14691e,9e4eb52afbb31424cb464732510890c95a18419b4e86631b26fa6210efef83b8,"[0.8671191930770874,0.13288083672523499]",0.13288083672523499,0.5800000000000001,0,False
stage2_multiclass:F:4306,,,stage2_multiclass,4306,F,1,ad40b06ca40fdda0cbed3965f0adab8ea2c730aa6f9e45d670b4e29588b9ff84,1f94f9c1814118994b16b53368c8d4c1cde3660606534c1639d8db79db586570,"[0.5586414933204651,0.44135841727256775]",0.44135841727256775,0.5800000000000001,0,False
stage2_multiclass:F:5884,,,stage2_multiclass,5884,F,1,b041c2d700ec76d38c4b2224c8696eccd42a8dc2ab3d62bf75212a53f051e19d,9b0a7461c854186864af0a4af1ae32aa33ccdb8eadb269b7bcb39b3f5c697ce3,"[0.8077606558799744,0.19223937392234802]",0.19223937392234802,0.5800000000000001,0,False
stage2_multiclass:V:243,,,stage2_multiclass,243,V,1,cd50b2521f94eb0190019baba1dff79a0f6fb33d4645c971129764e50ee3c944,e0ad21caaf8d5ba4ab0c4ded9e5d63a40acd8ccdb53d7be99731e4545c93d536,"[0.9123018980026245,0.0876980572938919]",0.0876980572938919,0.5800000000000001,0,False
stage2_multiclass:F:4412,,,stage2_multiclass,4412,F,1,051d632d7b4ec9358006f05935ef6a5b2213f1ac58616b9b2c8ab06b12152683,1c7dc6c7e04ce31950b1b9d51244edb721cc9fd47bc5e4903c1d434701fd894f,"[0.7314697504043579,0.2685302197933197]",0.2685302197933197,0.5800000000000001,0,False
