/* AUTOGENERATED BY Project-Lewis — DO NOT EDIT */
#ifndef STAGE1_INT8_V2_0_TFLITE_H
#define STAGE1_INT8_V2_0_TFLITE_H

#ifdef __cplusplus
extern "C" {
#endif

#include <stddef.h>
#include <stdint.h>

/* Model metadata */
#define STAGE1_INT8_V2_0_VERSION "2.0.0"
#define STAGE1_INT8_V2_0_SHA256 "42d785e88c79c6ea2e2316cf6f985ad34aea0e73bb2efc07a54920bd767c6fb4"
#define STAGE1_INT8_V2_0_GENERATED_AT "2026-07-12T02:42:23Z"

__attribute__((section(".rodata.model"), aligned(16)))
static const unsigned char stage1_int8_v2_0_tflite[] = {
    0x20, 0x00, 0x00, 0x00, 0x54, 0x46, 0x4c, 0x33, 0x00, 0x00, 0x00, 0x00,
    0x14, 0x00, 0x20, 0x00, 0x1c, 0x00, 0x18, 0x00, 0x14, 0x00, 0x10, 0x00,
    0x0c, 0x00, 0x00, 0x00, 0x08, 0x00, 0x04, 0x00, 0x14, 0x00, 0x00, 0x00,
    0x1c, 0x00, 0x00, 0x00, 0x84, 0x00, 0x00, 0x00, 0xdc, 0x00, 0x00, 0x00,
    0x54, 0x39, 0x00, 0x00, 0x64, 0x39, 0x00, 0x00, 0xa8, 0x69, 0x00, 0x00,
    0x03, 0x00, 0x00, 0x00, 0x01, 0x00, 0x00, 0x00, 0x04, 0x00, 0x00, 0x00,
    0x4a, 0xc2, 0xff, 0xff, 0x0c, 0x00, 0x00, 0x00, 0x1c, 0x00, 0x00, 0x00,
    0x3c, 0x00, 0x00, 0x00, 0x0f, 0x00, 0x00, 0x00, 0x73, 0x65, 0x72, 0x76,
    0x69, 0x6e, 0x67, 0x5f, 0x64, 0x65, 0x66, 0x61, 0x75, 0x6c, 0x74, 0x00,
    0x01, 0x00, 0x00, 0x00, 0x04, 0x00, 0x00, 0x00, 0x98, 0xff, 0xff, 0xff,
    0x28, 0x00, 0x00, 0x00, 0x04, 0x00, 0x00, 0x00, 0x08, 0x00, 0x00, 0x00,
    0x6f, 0x75, 0x74, 0x70, 0x75, 0x74, 0x5f, 0x30, 0x00, 0x00, 0x00, 0x00,
    0x01, 0x00, 0x00, 0x00, 0x04, 0x00, 0x00, 0x00, 0x4e, 0xc6, 0xff, 0xff,
    0x04, 0x00, 0x00, 0x00, 0x05, 0x00, 0x00, 0x00, 0x69, 0x6e, 0x70, 0x75,
    0x74, 0x00, 0x00, 0x00, 0x02, 0x00, 0x00, 0x00, 0x34, 0x00, 0x00, 0x00,
    0x04, 0x00, 0x00, 0x00, 0xdc, 0xff, 0xff, 0xff, 0x2b, 0x00, 0x00, 0x00,
    0x04, 0x00, 0x00, 0x00, 0x13, 0x00, 0x00, 0x00, 0x43, 0x4f, 0x4e, 0x56,
    0x45, 0x52, 0x53, 0x49, 0x4f, 0x4e, 0x5f, 0x4d, 0x45, 0x54, 0x41, 0x44,
    0x41, 0x54, 0x41, 0x00, 0x08, 0x00, 0x0c, 0x00, 0x08, 0x00, 0x04, 0x00,
    0x08, 0x00, 0x00, 0x00, 0x2a, 0x00, 0x00, 0x00, 0x04, 0x00, 0x00, 0x00,
    0x13, 0x00, 0x00, 0x00, 0x6d, 0x69, 0x6e, 0x5f, 0x72, 0x75, 0x6e, 0x74,
    0x69, 0x6d, 0x65, 0x5f, 0x76, 0x65, 0x72, 0x73, 0x69, 0x6f, 0x6e, 0x00,
    0x2c, 0x00, 0x00, 0x00, 0x74, 0x38, 0x00, 0x00, 0x6c, 0x38, 0x00, 0x00,
    0x58, 0x38, 0x00, 0x00, 0x3c, 0x38, 0x00, 0x00, 0x28, 0x38, 0x00, 0x00,
    0x0c, 0x38, 0x00, 0x00, 0xf0, 0x37, 0x00, 0x00, 0xd4, 0x37, 0x00, 0x00,
    0xb8, 0x37, 0x00, 0x00, 0x9c, 0x37, 0x00, 0x00, 0x84, 0x37, 0x00, 0x00,
    0xf4, 0x36, 0x00, 0x00, 0xe4, 0x35, 0x00, 0x00, 0xd4, 0x25, 0x00, 0x00,
    0xc4, 0x24, 0x00, 0x00, 0xb4, 0x0c, 0x00, 0x00, 0x24, 0x0c, 0x00, 0x00,
    0x14, 0x02, 0x00, 0x00, 0xc4, 0x01, 0x00, 0x00, 0x44, 0x01, 0x00, 0x00,
    0x3c, 0x01, 0x00, 0x00, 0x34, 0x01, 0x00, 0x00, 0x2c, 0x01, 0x00, 0x00,
    0x24, 0x01, 0x00, 0x00, 0x1c, 0x01, 0x00, 0x00, 0x14, 0x01, 0x00, 0x00,
    0x0c, 0x01, 0x00, 0x00, 0x04, 0x01, 0x00, 0x00, 0xfc, 0x00, 0x00, 0x00,
    0xf4, 0x00, 0x00, 0x00, 0xec, 0x00, 0x00, 0x00, 0xe4, 0x00, 0x00, 0x00,
    0xdc, 0x00, 0x00, 0x00, 0xd4, 0x00, 0x00, 0x00, 0xcc, 0x00, 0x00, 0x00,
    0xc4, 0x00, 0x00, 0x00, 0xbc, 0x00, 0x00, 0x00, 0xb4, 0x00, 0x00, 0x00,
    0xac, 0x00, 0x00, 0x00, 0xa4, 0x00, 0x00, 0x00, 0x9c, 0x00, 0x00, 0x00,
    0x94, 0x00, 0x00, 0x00, 0x74, 0x00, 0x00, 0x00, 0x04, 0x00, 0x00, 0x00,
    0x72, 0xc7, 0xff, 0xff, 0x04, 0x00, 0x00, 0x00, 0x60, 0x00, 0x00, 0x00,
    0x0c, 0x00, 0x00, 0x00, 0x08, 0x00, 0x0e, 0x00, 0x08, 0x00, 0x04, 0x00,
    0x08, 0x00, 0x00, 0x00, 0x10, 0x00, 0x00, 0x00, 0x28, 0x00, 0x00, 0x00,
    0x00, 0x00, 0x06, 0x00, 0x08, 0x00, 0x04, 0x00, 0x06, 0x00, 0x00, 0x00,
    0x04, 0x00, 0x00, 0x00, 0x01, 0x00, 0x00, 0x00, 0xeb, 0x03, 0x00, 0x00,
    0x0c, 0x00, 0x18, 0x00, 0x14, 0x00, 0x10, 0x00, 0x0c, 0x00, 0x04, 0x00,
    0x0c, 0x00, 0x00, 0x00, 0x3f, 0x5b, 0x5d, 0x20, 0xde, 0xd0, 0x8d, 0x3f,
    0x02, 0x00, 0x00, 0x00, 0x02, 0x00, 0x00, 0x00, 0x04, 0x00, 0x00, 0x00,
    0x06, 0x00, 0x00, 0x00, 0x32, 0x2e, 0x32, 0x31, 0x2e, 0x30, 0x00, 0x00,
    0xde, 0xc7, 0xff, 0xff, 0x04, 0x00, 0x00, 0x00, 0x10, 0x00, 0x00, 0x00,
    0x31, 0x2e, 0x31, 0x34, 0x2e, 0x30, 0x00, 0x00, 0x00, 0x00, 0x00, 0x00,
    0x00, 0x00, 0x00, 0x00, 0x28, 0x99, 0xff, 0xff, 0x2c, 0x99, 0xff, 0xff,
    0x30, 0x99, 0xff, 0xff, 0x34, 0x99, 0xff, 0xff, 0x38, 0x99, 0xff, 0xff,
    0x3c, 0x99, 0xff, 0xff, 0x40, 0x99, 0xff, 0xff, 0x44, 0x99, 0xff, 0xff,
    0x48, 0x99, 0xff, 0xff, 0x4c, 0x99, 0xff, 0xff, 0x50, 0x99, 0xff, 0xff,
    0x54, 0x99, 0xff, 0xff, 0x58, 0x99, 0xff, 0xff, 0x5c, 0x99, 0xff, 0xff,
    0x60, 0x99, 0xff, 0xff, 0x64, 0x99, 0xff, 0xff, 0x68, 0x99, 0xff, 0xff,
    0x6c, 0x99, 0xff, 0xff, 0x70, 0x99, 0xff, 0xff, 0x74, 0x99, 0xff, 0xff,
    0x78, 0x99, 0xff, 0xff, 0x7c, 0x99, 0xff, 0xff, 0x52, 0xc8, 0xff, 0xff,
    0x04, 0x00, 0x00, 0x00, 0x70, 0x00, 0x00, 0x00, 0x54, 0x81, 0x97, 0x99,
    0xca, 0xab, 0x44, 0x1b, 0x9c, 0xe5, 0x31, 0x46, 0x7f, 0x63, 0xd4, 0x02,
    0xc0, 0x21, 0xcc, 0x81, 0xd9, 0x5c, 0x89, 0x96, 0xf3, 0xdd, 0xc0, 0x81,
    0x87, 0x83, 0x21, 0x93, 0x54, 0xdb, 0x7f, 0x27, 0x4f, 0x97, 0x81, 0x36,
    0x86, 0x38, 0x7f, 0x70, 0x33, 0x4d, 0x31, 0x59, 0x0b, 0xa7, 0xc5, 0x33,
    0x73, 0x7f, 0x71, 0xc0, 0x3e, 0x7f, 0xb8, 0xff, 0x4b, 0x04, 0x93, 0x2a,
    0x81, 0x10, 0xb8, 0x98, 0xfe, 0x41, 0x94, 0xeb, 0xcc, 0x83, 0x0e, 0xf7,
    0x81, 0xe8, 0x00, 0xd4, 0x81, 0x8c, 0x1c, 0xcc, 0x7f, 0x12, 0x7b, 0x45,
    0x76, 0xf4, 0x5d, 0xf2, 0x9a, 0xe5, 0x73, 0x4e, 0x81, 0xf3, 0xff, 0x9e,
    0x09, 0xd2, 0x0f, 0x7c, 0x81, 0x4f, 0x7f, 0xd6, 0x3d, 0xc2, 0xe8, 0x2c,
    0xce, 0xc8, 0xff, 0xff, 0x04, 0x00, 0x00, 0x00, 0x40, 0x00, 0x00, 0x00,
    0xb1, 0xff, 0xff, 0xff, 0x9b, 0x03, 0x00, 0x00, 0x32, 0xfe, 0xff, 0xff,
    0xda, 0xfe, 0xff, 0xff, 0x87, 0xfe, 0xff, 0xff, 0x48, 0xfb, 0xff, 0xff,
    0x6e, 0x01, 0x00, 0x00, 0xe0, 0x02, 0x00, 0x00, 0x23, 0xff, 0xff, 0xff,
    0x79, 0x02, 0x00, 0x00, 0x28, 0xfe, 0xff, 0xff, 0x02, 0xff, 0xff, 0xff,
    0xec, 0x01, 0x00, 0x00, 0x31, 0x02, 0x00, 0x00, 0x70, 0x02, 0x00, 0x00,
    0x68, 0x03, 0x00, 0x00, 0x1a, 0xc9, 0xff, 0xff, 0x04, 0x00, 0x00, 0x00,
    0x00, 0x0a, 0x00, 0x00, 0x63, 0x2f, 0x28, 0x25, 0x27, 0xbc, 0xc4, 0xb8,
    0x24, 0x16, 0x15, 0xfd, 0x0c, 0xe4, 0xfe, 0xeb, 0xd6, 0x36, 0x3c, 0xf4,
    0x25, 0x01, 0xca, 0xfc, 0xe5, 0x19, 0xda, 0xd8, 0xc4, 0xbe, 0xf2, 0x06,
    0xd6, 0x2d, 0xea, 0xb3, 0xff, 0xd4, 0xc3, 0xf4, 0xac, 0xa5, 0x04, 0x18,
    0x38, 0x81, 0xc2, 0xdd, 0xc9, 0x1a, 0xf4, 0x07, 0x04, 0x24, 0xed, 0x04,
    0xb5, 0xf1, 0xe6, 0xbd, 0x3f, 0xc8, 0xf5, 0xb0, 0x33, 0x0b, 0xd3, 0x04,
    0x14, 0xc5, 0x2f, 0xd3, 0x03, 0x9b, 0x29, 0xe2, 0x1d, 0xca, 0xc4, 0xdc,
    0xbe, 0x2c, 0xd2, 0xae, 0xd7, 0xdb, 0x11, 0xcf, 0xb1, 0xb9, 0x96, 0xa7,
    0x22, 0x98, 0xb1, 0xe9, 0xc5, 0xc8, 0x1b, 0xf2, 0xb5, 0xbc, 0xd9, 0xf3,
    0xbc, 0xb7, 0xcc, 0x8a, 0xc2, 0xe1, 0x81, 0xce, 0x06, 0xe4, 0xf3, 0x12,
    0x0b, 0xd6, 0xe0, 0xe3, 0xae, 0x2c, 0xa5, 0xac, 0xee, 0xe8, 0xdf, 0xe7,
    0xc4, 0x2a, 0xdf, 0xcb, 0xec, 0xc4, 0x15, 0x49, 0xd1, 0xc9, 0xea, 0x08,
    0x0b, 0x09, 0x16, 0x1b, 0x13, 0x4c, 0xd0, 0x1a, 0x54, 0x0d, 0x32, 0x28,
    0xfa, 0x0f, 0xe1, 0x14, 0x2b, 0xc5, 0xd0, 0xd0, 0x24, 0xe7, 0x0a, 0x1b,
    0xda, 0xf3, 0xb3, 0xee, 0xe4, 0xcd, 0xe8, 0xce, 0xbd, 0xd6, 0xdc, 0x91,
    0xc2, 0xdc, 0x0a, 0xe9, 0xb1, 0x03, 0xfb, 0x43, 0x1e, 0xd4, 0xc5, 0xc2,
    0x04, 0x43, 0x30, 0xc5, 0xeb, 0xd3, 0x1d, 0xf9, 0x0e, 0x40, 0x1b, 0xd9,
    0xf0, 0xed, 0xf6, 0x21, 0x34, 0x11, 0xd6, 0x08, 0x02, 0x39, 0x71, 0x17,
    0xe1, 0x18, 0xc6, 0xb3, 0x36, 0x13, 0x6a, 0x2e, 0xf1, 0xf5, 0xe2, 0x4e,
    0x1a, 0xe9, 0x11, 0x30, 0x00, 0x4a, 0xed, 0x37, 0x7f, 0xfc, 0xfe, 0x44,
    0xe9, 0xd0, 0xd9, 0xf9, 0x17, 0x93, 0xb7, 0x1e, 0xea, 0x0b, 0x59, 0xfe,
    0x1d, 0x06, 0x87, 0xbf, 0x4a, 0xf8, 0x0b, 0x47, 0x14, 0xa0, 0xca, 0x30,
    0x81, 0x4f, 0x4b, 0xd8, 0xdc, 0x00, 0x3c, 0x92, 0xb6, 0x37, 0xf2, 0x28,
    0x4f, 0x16, 0x5f, 0x30, 0x9b, 0xed, 0xb3, 0xea, 0x19, 0x3e, 0x87, 0xdd,
    0xa1, 0xe7, 0x00, 0xf2, 0xb1, 0x54, 0x45, 0xaf, 0x7e, 0xbe, 0xae, 0xc5,
    0xa7, 0x10, 0x59, 0x33, 0x48, 0x8c, 0x30, 0x2d, 0xb4, 0xa8, 0x00, 0x3a,
    0x71, 0x15, 0x9b, 0x5c, 0xe4, 0x4b, 0xab, 0x18, 0x37, 0x32, 0xae, 0x0c,
    0x30, 0x91, 0x32, 0x1f, 0xf3, 0xd8, 0x04, 0xa6, 0x81, 0x23, 0x25, 0x2e,
    0x1c, 0x3e, 0xf8, 0xec, 0x47, 0xe2, 0xd6, 0x02, 0x38, 0xe3, 0xd6, 0xcd,
    0xff, 0x35, 0x4a, 0x27, 0xe6, 0x07, 0x38, 0xca, 0x2a, 0x98, 0x43, 0xfc,
    0x40, 0x8f, 0xea, 0xd2, 0xf9, 0xc6, 0x19, 0x09, 0xcf, 0xf3, 0xeb, 0x0b,
    0x4a, 0x86, 0x12, 0x02, 0x45, 0x87, 0x05, 0xaa, 0xac, 0xe8, 0xf3, 0x21,
    0xe5, 0xc9, 0xd8, 0x97, 0xff, 0x9d, 0x40, 0xca, 0xf9, 0x9c, 0xb1, 0x8e,
    0xd0, 0xeb, 0xdd, 0x35, 0xa3, 0xfe, 0xd7, 0xa7, 0xd5, 0xab, 0xe4, 0xec,
    0x28, 0x7f, 0x2b, 0xee, 0x57, 0xbb, 0x35, 0x42, 0xf2, 0xf8, 0xef, 0x09,
    0x55, 0xe6, 0xd4, 0x37, 0xd5, 0x4d, 0xe0, 0xce, 0xe3, 0x62, 0xd5, 0xe3,
    0xcc, 0x12, 0x21, 0xd9, 0x3a, 0x2f, 0xdb, 0x00, 0x76, 0x58, 0x07, 0xfe,
    0xbd, 0xd5, 0x35, 0xf7, 0xd4, 0x0e, 0xcc, 0xb2, 0xd3, 0x42, 0xd5, 0x2c,
    0x7a, 0x46, 0xb5, 0x30, 0x2d, 0xff, 0xf7, 0xd5, 0x2e, 0xc5, 0xb0, 0x91,
    0xdf, 0x09, 0xe7, 0xbc, 0x40, 0x1d, 0x25, 0x25, 0xdc, 0xb1, 0xa4, 0x9e,
    0x04, 0xeb, 0xd6, 0xab, 0x18, 0xd1, 0x33, 0x01, 0xf5, 0xa3, 0x91, 0xf9,
    0xbd, 0x09, 0x97, 0xce, 0x95, 0x52, 0xfa, 0x62, 0xdb, 0x46, 0x35, 0xe6,
    0xae, 0x1c, 0xcf, 0x05, 0x3a, 0xea, 0x98, 0xe3, 0xbb, 0x15, 0x43, 0x5e,
    0x38, 0xbc, 0x32, 0x0f, 0xe7, 0x45, 0xcb, 0xe6, 0xfd, 0x57, 0x90, 0xf3,
    0xc0, 0x25, 0x50, 0x76, 0x46, 0xc1, 0x1d, 0x0f, 0x1b, 0xcd, 0xad, 0x42,
    0x30, 0x3d, 0xb6, 0xaf, 0xe3, 0x2f, 0x3b, 0x35, 0xa0, 0x29, 0xa1, 0x13,
    0xfa, 0xcc, 0x0c, 0xc5, 0x81, 0x06, 0xcc, 0x13, 0xbd, 0xf7, 0xc1, 0x3f,
    0xda, 0xdd, 0xf0, 0xe6, 0xc3, 0x32, 0x52, 0x09, 0x5e, 0x81, 0xac, 0xef,
    0x3d, 0x9e, 0xb0, 0x47, 0xc1, 0xfc, 0xbc, 0x4c, 0x98, 0xe0, 0x17, 0xb9,
    0x5f, 0xcd, 0x14, 0xd9, 0xd5, 0x83, 0x9f, 0x2f, 0xdd, 0xee, 0x45, 0xfe,
    0xd2, 0x5b, 0xbf, 0x04, 0x4c, 0xc0, 0xca, 0xec, 0xb4, 0xee, 0xd5, 0x26,
    0x38, 0xae, 0x33, 0xd5, 0x4c, 0x58, 0xd1, 0xa7, 0xeb, 0x42, 0x32, 0x56,
    0x23, 0x0a, 0xc9, 0x09, 0x18, 0x9e, 0x40, 0x23, 0xff, 0x5f, 0xec, 0xe3,
    0x00, 0x20, 0x1f, 0x4b, 0xb9, 0x2b, 0x2d, 0xbe, 0xa1, 0xce, 0xa8, 0x3b,
    0xad, 0x61, 0x46, 0x2c, 0x3b, 0xc6, 0xe6, 0xd0, 0x2e, 0x12, 0xc3, 0x43,
    0x38, 0x19, 0xb8, 0xd0, 0x04, 0x34, 0x00, 0xc3, 0x6c, 0xc8, 0xbb, 0x06,
    0xf0, 0x81, 0xb4, 0x68, 0x4c, 0xb1, 0xbb, 0x4a, 0xac, 0x44, 0x31, 0xbc,
    0x0d, 0x0a, 0xda, 0x11, 0xd4, 0xb4, 0x15, 0x18, 0x4f, 0xe8, 0x00, 0xf5,
    0xfc, 0x12, 0x04, 0xc5, 0x47, 0x2b, 0x49, 0xcb, 0xcc, 0xb9, 0xf6, 0x07,
    0x42, 0x04, 0x17, 0x24, 0xe5, 0x5e, 0x12, 0x08, 0x1a, 0x03, 0xe4, 0x34,
    0xa4, 0xcc, 0x2e, 0xb1, 0xd6, 0x29, 0xe4, 0xd6, 0xba, 0x3a, 0x15, 0x16,
    0x7f, 0xaa, 0x05, 0x18, 0x41, 0x0a, 0xa8, 0x10, 0xe7, 0xb0, 0x10, 0xf6,
    0x1b, 0xee, 0xef, 0x13, 0x5a, 0xc1, 0xc5, 0x29, 0xd1, 0x18, 0xc5, 0x4d,
    0xff, 0x16, 0x3b, 0x03, 0xff, 0x2c, 0xb2, 0xfb, 0xdd, 0x30, 0x33, 0xd5,
    0x29, 0xcf, 0x00, 0xe8, 0x37, 0xbd, 0xec, 0xbf, 0x17, 0x12, 0x24, 0x1d,
    0xb0, 0xdd, 0xda, 0x39, 0xc8, 0xe0, 0x29, 0xb1, 0x2b, 0xff, 0xc4, 0x17,
    0x53, 0xc6, 0xd9, 0x1c, 0xc9, 0x42, 0xc8, 0xe6, 0x15, 0x2a, 0xef, 0xd3,
    0xb9, 0xf0, 0x25, 0xa0, 0x9f, 0x3b, 0x0f, 0xca, 0xdb, 0x0d, 0x44, 0x26,
    0x15, 0xbe, 0xd2, 0xb6, 0xa1, 0xc1, 0xe7, 0x1b, 0xb4, 0xe8, 0x16, 0x95,
    0x48, 0x42, 0xa9, 0x05, 0xec, 0xe2, 0xe2, 0xd3, 0xee, 0xb8, 0xbf, 0x1e,
    0xc7, 0xe0, 0xe6, 0xa2, 0x28, 0xd5, 0xb0, 0x53, 0xb4, 0x3b, 0xac, 0x1c,
    0x2f, 0x4b, 0xf0, 0xfc, 0x20, 0x5c, 0xb5, 0x3d, 0xf1, 0x13, 0x65, 0x35,
    0x9e, 0x81, 0xbc, 0x1f, 0xf9, 0x11, 0xb7, 0xf8, 0x2d, 0xdb, 0xad, 0xbc,
    0x38, 0x30, 0xc3, 0xd0, 0x4e, 0xc1, 0xae, 0x02, 0x10, 0xe1, 0x40, 0xf8,
    0x04, 0xba, 0xdf, 0xe5, 0x88, 0xf9, 0x38, 0x18, 0xd3, 0x21, 0xfb, 0x9c,
    0xfd, 0x89, 0x39, 0x38, 0x41, 0x94, 0x12, 0xa3, 0xd1, 0xe7, 0xe4, 0x2a,
    0x1a, 0x09, 0xe3, 0xa7, 0x38, 0x81, 0xe9, 0x38, 0x10, 0xe6, 0x28, 0x90,
    0x24, 0x0e, 0x22, 0x13, 0xf2, 0x10, 0x3a, 0xea, 0x18, 0xb0, 0xde, 0x04,
    0x18, 0xe3, 0xbd, 0xca, 0xd1, 0x06, 0x36, 0x27, 0xcc, 0x28, 0xe4, 0x99,
    0xf5, 0xb2, 0x2f, 0x23, 0xf7, 0xa0, 0xbc, 0xd7, 0xa4, 0x1e, 0x06, 0x26,
    0xa0, 0xf9, 0x2f, 0xee, 0x16, 0x16, 0x41, 0x02, 0x0c, 0xdf, 0xe7, 0xf4,
    0xec, 0x58, 0x1a, 0x41, 0xa0, 0x06, 0x0e, 0xdc, 0x0b, 0xed, 0x29, 0x40,
    0xed, 0xb5, 0xb4, 0x3d, 0x81, 0x5d, 0xbd, 0x04, 0xcc, 0x35, 0x43, 0x44,
    0x19, 0x42, 0xc3, 0xe6, 0x1d, 0xcf, 0xc2, 0x09, 0xc2, 0x18, 0x1b, 0x3b,
    0x19, 0x09, 0x45, 0xba, 0xbd, 0x30, 0x0e, 0xee, 0x2b, 0x82, 0x16, 0x2c,
    0x35, 0x5e, 0x3e, 0xe2, 0x95, 0xfc, 0xcd, 0x33, 0x47, 0xee, 0xf2, 0x4f,
    0x08, 0xfa, 0xac, 0xac, 0xe4, 0xf3, 0xdb, 0x01, 0xce, 0x37, 0x2c, 0xf5,
    0xec, 0x4e, 0xc4, 0xab, 0x09, 0xca, 0xac, 0x21, 0xb7, 0xbc, 0xca, 0xcd,
    0xef, 0xff, 0xc7, 0xe4, 0xa8, 0xbf, 0x39, 0xd8, 0x92, 0x50, 0xc8, 0x4a,
    0xae, 0xe0, 0x0c, 0x12, 0xaa, 0x33, 0x00, 0xe8, 0x27, 0xcd, 0xd8, 0x39,
    0x8c, 0xf1, 0xc3, 0xd2, 0xe3, 0x2a, 0xfd, 0xcc, 0x13, 0xd8, 0x04, 0x1f,
    0x57, 0x0d, 0x2c, 0x0b, 0xae, 0x7f, 0x08, 0xd3, 0x57, 0xfa, 0x62, 0x5d,
    0x3e, 0x1c, 0xe4, 0x04, 0x5e, 0xf3, 0x38, 0x33, 0x38, 0x39, 0xff, 0xc5,
    0x4f, 0x1a, 0x0b, 0x57, 0x07, 0xf3, 0x1e, 0x33, 0xf8, 0x9d, 0xef, 0x86,
    0xc2, 0x16, 0xcb, 0xff, 0xb7, 0x6f, 0x0b, 0x02, 0x34, 0x75, 0x90, 0x63,
    0xf2, 0xae, 0x0f, 0xa5, 0xb5, 0x3f, 0x7b, 0x4d, 0xd9, 0x4f, 0x3f, 0xf5,
    0x43, 0x2a, 0x55, 0x9c, 0xd2, 0x50, 0xa5, 0xf4, 0x50, 0xed, 0x7f, 0xf1,
    0x56, 0x43, 0x1d, 0xf5, 0x09, 0x5f, 0x91, 0x4b, 0xab, 0x36, 0x0a, 0x86,
    0x67, 0xc1, 0x94, 0x35, 0x59, 0xd3, 0xf8, 0xbe, 0x15, 0xd4, 0x1e, 0x5e,
    0x57, 0x5e, 0x27, 0xb9, 0xa8, 0x33, 0x46, 0x34, 0x1d, 0xc0, 0xa4, 0xb3,
    0x4d, 0xcd, 0xba, 0x38, 0xef, 0xc6, 0xdb, 0x08, 0x1f, 0xfd, 0xb4, 0xa8,
    0x36, 0x3a, 0x11, 0x21, 0xcf, 0xd9, 0xde, 0xb1, 0xf2, 0x07, 0xfd, 0x4a,
    0x4f, 0x3f, 0xa4, 0xc6, 0xe6, 0x62, 0xf3, 0x1b, 0x09, 0x1f, 0xf3, 0xd9,
    0xe4, 0xe9, 0xe1, 0x3e, 0x7f, 0x0a, 0x42, 0xdd, 0x25, 0x08, 0x47, 0xe2,
    0xe2, 0xd2, 0x07, 0x03, 0x27, 0x29, 0xe5, 0xc5, 0x2f, 0xf2, 0xf7, 0x2b,
    0xcd, 0xc8, 0xfe, 0x2b, 0x4b, 0xcf, 0x98, 0xd8, 0xe1, 0x1b, 0xba, 0xca,
    0x41, 0x15, 0xee, 0x4d, 0xed, 0xdd, 0xed, 0xa4, 0x1a, 0xd7, 0xa3, 0xac,
    0x2b, 0xca, 0x10, 0xf5, 0xb8, 0xec, 0xfe, 0x45, 0x81, 0xee, 0xfe, 0x57,
    0xfe, 0xf9, 0x34, 0x58, 0xf7, 0x56, 0x20, 0x90, 0x2f, 0x36, 0xdc, 0x51,
    0x94, 0xac, 0x43, 0x05, 0x41, 0xae, 0x38, 0x41, 0xbe, 0x25, 0x97, 0xd7,
    0x21, 0xdc, 0x0a, 0xad, 0xe9, 0xc7, 0xd1, 0xdc, 0xcb, 0x62, 0x20, 0x30,
    0x00, 0x40, 0x96, 0x45, 0xce, 0xc2, 0x14, 0x63, 0x3c, 0xe5, 0xca, 0xb5,
    0xaa, 0x0a, 0xa8, 0x10, 0x24, 0xe0, 0x82, 0x93, 0xa3, 0xb2, 0x3a, 0x20,
    0xc9, 0x48, 0xcf, 0xf9, 0x03, 0x24, 0x47, 0x06, 0x3a, 0xa5, 0x0c, 0x50,
    0xf7, 0xdc, 0xe9, 0xdb, 0xcc, 0x04, 0x17, 0x3d, 0xce, 0xdc, 0x40, 0x98,
    0x29, 0xcf, 0x0f, 0xfe, 0x35, 0x9b, 0x52, 0x0d, 0xd7, 0x28, 0x2b, 0xf7,
    0xde, 0xe3, 0x24, 0xd3, 0x08, 0x8e, 0x2e, 0xe8, 0x41, 0xb2, 0xf7, 0xfb,
    0xdf, 0xd3, 0x01, 0x53, 0xf0, 0x16, 0x25, 0x01, 0x0a, 0xde, 0x16, 0x37,
    0xd9, 0xf1, 0xef, 0x81, 0x30, 0x03, 0x11, 0xe6, 0xfa, 0xf4, 0x38, 0xb6,
    0xd2, 0xb7, 0xd7, 0xfd, 0x26, 0xad, 0x92, 0xc9, 0x10, 0x48, 0xdc, 0x4c,
    0xb6, 0x04, 0x23, 0x93, 0xad, 0x22, 0x18, 0xbc, 0xaf, 0x10, 0xf0, 0x15,
    0x7f, 0xbb, 0xbe, 0xe9, 0x52, 0xbd, 0x8a, 0x44, 0xd0, 0x18, 0xf6, 0x41,
    0x01, 0xf4, 0x47, 0xc3, 0x47, 0x03, 0xe0, 0xee, 0x0d, 0xbe, 0x07, 0x33,
    0x2c, 0xbf, 0xe5, 0xd9, 0x0a, 0x40, 0xe1, 0x29, 0x2b, 0xe3, 0xd8, 0x21,
    0x30, 0x08, 0xbd, 0xeb, 0x23, 0xaa, 0x08, 0x2b, 0xf5, 0x38, 0xf7, 0xb0,
    0x15, 0x3f, 0x2b, 0x39, 0xe3, 0xc0, 0x35, 0x1c, 0xe4, 0x1f, 0xc9, 0x34,
    0x60, 0x33, 0xfb, 0xc2, 0xca, 0x47, 0x1e, 0x24, 0xbd, 0xbf, 0x0b, 0xd2,
    0x09, 0x08, 0x29, 0x24, 0xca, 0xc9, 0xed, 0x18, 0x7f, 0xfe, 0xef, 0x37,
    0xd0, 0xed, 0x0e, 0xef, 0xff, 0xc7, 0xf7, 0x30, 0xef, 0xe7, 0xd9, 0xdd,
    0x59, 0x06, 0xe7, 0x1c, 0xe8, 0x02, 0xe9, 0xd2, 0xfa, 0x08, 0x2a, 0xd6,
    0x14, 0xf1, 0xfe, 0xc4, 0x14, 0x21, 0xfd, 0x2b, 0x1b, 0x2a, 0x0b, 0xca,
    0x2d, 0xf1, 0x28, 0xcc, 0x20, 0xcf, 0xee, 0x05, 0xea, 0xd7, 0xda, 0xd4,
    0x2a, 0xe8, 0xe9, 0xbf, 0x2b, 0x07, 0xf9, 0xc7, 0x37, 0xa7, 0xe8, 0x38,
    0xf7, 0xf2, 0x1c, 0x19, 0x30, 0xd1, 0xed, 0xbc, 0x20, 0x58, 0x27, 0xb1,
    0x15, 0x06, 0x26, 0xa3, 0xf7, 0xf3, 0xe3, 0xc2, 0x5d, 0xd9, 0x81, 0x04,
    0x1a, 0xd6, 0x12, 0xee, 0x2c, 0xc0, 0xc0, 0x2b, 0xc8, 0x82, 0x10, 0xc0,
    0x4a, 0x0e, 0x99, 0xc1, 0xf0, 0x33, 0x1a, 0xdb, 0x94, 0x40, 0x08, 0xa2,
    0x58, 0xf6, 0xb1, 0xae, 0xde, 0xc1, 0x90, 0xbf, 0x61, 0xf3, 0x17, 0x06,
    0x1e, 0x45, 0x50, 0xcb, 0xdb, 0xcc, 0x12, 0xef, 0xae, 0x19, 0x45, 0xa6,
    0xc9, 0xa4, 0x05, 0x31, 0x67, 0x2b, 0x18, 0xea, 0x1b, 0x70, 0x10, 0xf6,
    0xbf, 0x1d, 0xfa, 0x19, 0x3d, 0xec, 0xee, 0x1e, 0x2f, 0x81, 0x18, 0xe2,
    0xc3, 0xf8, 0xe2, 0x0c, 0xcd, 0x2a, 0x30, 0x9a, 0xec, 0x05, 0xd2, 0x10,
    0xf7, 0xb1, 0xdd, 0x18, 0xab, 0x07, 0xdc, 0x27, 0x3a, 0xf0, 0xfc, 0xff,
    0xf8, 0x9f, 0xff, 0x47, 0xec, 0xaf, 0x21, 0xe8, 0xef, 0x2e, 0xe5, 0x2e,
    0xde, 0xd9, 0xc3, 0xb3, 0x35, 0xfd, 0x00, 0x0d, 0xe3, 0xe7, 0xcd, 0xcd,
    0x53, 0xdb, 0x23, 0xfb, 0xd4, 0xd9, 0x28, 0x0d, 0xf3, 0xe1, 0xe9, 0x01,
    0xf9, 0x23, 0xdc, 0x0b, 0xe5, 0xd7, 0x46, 0x3f, 0xe7, 0x40, 0x38, 0x10,
    0xfe, 0x48, 0xa9, 0xf7, 0x17, 0x34, 0xb0, 0x53, 0xce, 0xa7, 0xae, 0x17,
    0x56, 0x1b, 0x67, 0xf7, 0xf2, 0x89, 0xd8, 0xa6, 0x8d, 0x34, 0x25, 0xd2,
    0x5f, 0xba, 0x40, 0x54, 0x47, 0x25, 0x54, 0x5c, 0xff, 0x23, 0xff, 0x29,
    0xf9, 0xeb, 0xb8, 0x9a, 0x41, 0x9e, 0xf4, 0x3b, 0x2d, 0xdb, 0xfd, 0x6b,
    0xeb, 0xd6, 0x81, 0xc9, 0x45, 0xb7, 0x19, 0x9d, 0x37, 0xb0, 0x85, 0xcf,
    0x4c, 0x71, 0xcb, 0x45, 0x2e, 0xb8, 0xc5, 0xe6, 0x30, 0xc6, 0x62, 0xc1,
    0xc9, 0x71, 0xf3, 0xdf, 0x0d, 0xa4, 0x22, 0x06, 0x44, 0x19, 0x23, 0xe9,
    0xd8, 0xcd, 0xb0, 0xcb, 0xda, 0x4e, 0xef, 0xd5, 0x1b, 0xf1, 0x10, 0xf7,
    0x2c, 0xf4, 0x29, 0x25, 0x35, 0x81, 0xfb, 0x0b, 0x05, 0x45, 0x48, 0x25,
    0xf9, 0x4a, 0x0e, 0xf1, 0xf2, 0xf6, 0x00, 0xdd, 0x1a, 0x9b, 0xbd, 0xd0,
    0xa1, 0x45, 0x38, 0xef, 0xd9, 0x27, 0xeb, 0x3f, 0xf3, 0xf7, 0xdb, 0x09,
    0x20, 0xa6, 0xf9, 0xfc, 0xf6, 0x27, 0x02, 0x21, 0x02, 0x01, 0xff, 0x32,
    0x45, 0x18, 0xda, 0x16, 0x34, 0x98, 0x14, 0x04, 0x00, 0x3a, 0x24, 0xf1,
    0xb0, 0xde, 0xef, 0xde, 0x19, 0xdc, 0x08, 0x23, 0x05, 0xb9, 0x8b, 0xbd,
    0x9a, 0xfb, 0x3f, 0xc9, 0xcb, 0x11, 0x2c, 0xff, 0xc7, 0x96, 0x0f, 0x1e,
    0xc7, 0x81, 0xdd, 0x21, 0x13, 0xf8, 0x2f, 0xcc, 0xe7, 0xe9, 0xf7, 0x01,
    0x2a, 0x94, 0x3c, 0xd2, 0xcf, 0xea, 0x23, 0xc5, 0x5c, 0x26, 0x11, 0x46,
    0x0b, 0xec, 0xea, 0xd3, 0x07, 0xd0, 0xf4, 0x0f, 0x36, 0xe6, 0xeb, 0x00,
    0x43, 0xc9, 0x49, 0x32, 0x10, 0x04, 0xd3, 0xd1, 0x49, 0xf6, 0xd2, 0x06,
    0x2c, 0x3c, 0xbd, 0xa1, 0xfa, 0x14, 0xea, 0x41, 0x19, 0xf0, 0xd0, 0xd6,
    0x2f, 0x48, 0xbf, 0xbe, 0x3b, 0xdf, 0xbc, 0xa9, 0x81, 0x02, 0x40, 0x11,
    0xec, 0x9a, 0x30, 0xf3, 0xc3, 0x1c, 0x52, 0x2f, 0x19, 0x3a, 0xf5, 0x3e,
    0xd9, 0xc6, 0x35, 0xb3, 0x03, 0x3c, 0xfd, 0xf6, 0x02, 0xe6, 0x46, 0xa8,
    0x2b, 0x4a, 0x0e, 0xfd, 0xb9, 0xf4, 0xcf, 0x42, 0x1a, 0x2f, 0xb8, 0x0f,
    0xfd, 0xba, 0xc8, 0xed, 0x1c, 0x33, 0xdf, 0xc5, 0x10, 0xf9, 0x11, 0x57,
    0x35, 0xd5, 0xc4, 0x28, 0x4f, 0xfe, 0x5c, 0x14, 0x39, 0x62, 0xc1, 0xf5,
    0x23, 0xce, 0x18, 0xe1, 0xa3, 0x3e, 0x40, 0xcc, 0xee, 0x24, 0xd1, 0xef,
    0x10, 0x0a, 0xc8, 0x00, 0xda, 0xdc, 0xf3, 0x11, 0xa8, 0xc1, 0xcb, 0xd3,
    0x06, 0x1f, 0x00, 0xcb, 0xe7, 0x0b, 0xd8, 0xf0, 0x01, 0xc6, 0x0a, 0x24,
    0xd5, 0xfd, 0xfe, 0xf3, 0x08, 0xd3, 0x32, 0x35, 0xc1, 0x17, 0xdb, 0xe8,
    0x7f, 0x01, 0x17, 0xf9, 0xf9, 0xf4, 0xd0, 0xce, 0x2f, 0xfd, 0xe1, 0x28,
    0xc7, 0x2c, 0xdd, 0xe6, 0x7f, 0xdc, 0x28, 0x13, 0xdf, 0xd6, 0x2f, 0x31,
    0x23, 0xad, 0x07, 0x51, 0xf6, 0x58, 0xdf, 0xff, 0x5b, 0x2f, 0xf7, 0x3b,
    0xfc, 0xf5, 0xfe, 0xf3, 0xd7, 0x01, 0x25, 0xe0, 0xd1, 0x59, 0x90, 0x14,
    0xe4, 0x24, 0xf7, 0xfd, 0xa1, 0xe3, 0xc4, 0xcb, 0xc7, 0xfc, 0xce, 0xe0,
    0xcc, 0x2a, 0xbc, 0xe3, 0xea, 0xf3, 0xf8, 0xd0, 0x23, 0xf7, 0xf5, 0xe9,
    0x0f, 0xdc, 0x37, 0x24, 0xf1, 0x57, 0x06, 0xe5, 0x19, 0x02, 0xfc, 0xed,
    0x0e, 0x29, 0x11, 0x18, 0x01, 0xd7, 0x34, 0x27, 0xe0, 0x5c, 0x19, 0x23,
    0x7f, 0xe6, 0x3c, 0x19, 0xdf, 0xf4, 0xd1, 0x15, 0x34, 0x02, 0x39, 0x38,
    0x2e, 0x17, 0x09, 0xf9, 0x62, 0x1e, 0x0d, 0x10, 0x23, 0xe9, 0x2d, 0x44,
    0x3d, 0x1e, 0xf7, 0x55, 0x7f, 0x13, 0xf6, 0x31, 0x13, 0x0b, 0x0f, 0x1b,
    0xb3, 0xf1, 0x5a, 0xbe, 0x25, 0x2e, 0x27, 0x00, 0x6a, 0x18, 0xce, 0xd9,
    0xe2, 0xe9, 0x4e, 0xe3, 0xfa, 0x34, 0xd9, 0xb5, 0xcd, 0x39, 0xc9, 0xfc,
    0x66, 0xd6, 0x2a, 0x46, 0xd5, 0xcc, 0xc8, 0x0e, 0xe2, 0x0e, 0xcd, 0xe0,
    0x13, 0x00, 0xee, 0xa6, 0x01, 0xca, 0x08, 0xe5, 0x4b, 0xaf, 0x1a, 0x02,
    0x15, 0xb7, 0x9b, 0x14, 0x98, 0xf4, 0xe5, 0x99, 0x0e, 0x91, 0xd1, 0x13,
    0x1c, 0xe7, 0xa7, 0xcc, 0x0b, 0xc7, 0xb5, 0x0c, 0x3e, 0xcf, 0x69, 0xec,
    0x2a, 0x40, 0xe6, 0xbb, 0x42, 0x23, 0x01, 0x6a, 0xc9, 0x4e, 0x0a, 0x09,
    0xee, 0xce, 0x32, 0x0c, 0x4e, 0xf2, 0xd9, 0x15, 0x21, 0xf0, 0x3b, 0x0b,
    0x1d, 0x27, 0x1b, 0xad, 0xc2, 0x42, 0xc1, 0x1a, 0x62, 0xa9, 0xbe, 0x14,
    0xf9, 0xbb, 0xe2, 0xdd, 0x05, 0x14, 0xec, 0xbc, 0xd4, 0x3e, 0x15, 0xbb,
    0x19, 0x07, 0x0c, 0x0f, 0xd3, 0xd6, 0xf2, 0xed, 0xe0, 0xe5, 0xb4, 0xe0,
    0xab, 0x02, 0x9e, 0xcf, 0x2c, 0x15, 0x47, 0xe3, 0xd0, 0xb1, 0x81, 0xfd,
    0x25, 0xce, 0x81, 0x0f, 0x0b, 0xc8, 0x14, 0x20, 0x76, 0xf6, 0xe2, 0x28,
    0xca, 0x5f, 0x48, 0x59, 0xc1, 0x52, 0x4f, 0x97, 0xf2, 0xde, 0x32, 0xc5,
    0x33, 0x01, 0xeb, 0x07, 0xab, 0x44, 0xde, 0x1a, 0x04, 0x4a, 0x37, 0x81,
    0x20, 0xf8, 0xd3, 0xf3, 0x0a, 0xe1, 0xc4, 0x3d, 0xe7, 0xd0, 0xca, 0xcd,
    0xc4, 0x0b, 0xe7, 0x92, 0x03, 0xf4, 0x04, 0xc1, 0x29, 0xf0, 0x3f, 0x53,
    0x25, 0x0f, 0xcd, 0xe1, 0x29, 0x8f, 0xa1, 0x25, 0xb8, 0xc7, 0xb5, 0xa2,
    0xf4, 0xe1, 0x17, 0xd1, 0x30, 0x90, 0xf5, 0xe7, 0x49, 0xbb, 0xfc, 0x25,
    0xe8, 0xef, 0x9f, 0xfc, 0xf9, 0x18, 0x18, 0x14, 0xea, 0xae, 0xd9, 0xdb,
    0x49, 0x8a, 0xc3, 0xf2, 0xc4, 0xbb, 0x1f, 0x27, 0xff, 0x13, 0x04, 0xc0,
    0xda, 0xaf, 0xad, 0xff, 0xd1, 0x81, 0x03, 0x44, 0x16, 0xf6, 0x0f, 0xc1,
    0x13, 0xf1, 0xcf, 0xd4, 0x37, 0x30, 0x32, 0x1f, 0x07, 0xf7, 0xd5, 0x40,
    0xfd, 0x1c, 0x36, 0x4b, 0x40, 0x21, 0x2c, 0xf1, 0xa2, 0xf4, 0x15, 0xe1,
    0x44, 0xff, 0x00, 0xb4, 0xcf, 0x14, 0xc2, 0xc1, 0x27, 0x04, 0xd9, 0xe7,
    0xb2, 0xd0, 0x01, 0xde, 0xe2, 0x20, 0x03, 0xfd, 0x26, 0xd3, 0xff, 0xff,
    0x04, 0x00, 0x00, 0x00, 0x80, 0x00, 0x00, 0x00, 0x76, 0x01, 0x00, 0x00,
    0x9a, 0x02, 0x00, 0x00, 0x65, 0xff, 0xff, 0xff, 0x21, 0x01, 0x00, 0x00,
    0xe0, 0xff, 0xff, 0xff, 0x17, 0xfb, 0xff, 0xff, 0x20, 0x05, 0x00, 0x00,
    0x52, 0xfb, 0xff, 0xff, 0x6b, 0xfc, 0xff, 0xff, 0xb5, 0xfd, 0xff, 0xff,
    0x6c, 0xfa, 0xff, 0xff, 0xe2, 0xff, 0xff, 0xff, 0x77, 0x04, 0x00, 0x00,
    0x12, 0xfb, 0xff, 0xff, 0xeb, 0x06, 0x00, 0x00, 0xfb, 0xfc, 0xff, 0xff,
    0x0d, 0x07, 0x00, 0x00, 0x22, 0xff, 0xff, 0xff, 0x4f, 0xfc, 0xff, 0xff,
    0x0f, 0x00, 0x00, 0x00, 0x23, 0x01, 0x00, 0x00, 0x99, 0x00, 0x00, 0x00,
    0x05, 0x07, 0x00, 0x00, 0x9c, 0x02, 0x00, 0x00, 0x9a, 0xfe, 0xff, 0xff,
    0xb0, 0xfb, 0xff, 0xff, 0x9e, 0xf5, 0xff, 0xff, 0xcf, 0xf7, 0xff, 0xff,
    0x32, 0xfb, 0xff, 0xff, 0xaa, 0xfb, 0xff, 0xff, 0x13, 0xf8, 0xff, 0xff,
    0xe6, 0x01, 0x00, 0x00, 0xb2, 0xd3, 0xff, 0xff, 0x04, 0x00, 0x00, 0x00,
    0x00, 0x18, 0x00, 0x00, 0x32, 0xd2, 0xf7, 0xda, 0xee, 0x14, 0xe5, 0x15,
    0xd2, 0xc4, 0x53, 0x45, 0x28, 0x71, 0xb2, 0xfc, 0x9a, 0x00, 0x03, 0x01,
    0x1e, 0xeb, 0x25, 0xc1, 0xf1, 0x26, 0xf4, 0x01, 0x35, 0x16, 0xe2, 0xf8,
    0xd5, 0x2f, 0xeb, 0xe9, 0x10, 0x15, 0x27, 0xf1, 0x41, 0xe3, 0x12, 0x39,
    0x37, 0xe1, 0xbc, 0xff, 0x97, 0x41, 0xd8, 0xdc, 0xf8, 0x30, 0xfd, 0xff,
    0x1e, 0x20, 0xcd, 0xd7, 0x08, 0xe8, 0x21, 0xf9, 0xd3, 0xe5, 0xed, 0xdf,
    0x17, 0xe1, 0xbe, 0x18, 0x0c, 0x25, 0x21, 0x1f, 0x38, 0x81, 0xb4, 0x1c,
    0xa8, 0xf7, 0xc3, 0x43, 0xfb, 0x07, 0xd7, 0x18, 0x1b, 0x18, 0xd3, 0x0e,
    0xd2, 0xc9, 0xd5, 0x22, 0xf5, 0x96, 0x86, 0xc9, 0xc0, 0x1a, 0x21, 0xd2,
    0x88, 0xd7, 0x48, 0xb1, 0x04, 0xa1, 0x1e, 0x43, 0x9a, 0xc0, 0x6c, 0x04,
    0x97, 0x3e, 0xc5, 0xda, 0x51, 0x2d, 0x2c, 0xaf, 0xe8, 0x61, 0x4b, 0x62,
    0x16, 0xe9, 0x2a, 0xfc, 0xa0, 0x1d, 0xba, 0x2d, 0x81, 0x3e, 0xd5, 0x41,
    0x8e, 0xda, 0x21, 0x97, 0x05, 0x69, 0x14, 0x9f, 0xf5, 0xc0, 0xbb, 0xcc,
    0xf6, 0xa0, 0x46, 0xff, 0xda, 0xdc, 0xbf, 0x45, 0xd2, 0xc5, 0xc8, 0xfb,
    0xb2, 0x3f, 0x3d, 0xcb, 0xa3, 0x24, 0xaa, 0x09, 0x89, 0x04, 0x55, 0x44,
    0x23, 0x15, 0xd8, 0x0e, 0xe9, 0x4b, 0x3e, 0xf1, 0x3c, 0xca, 0xbc, 0xe5,
    0x0e, 0xdc, 0xa6, 0x33, 0x35, 0xca, 0x2d, 0x08, 0xfd, 0x02, 0x0a, 0x18,
    0x07, 0xc2, 0xf5, 0x1b, 0xc6, 0x49, 0xab, 0xd5, 0xf3, 0xd0, 0xf7, 0xe6,
    0xcd, 0xe8, 0xc3, 0x1c, 0x12, 0x22, 0x7d, 0x1b, 0x16, 0x1a, 0x1e, 0x86,
    0x12, 0x05, 0x0c, 0xfa, 0xfe, 0xd7, 0x18, 0x03, 0x3b, 0xd6, 0x3f, 0x18,
    0xe5, 0x3a, 0x08, 0x08, 0x0f, 0x2e, 0x03, 0x20, 0xf3, 0x1e, 0xa2, 0xe4,
    0xde, 0xdb, 0x47, 0x63, 0x29, 0xbd, 0x00, 0x8b, 0x08, 0xf6, 0x3f, 0x38,
    0x01, 0x40, 0xda, 0x35, 0x26, 0xd7, 0x2c, 0xf2, 0x20, 0x42, 0x98, 0xdf,
    0xfd, 0x1d, 0x2e, 0xee, 0x3c, 0xf0, 0xf9, 0xfe, 0x50, 0x50, 0x7e, 0x7f,
    0x07, 0xe5, 0x29, 0xd4, 0xe8, 0x12, 0x01, 0xe6, 0xdf, 0xb4, 0x4d, 0x8a,
    0x0a, 0xdd, 0xf8, 0xe7, 0x49, 0xfd, 0xc6, 0xf4, 0x1b, 0x09, 0x81, 0x04,
    0xb1, 0xf6, 0x17, 0x37, 0xee, 0x0a, 0xd8, 0x08, 0xb4, 0x08, 0xe7, 0x13,
    0xd8, 0xe6, 0xe0, 0x0b, 0x05, 0xef, 0x34, 0xb6, 0xb8, 0xb5, 0xe5, 0x41,
    0x20, 0xc5, 0xda, 0x07, 0x11, 0x3e, 0xb6, 0xfb, 0xce, 0x1f, 0xdd, 0x2c,
    0xec, 0x12, 0xd4, 0xf9, 0xd2, 0xb8, 0xf6, 0xf7, 0x0c, 0x2b, 0xad, 0xf8,
    0x2e, 0xcc, 0x4b, 0xd0, 0xb1, 0xdd, 0x02, 0x39, 0x03, 0xd3, 0xd2, 0x02,
    0x03, 0x08, 0xcb, 0xe5, 0xd1, 0x07, 0xcb, 0x38, 0x20, 0x2b, 0x2a, 0xf3,
    0x9a, 0xe7, 0x9d, 0x19, 0xdf, 0x1d, 0x0f, 0x20, 0xfa, 0x42, 0xd3, 0x4a,
    0x12, 0x23, 0x22, 0xe5, 0x1e, 0xbf, 0xef, 0x14, 0x06, 0xd7, 0x48, 0xfa,
    0x00, 0xe9, 0xf3, 0xdc, 0x14, 0xd1, 0xaa, 0xa1, 0xdc, 0xd2, 0xcb, 0x49,
    0x06, 0x07, 0xf4, 0x2c, 0x1c, 0x37, 0xf8, 0x26, 0x42, 0x46, 0xea, 0xee,
    0xe8, 0xdb, 0xcf, 0xf3, 0x0e, 0xf6, 0x47, 0xf9, 0x24, 0x1a, 0xdf, 0xf5,
    0x19, 0x00, 0xb4, 0xad, 0x26, 0x2d, 0x2a, 0x1d, 0xf3, 0xfd, 0xfb, 0x23,
    0xee, 0x44, 0xd8, 0xf2, 0xe7, 0x13, 0xef, 0xbf, 0x10, 0xb3, 0x17, 0x2c,
    0xf3, 0x23, 0xe8, 0x38, 0x10, 0xfb, 0xc5, 0xfa, 0xf0, 0x23, 0xdb, 0xa8,
    0x7f, 0x5b, 0x40, 0x24, 0x45, 0x13, 0x41, 0xe7, 0xf5, 0x59, 0x81, 0xf2,
    0xeb, 0xe9, 0x0c, 0xf3, 0xeb, 0xf9, 0x4c, 0x1c, 0x02, 0x19, 0x03, 0xe3,
    0xe6, 0x9c, 0xfb, 0x91, 0x0b, 0xd4, 0xec, 0x3d, 0x27, 0x09, 0xd4, 0xd1,
    0xe9, 0xdb, 0x4f, 0xe8, 0xf2, 0xea, 0xe0, 0x69, 0x0f, 0xcd, 0xd3, 0xb8,
    0xba, 0x44, 0x4e, 0xd4, 0x35, 0x15, 0x14, 0x43, 0x41, 0x1c, 0xcd, 0xed,
    0xc4, 0x10, 0xe0, 0xd1, 0xf9, 0xf9, 0xf9, 0x4b, 0xf8, 0x1f, 0x75, 0x14,
    0xf7, 0x17, 0x00, 0x02, 0xd7, 0xfb, 0x09, 0xbe, 0xa3, 0x92, 0x1a, 0x4c,
    0x51, 0x28, 0x59, 0x0f, 0xe9, 0xc0, 0xe8, 0xc0, 0xb1, 0x0f, 0xbf, 0x1a,
    0xb3, 0x2e, 0xf8, 0xef, 0xbe, 0x17, 0x58, 0xda, 0x1a, 0xb9, 0xb9, 0x0f,
    0xec, 0x1c, 0x38, 0x42, 0x3d, 0x48, 0x96, 0xb9, 0xe7, 0xf9, 0xdf, 0xd0,
    0x2b, 0xda, 0xd7, 0x27, 0x3d, 0x0a, 0xa2, 0xf2, 0x1c, 0xac, 0xdc, 0xe5,
    0xee, 0xf5, 0x05, 0xe4, 0x09, 0x23, 0x21, 0x17, 0x57, 0x18, 0xe2, 0xdc,
    0x01, 0xaa, 0xa7, 0x33, 0xec, 0x1e, 0xfe, 0xfa, 0x06, 0x18, 0xa8, 0x0d,
    0x40, 0xdc, 0xe6, 0xbf, 0xcf, 0x90, 0xaf, 0x1e, 0xd3, 0x17, 0x4f, 0xcc,
    0xde, 0xb9, 0x22, 0x81, 0xe9, 0xc2, 0x36, 0x24, 0x32, 0x07, 0x9f, 0x0c,
    0xdb, 0xe7, 0xd5, 0xf0, 0xf8, 0x06, 0x0b, 0x1a, 0xc5, 0x3c, 0x97, 0x07,
    0xf6, 0xc5, 0xd0, 0xfb, 0xfd, 0xcf, 0x18, 0x39, 0xd5, 0xf4, 0x3b, 0xaa,
    0x0f, 0xc7, 0xfd, 0xe5, 0x13, 0xe0, 0xf0, 0xc3, 0xd8, 0xfc, 0xa4, 0x0c,
    0x14, 0xcf, 0x37, 0x3e, 0x0a, 0xca, 0x0a, 0x0e, 0x0a, 0x94, 0x28, 0x34,
    0x2c, 0xd0, 0x9d, 0x30, 0x3a, 0xf2, 0x76, 0x26, 0xf6, 0xdf, 0xd7, 0x2f,
    0xed, 0x1a, 0xd4, 0x07, 0x2b, 0xda, 0xf9, 0x31, 0xd7, 0xfe, 0xf7, 0x50,
    0xec, 0x18, 0x1b, 0x45, 0xce, 0xff, 0x32, 0xe6, 0xbf, 0x1c, 0x09, 0xd2,
    0x1f, 0xfc, 0x7f, 0x17, 0x29, 0xb6, 0x2d, 0xc1, 0x23, 0xd4, 0xd0, 0x32,
    0x2a, 0x14, 0xe8, 0xec, 0xe3, 0xde, 0x27, 0xf6, 0xe6, 0x35, 0x01, 0x5d,
    0xe7, 0xbe, 0xbe, 0x0c, 0x92, 0xce, 0xe5, 0x20, 0xe3, 0xc6, 0xf5, 0x84,
    0x96, 0x37, 0xe3, 0xa8, 0x85, 0xca, 0x00, 0xba, 0xd9, 0x97, 0xb4, 0x3c,
    0x9b, 0xa5, 0x35, 0x8e, 0xb2, 0x96, 0xe6, 0x39, 0x1e, 0x95, 0x91, 0x2d,
    0x62, 0xdb, 0xdd, 0x82, 0xcd, 0xcb, 0xfa, 0xf7, 0xc7, 0x3a, 0x1f, 0xfe,
    0x8b, 0xbc, 0xf7, 0xa7, 0x29, 0xc6, 0xf4, 0x19, 0xbd, 0x81, 0xa3, 0x10,
    0x50, 0xd7, 0xde, 0x55, 0xda, 0x0f, 0x28, 0x87, 0x5a, 0x53, 0xde, 0x2a,
    0x46, 0x38, 0xed, 0x07, 0x41, 0x33, 0xc3, 0x1a, 0xcc, 0xf1, 0xec, 0x07,
    0xb7, 0x46, 0xab, 0xad, 0xaa, 0xbb, 0xac, 0x1d, 0x08, 0x15, 0x14, 0xda,
    0xbf, 0xa6, 0xc9, 0x40, 0xe8, 0xd1, 0xd0, 0x37, 0x23, 0x21, 0xfb, 0x44,
    0x7e, 0x51, 0x02, 0xfb, 0x0a, 0xe4, 0xd3, 0x28, 0xf4, 0xfa, 0x3d, 0x39,
    0x20, 0xd9, 0xe2, 0x08, 0x00, 0x08, 0x0e, 0xe0, 0x7f, 0x18, 0x55, 0x11,
    0x1a, 0xca, 0xec, 0xf1, 0xdc, 0x3a, 0x95, 0x1b, 0x16, 0x2e, 0x12, 0xe5,
    0x24, 0xb3, 0x0c, 0x37, 0x19, 0x12, 0x09, 0x43, 0xd2, 0x09, 0xfd, 0x08,
    0xd3, 0x00, 0xf9, 0xff, 0x50, 0x12, 0x2a, 0x11, 0x25, 0xa5, 0x79, 0xc1,
    0xcf, 0xf6, 0xcd, 0xed, 0xd9, 0xe3, 0xff, 0xb9, 0xda, 0xeb, 0xf7, 0xff,
    0xfc, 0x17, 0x0c, 0x0c, 0xf6, 0xe8, 0xe8, 0xfa, 0xea, 0xf0, 0xc1, 0xcb,
    0x57, 0x24, 0x35, 0xd1, 0xe7, 0xf0, 0x7f, 0xe0, 0xd7, 0xf4, 0xdf, 0xe3,
    0x1f, 0xfc, 0x1c, 0x24, 0xc8, 0x55, 0x02, 0xc9, 0xda, 0x1a, 0xe0, 0xc4,
    0x10, 0xfe, 0xda, 0xf5, 0xdb, 0xcc, 0x33, 0x06, 0xce, 0xfc, 0xd7, 0xec,
    0xfd, 0x06, 0x11, 0xe3, 0xf2, 0x06, 0x18, 0x00, 0xe6, 0xca, 0x25, 0xe9,
    0x08, 0x01, 0x00, 0xdb, 0x15, 0xe7, 0xf2, 0x26, 0xed, 0x35, 0xd4, 0xf5,
    0xf3, 0x2b, 0x35, 0x22, 0xe1, 0x20, 0xcc, 0xe2, 0x12, 0x0a, 0x40, 0xf5,
    0x25, 0x07, 0x0e, 0xfc, 0xda, 0x13, 0x0d, 0xec, 0x20, 0x27, 0x26, 0xe4,
    0x03, 0xdf, 0x2c, 0x04, 0xf8, 0x11, 0xe4, 0xf7, 0x15, 0xe0, 0x3f, 0x2a,
    0xc6, 0xe1, 0xe5, 0x27, 0x1f, 0x4c, 0x0d, 0x25, 0x2a, 0xce, 0xa2, 0xd1,
    0x24, 0xf0, 0x07, 0xfb, 0xb1, 0x3d, 0xc8, 0x48, 0x2d, 0x19, 0x7f, 0x07,
    0x2f, 0xc6, 0x24, 0xb5, 0xb0, 0xf3, 0x40, 0x1d, 0xc3, 0x2f, 0xb4, 0x28,
    0x02, 0x6b, 0x7b, 0x24, 0x21, 0xef, 0xf3, 0xcd, 0x2f, 0xf1, 0x02, 0xed,
    0xfd, 0xf9, 0x09, 0xdb, 0x29, 0xd7, 0x7b, 0x48, 0x1e, 0xc6, 0x2b, 0xa3,
    0xe9, 0xd0, 0xef, 0xfa, 0xcc, 0xbd, 0xbc, 0x43, 0x51, 0x42, 0x40, 0x3b,
    0xf9, 0xf8, 0x9a, 0xcf, 0x27, 0xef, 0xe1, 0x30, 0xe9, 0xe1, 0x46, 0x22,
    0x13, 0xff, 0x63, 0xbd, 0x33, 0xa9, 0x05, 0xd0, 0xc5, 0xe7, 0xef, 0xdb,
    0xd2, 0xe2, 0x40, 0x43, 0x35, 0xfa, 0xca, 0xbd, 0xc3, 0x5d, 0xe1, 0xca,
    0xd4, 0x02, 0x04, 0xdf, 0x10, 0x1d, 0x13, 0x3b, 0x2c, 0xf6, 0xe2, 0x31,
    0xfb, 0x10, 0x8e, 0xcb, 0xd9, 0xe9, 0x28, 0x05, 0x7f, 0x1d, 0x49, 0xa7,
    0x51, 0x1a, 0xf5, 0x0e, 0x10, 0x05, 0x08, 0xd7, 0x11, 0xe1, 0xd2, 0xdc,
    0xf2, 0xff, 0xca, 0x19, 0xd8, 0xde, 0xe4, 0x36, 0xfd, 0x16, 0xd1, 0x03,
    0x19, 0xf8, 0x17, 0xc4, 0x47, 0xe4, 0x61, 0xee, 0xbe, 0xf6, 0x02, 0x19,
    0xe8, 0x22, 0xba, 0x1e, 0x7a, 0x10, 0xfb, 0xb5, 0x22, 0x4c, 0xf7, 0x2c,
    0x0d, 0xc3, 0x28, 0xe5, 0x15, 0x04, 0xdc, 0xed, 0xf8, 0xdc, 0xde, 0x21,
    0x3b, 0xca, 0x1f, 0x3a, 0x31, 0xfb, 0x2a, 0x11, 0xcd, 0x4f, 0x03, 0xf7,
    0xd8, 0x08, 0x16, 0x10, 0xfb, 0xec, 0xdf, 0xf9, 0xf8, 0xfa, 0xce, 0xe1,
    0x28, 0xf8, 0x05, 0x0d, 0xed, 0x23, 0xe0, 0xb8, 0x71, 0x04, 0x7f, 0xdc,
    0x24, 0xcb, 0x06, 0xe7, 0xfe, 0xf5, 0x19, 0x04, 0x1f, 0xd9, 0xfb, 0xbc,
    0x06, 0xda, 0xeb, 0x2a, 0x29, 0xee, 0xfd, 0xde, 0x00, 0x1f, 0x09, 0x2b,
    0xf8, 0x1a, 0x0f, 0xe7, 0x57, 0x1b, 0x38, 0xf2, 0xeb, 0xd8, 0x21, 0xeb,
    0xeb, 0x3b, 0xff, 0x38, 0xf8, 0xe6, 0xf3, 0xd2, 0x24, 0xdb, 0x0a, 0xd3,
    0xed, 0x0c, 0x2e, 0xfb, 0x26, 0xf0, 0x20, 0xe1, 0xbc, 0xda, 0xe6, 0xb4,
    0x06, 0xd6, 0x50, 0xd6, 0x0c, 0x0e, 0x12, 0x03, 0x12, 0xd8, 0x08, 0xd0,
    0x20, 0xd4, 0x3e, 0x40, 0xe0, 0x48, 0xc9, 0x04, 0xe6, 0x0f, 0xe4, 0xf8,
    0xe3, 0x3e, 0x35, 0xc9, 0xf7, 0x38, 0x39, 0x1a, 0x19, 0xd8, 0x3f, 0x31,
    0xfa, 0xbb, 0xe2, 0x38, 0x3b, 0xde, 0xce, 0x02, 0x30, 0xe2, 0x48, 0x07,
    0xfd, 0x7f, 0x12, 0x3b, 0x31, 0x1f, 0xd9, 0xd0, 0x0d, 0xc7, 0xf5, 0xf3,
    0xd9, 0x47, 0x4a, 0x28, 0x14, 0xe5, 0x2c, 0xde, 0x17, 0x12, 0x3f, 0x35,
    0x0b, 0xe4, 0x1d, 0xe5, 0xcd, 0x30, 0x04, 0x28, 0x17, 0x38, 0x1d, 0xca,
    0x0d, 0x27, 0x26, 0x3d, 0xcd, 0xf0, 0xc8, 0x1e, 0xf5, 0xec, 0x21, 0x33,
    0x1b, 0xef, 0x00, 0x38, 0xf5, 0x47, 0xec, 0x5b, 0xbd, 0x4c, 0x14, 0x4a,
    0xf6, 0xe7, 0x2e, 0xd3, 0xbf, 0xe3, 0xf3, 0x04, 0xab, 0xba, 0x57, 0xf7,
    0x4d, 0xa1, 0xd9, 0xc3, 0x81, 0xe2, 0x9a, 0xa8, 0x15, 0xe2, 0xff, 0xaf,
    0x61, 0x2c, 0xfb, 0x1b, 0x04, 0x6b, 0xf8, 0x1e, 0x16, 0xef, 0xdb, 0xb3,
    0x21, 0x15, 0x30, 0x12, 0xff, 0x14, 0x58, 0x4b, 0x15, 0xce, 0xef, 0x75,
    0xef, 0xfa, 0xc1, 0xa5, 0xde, 0x2d, 0x12, 0xf7, 0xf5, 0x18, 0x37, 0xbc,
    0x09, 0x2d, 0xd0, 0xd2, 0xb8, 0xfd, 0x20, 0x35, 0xe1, 0xcd, 0x2f, 0x2a,
    0xf7, 0x26, 0x96, 0x23, 0xb1, 0x3c, 0xcd, 0x1d, 0x3a, 0xce, 0xd4, 0x29,
    0x0a, 0x0c, 0x47, 0xd8, 0xee, 0x29, 0xd2, 0xe4, 0xef, 0xb5, 0xc5, 0x57,
    0x06, 0x4b, 0xfc, 0xf9, 0xe5, 0xce, 0xbe, 0xbd, 0x05, 0x11, 0x09, 0xfa,
    0x16, 0xfd, 0xde, 0x4f, 0xd6, 0xfb, 0x43, 0xba, 0x92, 0xfc, 0x98, 0xe6,
    0x1f, 0x46, 0xc8, 0xba, 0x06, 0xed, 0x52, 0xb6, 0x4d, 0x0e, 0x44, 0x11,
    0x08, 0x08, 0xd4, 0x04, 0x37, 0x3e, 0xe6, 0xef, 0x1f, 0x1e, 0xf3, 0xea,
    0x01, 0x41, 0x26, 0x25, 0x81, 0x85, 0xfd, 0x1f, 0xcb, 0x18, 0x07, 0x2f,
    0x1d, 0x97, 0x12, 0x12, 0xe5, 0xbc, 0x2b, 0x00, 0xfb, 0x86, 0xe0, 0xf6,
    0xdd, 0xbb, 0xc2, 0x45, 0x27, 0x52, 0x97, 0xfd, 0xab, 0xd7, 0x20, 0x45,
    0xc5, 0x19, 0xfd, 0xf9, 0x0b, 0x2a, 0x2d, 0xab, 0x5c, 0xa2, 0x41, 0x96,
    0x8c, 0x8d, 0x2c, 0xce, 0x9e, 0xd1, 0xc4, 0xf0, 0x27, 0x1e, 0xe3, 0x0f,
    0xa3, 0xff, 0xe8, 0x58, 0xfe, 0xe4, 0xde, 0xde, 0x90, 0xfc, 0xb6, 0xa9,
    0x54, 0x2d, 0x3f, 0xec, 0xb8, 0xbe, 0x4b, 0x82, 0x0b, 0xbf, 0x94, 0xb3,
    0x05, 0xa8, 0xad, 0x1b, 0xe3, 0x00, 0x0f, 0x36, 0xf4, 0xa6, 0xe5, 0xca,
    0x60, 0xc9, 0x34, 0xa1, 0x9f, 0xba, 0xcb, 0x06, 0x21, 0x9b, 0x30, 0xd5,
    0x4e, 0x2f, 0x86, 0xf6, 0x50, 0xe2, 0xaf, 0xe4, 0x39, 0x1f, 0xcb, 0x5d,
    0x1b, 0x58, 0xf0, 0x81, 0x00, 0x30, 0x26, 0x04, 0xb1, 0x99, 0xe0, 0xb0,
    0xd3, 0x07, 0x6d, 0xd8, 0xe9, 0xd8, 0x08, 0x1d, 0xd8, 0xe2, 0x09, 0x34,
    0x3f, 0x29, 0xe4, 0x17, 0xd5, 0x84, 0x41, 0xd3, 0xca, 0xdd, 0x66, 0xdd,
    0x35, 0x06, 0x23, 0xe9, 0xd1, 0xd0, 0xd7, 0xb3, 0x16, 0xd3, 0xd1, 0x38,
    0xf2, 0xf0, 0x13, 0x48, 0x2c, 0x22, 0xd5, 0x71, 0x43, 0xef, 0x09, 0x0d,
    0x03, 0xc9, 0xcc, 0x43, 0xe9, 0x05, 0x55, 0x0a, 0x0c, 0x10, 0x3a, 0xfb,
    0xff, 0xdd, 0xc2, 0x9e, 0x1d, 0xe9, 0x13, 0xde, 0x11, 0xf9, 0xec, 0x3d,
    0x19, 0x0b, 0xbb, 0x3c, 0x2e, 0xf7, 0x25, 0xdd, 0xf1, 0xda, 0xea, 0x30,
    0xd1, 0xfa, 0x06, 0x1f, 0xfb, 0xbe, 0xfb, 0x19, 0xd9, 0xe1, 0xdb, 0xc9,
    0x3c, 0x44, 0x7f, 0xe6, 0xfc, 0xc8, 0x1c, 0xd5, 0xf5, 0x00, 0xd2, 0x29,
    0x55, 0x2d, 0xfc, 0x37, 0x33, 0x25, 0xe5, 0x02, 0xe1, 0x2a, 0xeb, 0xad,
    0x1d, 0xf3, 0xf8, 0x3e, 0xd5, 0xed, 0xe6, 0xc0, 0x46, 0x19, 0xf0, 0x27,
    0x3c, 0xfc, 0x3e, 0x0e, 0xe5, 0xee, 0xf1, 0xf3, 0xfe, 0x40, 0x16, 0xe4,
    0xb5, 0x1f, 0x2c, 0xc1, 0x35, 0x9f, 0x08, 0xe7, 0x43, 0xd0, 0xde, 0x94,
    0x1f, 0xc5, 0x2f, 0xde, 0x05, 0xed, 0xc6, 0x1b, 0x3f, 0x45, 0x48, 0xce,
    0x2b, 0xd2, 0x9d, 0x81, 0xf7, 0xbe, 0x14, 0x03, 0xdb, 0xf6, 0x0a, 0x0d,
    0x27, 0xa5, 0xf2, 0xe3, 0xab, 0x11, 0xbc, 0xaf, 0x00, 0x3b, 0x17, 0x08,
    0x04, 0xe6, 0x28, 0xe9, 0xe8, 0x12, 0x0c, 0x10, 0x10, 0xfc, 0xcc, 0x32,
    0x00, 0x18, 0xfc, 0xce, 0xeb, 0xd8, 0xe9, 0x1b, 0xe5, 0xb1, 0x6f, 0x04,
    0xed, 0x05, 0xdb, 0xf1, 0xf7, 0xc5, 0xba, 0x06, 0x97, 0xf3, 0xf8, 0x1c,
    0xed, 0xec, 0xe0, 0x13, 0xfb, 0x7f, 0xe9, 0xfa, 0xce, 0x38, 0xff, 0xd0,
    0xd8, 0xb2, 0xf2, 0x0c, 0xfb, 0x00, 0x13, 0x5d, 0x07, 0x1d, 0xf4, 0xea,
    0x47, 0xcc, 0xfc, 0xbc, 0xbd, 0x06, 0xf8, 0x29, 0x1b, 0x37, 0x10, 0xe3,
    0xe5, 0x2e, 0xaa, 0x31, 0x01, 0xe8, 0x1f, 0x01, 0x18, 0xb7, 0x2c, 0x53,
    0x02, 0xd9, 0x0f, 0x4f, 0xdc, 0xe9, 0xca, 0x33, 0xde, 0x00, 0xbb, 0xd0,
    0x17, 0x66, 0x45, 0xf9, 0x2a, 0x12, 0x60, 0xbe, 0xd1, 0xe3, 0x13, 0x2a,
    0x30, 0xc4, 0xeb, 0xfa, 0xe5, 0x7f, 0xe7, 0x1b, 0x1b, 0xe9, 0xf4, 0xd1,
    0x18, 0x15, 0x10, 0xd9, 0xfc, 0xdd, 0x09, 0x2c, 0xf6, 0xd9, 0x15, 0x06,
    0xd9, 0xde, 0x2c, 0xd9, 0xc1, 0xfa, 0x12, 0xd8, 0xdf, 0xd7, 0xe4, 0xe4,
    0xdd, 0x59, 0xd8, 0x1e, 0x0c, 0x13, 0x22, 0xeb, 0x18, 0xe6, 0x21, 0x0b,
    0x2d, 0xf6, 0x53, 0x2f, 0x19, 0xfb, 0xd5, 0x08, 0x19, 0xe0, 0x26, 0xbb,
    0x07, 0xdb, 0x03, 0x40, 0xd5, 0x20, 0x26, 0xf5, 0xf2, 0x36, 0xe1, 0x1a,
    0xe6, 0x23, 0x22, 0xe9, 0xf3, 0xfe, 0xfd, 0x19, 0x1c, 0xe7, 0x0d, 0x45,
    0x3c, 0x31, 0xf6, 0xd7, 0xd3, 0x01, 0x1f, 0x39, 0x06, 0x35, 0xfe, 0xd4,
    0x07, 0xd1, 0xe6, 0xab, 0x42, 0x20, 0xec, 0xc4, 0x28, 0xd7, 0xa2, 0x06,
    0xdd, 0xcb, 0xd5, 0x3c, 0xad, 0xc7, 0x0a, 0xc7, 0x16, 0xbf, 0x44, 0xd7,
    0xe2, 0x2c, 0xf1, 0xf9, 0x0d, 0x1d, 0x7f, 0xf8, 0xd9, 0x0b, 0xd9, 0xe1,
    0x47, 0xd7, 0xfe, 0xcb, 0x30, 0xbb, 0x9f, 0x26, 0xc1, 0xd9, 0xb0, 0xfd,
    0xde, 0x06, 0xcd, 0xf1, 0x49, 0xd9, 0x79, 0xd5, 0xed, 0xf0, 0xea, 0x21,
    0x0d, 0xef, 0x6b, 0x01, 0xa6, 0xca, 0xe0, 0x17, 0x05, 0xf7, 0xc6, 0xba,
    0x1d, 0xcc, 0xb4, 0xfe, 0x3d, 0xf0, 0xd5, 0x19, 0xf9, 0xdb, 0x2c, 0xcd,
    0xf9, 0xcd, 0x4b, 0xde, 0xd0, 0xcb, 0x5b, 0x8c, 0xc6, 0xc1, 0xf0, 0x2a,
    0xe3, 0xa8, 0x29, 0xdb, 0x0b, 0x6c, 0xc1, 0xbd, 0xc3, 0xbb, 0x02, 0xa6,
    0x09, 0xfb, 0xfa, 0x25, 0xc2, 0x28, 0x45, 0x45, 0xc1, 0xdb, 0xb1, 0x38,
    0x35, 0x2b, 0x25, 0xdd, 0x1c, 0x31, 0x2c, 0x02, 0x03, 0xdb, 0x45, 0x34,
    0x16, 0x7f, 0xea, 0xc1, 0xf8, 0xbd, 0xdf, 0xbb, 0xc5, 0xe8, 0xd0, 0xb1,
    0xb8, 0x17, 0x63, 0x3d, 0xb4, 0xc0, 0xa6, 0xe7, 0x21, 0x40, 0x65, 0xe9,
    0xb6, 0x4e, 0xde, 0x03, 0xd8, 0xd2, 0x24, 0x1a, 0xdf, 0x6b, 0x2a, 0x45,
    0x02, 0x18, 0x2b, 0xd6, 0x32, 0xf6, 0xd0, 0xc4, 0x28, 0xf6, 0x70, 0x7b,
    0x2d, 0x34, 0xdc, 0x23, 0xc7, 0xc1, 0xd3, 0xe9, 0x26, 0xb8, 0x00, 0x13,
    0xd6, 0xc7, 0x1f, 0xe3, 0x3c, 0x51, 0xeb, 0x28, 0xc3, 0xd1, 0xb0, 0x28,
    0xcf, 0xd9, 0xfe, 0x01, 0x4e, 0x1f, 0x33, 0xf7, 0xe9, 0xb5, 0x39, 0xcd,
    0xbc, 0xe9, 0xe8, 0x52, 0x45, 0xc0, 0x1d, 0xf4, 0xd8, 0xdc, 0xf5, 0x43,
    0xf6, 0x3c, 0x1f, 0xd1, 0x03, 0x56, 0x1a, 0x0d, 0x33, 0xfb, 0xe3, 0x2d,
    0x03, 0x27, 0x6a, 0x02, 0xa5, 0x12, 0x1f, 0x1e, 0x20, 0xd3, 0xcf, 0x4a,
    0x0a, 0xf4, 0x0a, 0xfe, 0x20, 0xb8, 0x1b, 0xe7, 0x36, 0xaa, 0x2d, 0x12,
    0x26, 0xe5, 0xef, 0x1b, 0xf3, 0xc6, 0xc0, 0x37, 0x31, 0x4b, 0x0f, 0xe8,
    0x81, 0x89, 0x8a, 0xed, 0x2a, 0xf7, 0x18, 0xdd, 0xf0, 0xb6, 0xc1, 0xfc,
    0x12, 0xcd, 0xda, 0xf5, 0xeb, 0x3d, 0xc5, 0x9a, 0x9d, 0x0a, 0xea, 0x06,
    0x19, 0x3d, 0x04, 0x0d, 0x0d, 0xea, 0x24, 0xcf, 0x0e, 0x17, 0xdc, 0xb8,
    0xf8, 0xc6, 0x51, 0x17, 0x00, 0x07, 0xd0, 0xd2, 0xd3, 0xf7, 0x3c, 0xd3,
    0x32, 0xf7, 0x24, 0xf9, 0xe3, 0x0f, 0x0e, 0x1f, 0x1e, 0xd0, 0xd3, 0x16,
    0x0b, 0x18, 0xbb, 0xf1, 0xf8, 0x2c, 0xe9, 0xa9, 0xeb, 0x30, 0x0e, 0x02,
    0x20, 0x48, 0x19, 0x2e, 0xe0, 0x1e, 0xd0, 0xfe, 0x21, 0x33, 0xbb, 0x0c,
    0xdf, 0xf4, 0x39, 0xce, 0x09, 0x21, 0x11, 0xf6, 0x25, 0xb5, 0xff, 0xd3,
    0x81, 0xef, 0xd3, 0x1c, 0x27, 0xc1, 0xd8, 0xd3, 0x13, 0xe1, 0xab, 0xf4,
    0x17, 0xb4, 0xac, 0x47, 0xde, 0xf4, 0xd6, 0x0c, 0xd3, 0x18, 0x00, 0xaa,
    0x2f, 0x11, 0x99, 0xb4, 0xb2, 0x44, 0xeb, 0x1e, 0x1d, 0xfa, 0x9c, 0x05,
    0x1f, 0xf2, 0x4c, 0xda, 0x29, 0x24, 0xc5, 0xb8, 0xd4, 0x58, 0x26, 0xfd,
    0xec, 0x2b, 0x30, 0x16, 0xa8, 0x04, 0xc8, 0x35, 0x2d, 0xe6, 0xc4, 0xad,
    0xe0, 0x4b, 0xac, 0xe3, 0xbe, 0x02, 0x24, 0xda, 0x1f, 0x0f, 0x6b, 0xe1,
    0x3f, 0xc7, 0xb0, 0x10, 0xf1, 0x09, 0xfa, 0xf9, 0x09, 0x46, 0x99, 0x81,
    0xfd, 0xfc, 0x32, 0x0a, 0x1b, 0x98, 0xc4, 0x17, 0xf3, 0xa7, 0xd2, 0x4f,
    0x8c, 0xf8, 0x43, 0xae, 0x0e, 0xe8, 0xe9, 0x05, 0x14, 0xe7, 0xaa, 0xe0,
    0xbb, 0x2a, 0x23, 0x57, 0xf1, 0x1d, 0xad, 0x0d, 0xc2, 0xe3, 0xc2, 0xea,
    0x37, 0x3e, 0xa5, 0x2c, 0xfe, 0x49, 0xdb, 0xd7, 0xed, 0x46, 0xce, 0xe4,
    0xe3, 0xde, 0xf3, 0x21, 0x55, 0xd4, 0xb0, 0x0a, 0x17, 0xf9, 0x0b, 0x1b,
    0x48, 0x2b, 0x81, 0x04, 0xb6, 0x0f, 0x09, 0x3f, 0xd7, 0x32, 0xdd, 0x2f,
    0xea, 0xec, 0x05, 0xf7, 0xcb, 0xa0, 0x90, 0x17, 0xc1, 0x0d, 0x10, 0xde,
    0xe2, 0xe5, 0xb6, 0x8c, 0xb4, 0xd6, 0xd3, 0x2f, 0x1f, 0xa9, 0xd6, 0xfb,
    0x9b, 0x34, 0xf5, 0x40, 0x34, 0xff, 0xd8, 0x2f, 0xe4, 0x22, 0xec, 0xc7,
    0x05, 0xc0, 0xc7, 0x1b, 0x49, 0xf9, 0xe0, 0xd0, 0x34, 0x6f, 0xe2, 0xeb,
    0x35, 0x39, 0xaf, 0xfb, 0x16, 0x5f, 0xdb, 0x36, 0x05, 0x4a, 0xd4, 0xf5,
    0xd3, 0x35, 0xeb, 0x5a, 0xea, 0x07, 0x17, 0x6e, 0x75, 0x57, 0x2d, 0xd5,
    0x2e, 0x06, 0x25, 0x18, 0x07, 0x5e, 0xbe, 0xe5, 0xf3, 0x0f, 0xbf, 0xb3,
    0x0f, 0xf2, 0xd5, 0x36, 0xe3, 0x12, 0xf2, 0x56, 0x08, 0xee, 0x29, 0xff,
    0xff, 0xf0, 0xb8, 0xd1, 0x7a, 0x5c, 0x3a, 0x09, 0x2b, 0x3a, 0x59, 0x01,
    0x1c, 0xe9, 0x96, 0x24, 0xf3, 0x47, 0xd4, 0xc1, 0x81, 0x1c, 0xf4, 0x3b,
    0x0e, 0xb0, 0x62, 0x30, 0xba, 0xab, 0xd8, 0x97, 0xe0, 0xcb, 0xb8, 0xde,
    0x3f, 0x4b, 0x6e, 0x06, 0xe0, 0xcb, 0xfa, 0x2b, 0xc5, 0x7c, 0xd3, 0x14,
    0x45, 0x04, 0x0e, 0xf7, 0xf3, 0x08, 0x13, 0xeb, 0x0c, 0xb0, 0xf6, 0x38,
    0xff, 0xf7, 0x1e, 0x18, 0xc5, 0xb7, 0x34, 0xd8, 0x6f, 0xf4, 0x35, 0x05,
    0x45, 0xfb, 0x01, 0x0d, 0x26, 0x40, 0x19, 0xf9, 0xfd, 0xe9, 0xfe, 0xd4,
    0x0f, 0xf4, 0xda, 0x0f, 0xcf, 0x1a, 0x47, 0x11, 0xfc, 0xe3, 0x33, 0x1b,
    0x03, 0xbf, 0x21, 0xd1, 0xff, 0x11, 0xec, 0xe6, 0xc3, 0xbe, 0xc7, 0xcf,
    0xd0, 0x18, 0xe9, 0x07, 0xe6, 0xcc, 0xc4, 0x16, 0xa7, 0xa6, 0x02, 0xcc,
    0x34, 0xe1, 0x33, 0xe1, 0xf2, 0xc6, 0xfb, 0x24, 0xaf, 0x01, 0x81, 0xfa,
    0x00, 0x1c, 0x3f, 0xef, 0x2f, 0xec, 0xec, 0xf5, 0x26, 0x28, 0x0b, 0xcf,
    0xdf, 0xf7, 0xe6, 0xfe, 0xff, 0xed, 0xea, 0x12, 0xfe, 0xf0, 0xd0, 0x3a,
    0xf0, 0xc2, 0xf0, 0xfd, 0x18, 0xde, 0x0b, 0xec, 0x7f, 0x25, 0x6d, 0x12,
    0x25, 0xf2, 0xf7, 0x1d, 0xc1, 0x3c, 0xde, 0x23, 0xfd, 0xfc, 0xf7, 0xfb,
    0x03, 0x09, 0x1b, 0xfa, 0xd7, 0xbd, 0xfd, 0xf6, 0xf9, 0xac, 0xdf, 0xdc,
    0xcb, 0xee, 0x04, 0xc0, 0x51, 0x0d, 0x26, 0xf7, 0x14, 0xe8, 0x1a, 0xf6,
    0x13, 0x23, 0x9f, 0x3e, 0x22, 0x23, 0xf2, 0xd2, 0xba, 0xe3, 0xfd, 0xd9,
    0xee, 0xdb, 0x10, 0xec, 0xeb, 0xdf, 0x04, 0xfa, 0x0b, 0x0a, 0xcf, 0x15,
    0x0c, 0xcd, 0x1e, 0x06, 0x55, 0xde, 0x2c, 0x03, 0x1f, 0xfd, 0xc6, 0xfe,
    0xb6, 0xa2, 0x02, 0xe6, 0x15, 0x7f, 0xac, 0x1e, 0xb9, 0xe2, 0x0c, 0xe5,
    0xee, 0x1f, 0xde, 0xcf, 0x1e, 0x06, 0x24, 0x53, 0x37, 0x35, 0x0c, 0xcc,
    0x0c, 0xd5, 0x2b, 0xf3, 0xf5, 0x59, 0xfd, 0x19, 0x17, 0xd5, 0xe4, 0xea,
    0xfc, 0x41, 0xd2, 0x13, 0xd1, 0x1c, 0x0e, 0xdd, 0xd7, 0x23, 0xb3, 0xe4,
    0x2e, 0x23, 0x6b, 0x1b, 0x27, 0x4b, 0x48, 0xd6, 0x25, 0xda, 0x28, 0xf9,
    0xeb, 0x2f, 0x12, 0x55, 0x04, 0x1a, 0x2c, 0xff, 0x30, 0x5f, 0xd4, 0xfc,
    0xc7, 0x1c, 0x43, 0x35, 0x0d, 0x41, 0xda, 0xf4, 0xf6, 0x01, 0x35, 0x63,
    0x52, 0x5b, 0x0a, 0x14, 0xb3, 0xb5, 0xe7, 0xcc, 0x4a, 0x02, 0x2d, 0x1b,
    0xac, 0x81, 0x28, 0x5a, 0x3e, 0x4b, 0xd6, 0x1a, 0x35, 0xd4, 0xfb, 0xfb,
    0x13, 0x05, 0xca, 0xe3, 0x38, 0x1a, 0xd6, 0x00, 0x0e, 0xbd, 0xf3, 0xdf,
    0xca, 0xa3, 0x1d, 0x35, 0x4d, 0x34, 0xec, 0x2c, 0xe4, 0x36, 0x56, 0x55,
    0xee, 0x3c, 0x93, 0x5e, 0xed, 0xbc, 0x0c, 0x38, 0x37, 0xcb, 0xdb, 0xec,
    0x24, 0xed, 0xe8, 0x44, 0x15, 0x1b, 0xaa, 0x0b, 0xcd, 0x9a, 0x22, 0x3b,
    0xf7, 0x21, 0x0b, 0xcd, 0x1d, 0x46, 0x23, 0xff, 0xee, 0xf6, 0xb9, 0x69,
    0x9c, 0x46, 0xd9, 0xe0, 0xdc, 0x50, 0x31, 0xea, 0xd8, 0xf8, 0xca, 0x43,
    0xf5, 0x05, 0x24, 0x36, 0x17, 0x1a, 0xeb, 0x2f, 0x0d, 0x0a, 0xba, 0xea,
    0xb5, 0x81, 0xde, 0x53, 0xd5, 0x53, 0xd9, 0xef, 0x81, 0x28, 0xf7, 0x34,
    0x23, 0xea, 0x0c, 0xfb, 0x05, 0x2a, 0x24, 0xf7, 0xfe, 0x12, 0x39, 0xc2,
    0xa8, 0x04, 0xb8, 0x28, 0x16, 0xba, 0xd7, 0xd4, 0xdf, 0x0d, 0x4a, 0x63,
    0xea, 0x63, 0x8a, 0x01, 0xe4, 0x58, 0xf3, 0x10, 0xe9, 0x01, 0xeb, 0x2a,
    0x53, 0x0c, 0x0f, 0x38, 0xd2, 0xfa, 0x03, 0x04, 0xe4, 0xd4, 0x20, 0xdb,
    0x13, 0xfa, 0x0a, 0x53, 0x50, 0xd0, 0x4a, 0x52, 0x53, 0x50, 0xa4, 0x16,
    0xae, 0x08, 0x23, 0x07, 0x43, 0xdb, 0xb5, 0x40, 0x36, 0xfc, 0x36, 0x24,
    0xfe, 0x9a, 0xe2, 0xee, 0x46, 0x3f, 0xfc, 0xc2, 0xf0, 0xfc, 0x2c, 0xdd,
    0x13, 0x21, 0xc3, 0x4f, 0x0e, 0xdf, 0xc9, 0xe1, 0x13, 0xbf, 0x17, 0xeb,
    0x05, 0x3c, 0x00, 0xe5, 0x3c, 0xf6, 0x81, 0xa1, 0xc4, 0x02, 0xbd, 0x08,
    0x3c, 0x08, 0x9b, 0x24, 0xd3, 0xb3, 0x02, 0xef, 0xd4, 0xfd, 0xaf, 0xae,
    0x46, 0x05, 0xfd, 0xae, 0xe0, 0xe8, 0xcd, 0xf0, 0x01, 0xf8, 0x33, 0x38,
    0x07, 0xa8, 0x84, 0x1b, 0xf8, 0x0c, 0xf6, 0x16, 0x14, 0x26, 0x86, 0x34,
    0x51, 0xe0, 0x01, 0xe2, 0xa4, 0xff, 0xf6, 0x49, 0x0b, 0x0e, 0xf2, 0xa4,
    0xa8, 0x13, 0x96, 0xf6, 0x14, 0x46, 0x41, 0xd7, 0x40, 0x19, 0xf1, 0x0f,
    0x9a, 0x1d, 0xaa, 0x37, 0x39, 0x02, 0x19, 0x3d, 0x02, 0x45, 0x96, 0x1f,
    0xed, 0xec, 0x0e, 0xe6, 0xc7, 0xaf, 0xf6, 0x50, 0xc6, 0x9f, 0x7f, 0xe6,
    0x31, 0xbc, 0xe7, 0xc3, 0xde, 0xc4, 0xdc, 0x0a, 0xe2, 0xdc, 0xe6, 0x16,
    0x01, 0xf4, 0xdd, 0x1d, 0xe5, 0x41, 0xa8, 0x05, 0x08, 0x2f, 0xb4, 0xe2,
    0xc6, 0xe4, 0x46, 0x00, 0x2f, 0x28, 0x22, 0x32, 0xf1, 0xe0, 0x3f, 0xc7,
    0xec, 0xef, 0xf9, 0xf9, 0xdd, 0xfd, 0xe8, 0x10, 0x44, 0x21, 0xfb, 0x37,
    0x1d, 0x0e, 0x9b, 0x51, 0xfc, 0xd4, 0xec, 0xec, 0x13, 0xbd, 0x4e, 0x30,
    0x3c, 0xb6, 0x1c, 0x10, 0x25, 0xf2, 0x4e, 0xfa, 0x1b, 0xeb, 0x88, 0x1c,
    0xcf, 0x34, 0x14, 0x2b, 0x14, 0x21, 0x03, 0x06, 0x15, 0xc7, 0xee, 0xc7,
    0x0f, 0xdc, 0x06, 0x26, 0xe9, 0x12, 0x1a, 0x28, 0xf3, 0x3c, 0x20, 0x37,
    0xd2, 0x0d, 0xc7, 0x05, 0xe5, 0x30, 0x22, 0x2e, 0xc0, 0xf5, 0x28, 0xe7,
    0x1d, 0xbe, 0xd6, 0xe0, 0x16, 0xf9, 0xdb, 0x02, 0xa3, 0xec, 0x39, 0x06,
    0xdc, 0x9e, 0x23, 0x07, 0x2e, 0xbf, 0xed, 0x32, 0x01, 0xec, 0x1d, 0xe1,
    0xbe, 0x38, 0xb1, 0xf3, 0xd8, 0xc0, 0xa8, 0x30, 0x01, 0xbf, 0x1e, 0x09,
    0x42, 0xd1, 0x1b, 0x81, 0xa3, 0xfc, 0xfc, 0x40, 0x15, 0xd2, 0xf4, 0x14,
    0xfa, 0x03, 0xe1, 0x36, 0xe5, 0x31, 0x0d, 0x45, 0xbc, 0xbc, 0x9d, 0xd3,
    0x09, 0x05, 0xf4, 0x12, 0x00, 0xd8, 0x02, 0x38, 0xfa, 0x25, 0xbd, 0x51,
    0x37, 0x10, 0xf3, 0xed, 0xe0, 0xe0, 0xfd, 0x04, 0x17, 0xe6, 0x45, 0x1b,
    0x24, 0xea, 0xfb, 0xe4, 0x05, 0x12, 0xcd, 0xa9, 0x0f, 0xe9, 0xdf, 0x07,
    0xfe, 0x02, 0x08, 0x14, 0x09, 0x57, 0xbd, 0x16, 0x08, 0x1a, 0x30, 0xf8,
    0x08, 0xd5, 0xd8, 0x31, 0xf1, 0x26, 0x20, 0x25, 0xf4, 0xd0, 0xd2, 0x0c,
    0xf5, 0x12, 0xa3, 0xae, 0x5f, 0x1f, 0x38, 0x24, 0x09, 0x1f, 0x02, 0x1a,
    0xf5, 0x43, 0xf9, 0xf3, 0x01, 0x13, 0xea, 0xda, 0xff, 0xfc, 0x15, 0x4c,
    0x08, 0x03, 0xde, 0xfc, 0xfa, 0xc7, 0xd6, 0x0e, 0xf0, 0xd6, 0xb8, 0xd2,
    0x7f, 0x44, 0x53, 0xe1, 0xef, 0x0a, 0x15, 0xf4, 0x89, 0xf7, 0xae, 0x1d,
    0x33, 0x01, 0xdc, 0x0e, 0xb8, 0xfc, 0xfa, 0x8a, 0x59, 0xf6, 0x26, 0x02,
    0xee, 0xfb, 0x4b, 0x0b, 0x92, 0xd7, 0x2b, 0xb4, 0x87, 0xc7, 0x81, 0x0b,
    0x3b, 0xe4, 0x47, 0xdd, 0x0e, 0x03, 0xf4, 0x09, 0xbe, 0xd2, 0xd3, 0x98,
    0xb0, 0xce, 0x66, 0x16, 0x3d, 0xff, 0xca, 0xe8, 0xe0, 0xea, 0x50, 0x09,
    0xaa, 0xe8, 0xcf, 0x13, 0xf3, 0xbf, 0xe3, 0x21, 0xec, 0x34, 0x2e, 0x44,
    0x04, 0x54, 0xf7, 0x44, 0xbf, 0xfa, 0x1d, 0xaa, 0x84, 0x71, 0x57, 0xf9,
    0xe2, 0x0a, 0xe7, 0x01, 0xe8, 0x0e, 0x31, 0xab, 0xbb, 0xd8, 0x62, 0xfb,
    0x01, 0x3a, 0x8c, 0xbf, 0xe5, 0xe2, 0xfd, 0x13, 0x06, 0x39, 0xd7, 0x61,
    0x2c, 0x32, 0x1d, 0xc2, 0xf7, 0xee, 0x0f, 0x4a, 0x35, 0x2a, 0x25, 0x23,
    0x24, 0x29, 0x24, 0x09, 0xc3, 0x06, 0xc3, 0xb9, 0x7f, 0x1a, 0x07, 0x11,
    0x09, 0xec, 0xd9, 0x2d, 0xbe, 0x1e, 0x06, 0xf1, 0x09, 0x3a, 0x2e, 0xad,
    0xf1, 0xee, 0x07, 0xe2, 0xe4, 0x26, 0xe9, 0xfd, 0x0e, 0xd2, 0x20, 0x37,
    0xec, 0x2c, 0xf6, 0x15, 0x6c, 0xd9, 0x23, 0x25, 0x0b, 0xf9, 0x0e, 0xfb,
    0x01, 0x34, 0x04, 0x20, 0xe6, 0x25, 0x2c, 0xf2, 0x15, 0xdd, 0xd2, 0xeb,
    0x02, 0x1f, 0xf6, 0xeb, 0xf4, 0xc4, 0xf8, 0xe4, 0xe3, 0x1c, 0x97, 0x9e,
    0xfb, 0x30, 0x57, 0x1f, 0x0c, 0x1c, 0x2d, 0x06, 0x56, 0x19, 0xc3, 0xe9,
    0xe8, 0x00, 0x25, 0x05, 0x31, 0xee, 0xaf, 0x46, 0xc5, 0x51, 0xef, 0xfc,
    0x02, 0x4f, 0xbd, 0x06, 0xfa, 0xf9, 0xc5, 0xfb, 0xde, 0xd7, 0xde, 0x9c,
    0xd3, 0x2c, 0xf0, 0x16, 0x5a, 0xfd, 0x29, 0xff, 0xf3, 0xe0, 0x10, 0x39,
    0xf6, 0x04, 0xa0, 0xdb, 0xa5, 0x44, 0xbb, 0x3c, 0x32, 0xe1, 0xbf, 0x29,
    0x09, 0xcc, 0xd0, 0xd9, 0xa2, 0xe6, 0xad, 0xc1, 0xb7, 0x24, 0xc3, 0x47,
    0x4b, 0xd4, 0xaa, 0x9c, 0xb8, 0xf2, 0x03, 0x4e, 0x43, 0x92, 0xc1, 0x5b,
    0xd5, 0xf3, 0x24, 0xca, 0x24, 0x38, 0xe4, 0xdf, 0x29, 0xdb, 0x06, 0xee,
    0x81, 0xec, 0x93, 0x1d, 0x4a, 0x0d, 0xe9, 0xbe, 0x14, 0x55, 0xb1, 0x3e,
    0x43, 0xd1, 0xdd, 0xce, 0xea, 0xfd, 0x3a, 0xfa, 0x1d, 0x20, 0x11, 0x05,
    0xf4, 0xe2, 0xfe, 0xdf, 0xc7, 0xfb, 0xcc, 0xfc, 0x48, 0xd7, 0x2c, 0x00,
    0x2c, 0x13, 0xf6, 0xbb, 0xfd, 0xd0, 0xe6, 0xed, 0xf4, 0x1e, 0xb8, 0x2f,
    0xc7, 0xdd, 0x2a, 0x36, 0x04, 0xea, 0x6a, 0x2a, 0xce, 0xe1, 0xcb, 0xd8,
    0xc0, 0xb7, 0xd3, 0x0e, 0x11, 0xd6, 0x31, 0xf5, 0xe5, 0x33, 0x51, 0x02,
    0xf6, 0xfc, 0xe9, 0x36, 0x0f, 0x3c, 0x00, 0x16, 0xb2, 0xf9, 0xf8, 0xe8,
    0x0a, 0x02, 0x4b, 0x19, 0xd5, 0x0a, 0x14, 0xf1, 0xaf, 0xe8, 0x81, 0xe0,
    0x05, 0xc8, 0x18, 0x17, 0xd1, 0xd8, 0x12, 0xc2, 0x9f, 0x1b, 0x0e, 0xaf,
    0x34, 0xf5, 0x19, 0xca, 0xfb, 0x55, 0x43, 0xe6, 0xc3, 0x8b, 0xcb, 0xc4,
    0x24, 0x9a, 0xd1, 0x91, 0x95, 0x13, 0x08, 0x4c, 0x15, 0xf3, 0x08, 0xb4,
    0x16, 0x52, 0xec, 0xb5, 0x26, 0x51, 0xcb, 0xc8, 0x2f, 0xd7, 0x04, 0x32,
    0x9a, 0xe1, 0xec, 0x4f, 0x15, 0xc6, 0xa2, 0x1f, 0x40, 0xc6, 0xbb, 0x02,
    0xf7, 0x2e, 0x3e, 0xcd, 0xd5, 0x1e, 0xf4, 0xfd, 0x4c, 0xe5, 0xc8, 0x01,
    0x25, 0xdd, 0xd1, 0xe0, 0xdd, 0x24, 0x0f, 0x0e, 0x81, 0xfb, 0x4f, 0x1d,
    0xe5, 0xec, 0xaa, 0xf5, 0x04, 0xdd, 0xed, 0xae, 0xcc, 0xba, 0xea, 0x43,
    0xba, 0x09, 0x0f, 0xf7, 0x00, 0x08, 0x3c, 0x1a, 0x24, 0x5e, 0xdc, 0xf6,
    0x1b, 0xdb, 0x2f, 0x04, 0xfc, 0x1a, 0x14, 0x48, 0x0e, 0xe7, 0x05, 0x11,
    0xf8, 0xd9, 0xdd, 0xe2, 0x35, 0x2f, 0xd8, 0xd1, 0x54, 0x59, 0x63, 0xfd,
    0x1e, 0x28, 0xcb, 0xf6, 0xe9, 0x65, 0xe2, 0xe8, 0xf3, 0xc8, 0x07, 0xde,
    0x11, 0xe7, 0x1e, 0x68, 0xf9, 0xd7, 0xee, 0x15, 0x1c, 0xde, 0xe6, 0xf8,
    0xde, 0x0c, 0xe1, 0x15, 0x7f, 0x45, 0x7f, 0xd8, 0x42, 0x14, 0x02, 0xe0,
    0x1d, 0x12, 0x0a, 0x20, 0xea, 0xd9, 0x14, 0xe2, 0xdd, 0x19, 0xe7, 0x20,
    0xfc, 0xf0, 0xf2, 0xf6, 0x0a, 0x0d, 0xfa, 0x14, 0xc2, 0x0c, 0x13, 0xc8,
    0x6a, 0x01, 0x6f, 0xf2, 0x10, 0xed, 0xb7, 0x1b, 0x2c, 0x3d, 0x4d, 0x7f,
    0x47, 0x53, 0x23, 0x19, 0x1d, 0xf2, 0xe2, 0xdb, 0xe4, 0x07, 0x38, 0xde,
    0xc7, 0x2c, 0xfa, 0x1d, 0x12, 0x14, 0x0f, 0xfe, 0x32, 0x2f, 0xed, 0x27,
    0x33, 0xf8, 0x2d, 0x2a, 0xfb, 0x42, 0xf9, 0x4c, 0xff, 0xf0, 0xb2, 0xbb,
    0x28, 0x22, 0xe0, 0x49, 0x02, 0xc4, 0x2d, 0xf5, 0xcf, 0xd2, 0x27, 0xe4,
    0x1f, 0xc0, 0x08, 0xb1, 0x1d, 0x30, 0x21, 0x0b, 0xc8, 0x16, 0x3e, 0xd1,
    0xb0, 0xe3, 0x3b, 0xa8, 0x0d, 0xd8, 0xb4, 0xa5, 0x3f, 0xe0, 0x11, 0x12,
    0xeb, 0xcc, 0xfa, 0x1e, 0xb4, 0x2d, 0xe2, 0xeb, 0xdb, 0xd9, 0xd1, 0xd5,
    0x3c, 0x01, 0x2e, 0xce, 0xfb, 0xcf, 0x31, 0xd0, 0xf7, 0x1b, 0xcd, 0xdf,
    0xe5, 0xcf, 0xe2, 0xe2, 0x27, 0x7f, 0xb2, 0xd1, 0xb4, 0xd7, 0xd8, 0x09,
    0xeb, 0xee, 0x89, 0xdf, 0x0a, 0x05, 0x76, 0x51, 0x2c, 0x30, 0x1d, 0xd1,
    0x02, 0xe2, 0x23, 0xf9, 0xf5, 0x15, 0xcc, 0x29, 0xdc, 0xc0, 0xd7, 0xfb,
    0xe0, 0x70, 0xf2, 0xf4, 0xad, 0xf3, 0x3c, 0xe7, 0xf0, 0xee, 0x9e, 0x01,
    0xe6, 0x42, 0x54, 0x66, 0x53, 0x48, 0x2f, 0xa7, 0x1c, 0xf9, 0x1f, 0xfc,
    0x45, 0x0f, 0xd1, 0x42, 0x1a, 0x18, 0xed, 0x24, 0x27, 0x50, 0xcb, 0x16,
    0xd9, 0x22, 0x4f, 0xfc, 0x11, 0x06, 0xe3, 0x1d, 0x00, 0x40, 0x57, 0x2b,
    0x45, 0x68, 0x72, 0x03, 0x02, 0xd8, 0xd2, 0x2e, 0x1e, 0xd5, 0xcc, 0xa9,
    0xef, 0xb1, 0x31, 0xa1, 0x10, 0x14, 0x35, 0xcb, 0x54, 0xce, 0xe0, 0x4b,
    0xa7, 0xba, 0x3c, 0x2f, 0xfb, 0xa9, 0xa3, 0x26, 0x7f, 0xbb, 0x54, 0xfb,
    0xb7, 0xfe, 0x19, 0xef, 0xe0, 0xe9, 0x0c, 0x3b, 0xb6, 0x4a, 0xdb, 0xd0,
    0x97, 0xad, 0xe1, 0x0c, 0x2b, 0xd7, 0x1a, 0x0f, 0x04, 0x12, 0xbc, 0x21,
    0x24, 0x32, 0xcb, 0x9a, 0xd9, 0xe9, 0xf9, 0x00, 0xb0, 0x1f, 0xe1, 0x43,
    0x20, 0x50, 0xbe, 0xec, 0xf5, 0x2b, 0x4f, 0xee, 0x9a, 0xe4, 0xe0, 0x20,
    0xd7, 0xab, 0x33, 0xe7, 0x0c, 0xe4, 0x2f, 0xee, 0x9d, 0xe1, 0xd6, 0xbd,
    0xde, 0xa9, 0x12, 0x20, 0x1e, 0x21, 0x2e, 0x17, 0x45, 0x2a, 0xe6, 0x29,
    0xe7, 0xed, 0xde, 0x43, 0x27, 0x10, 0xcf, 0x28, 0x04, 0xf5, 0xd7, 0xe6,
    0x1a, 0x1a, 0xdc, 0xe2, 0x02, 0x25, 0xfc, 0xeb, 0x7f, 0xea, 0x2c, 0xd6,
    0xd1, 0xd8, 0xe4, 0x18, 0x2f, 0x12, 0x21, 0xd4, 0x0d, 0xd8, 0x11, 0xe6,
    0xe0, 0x1d, 0x26, 0x0d, 0x0e, 0x03, 0xea, 0xdd, 0x0d, 0x1f, 0x28, 0xc7,
    0xe1, 0xe3, 0x21, 0x12, 0x63, 0x20, 0x33, 0x30, 0xd6, 0x15, 0x08, 0xc9,
    0xdf, 0x05, 0xdc, 0x0c, 0x2f, 0xe8, 0x10, 0xdb, 0xc9, 0x2c, 0x12, 0x0d,
    0xcd, 0xf5, 0x1f, 0xe6, 0x05, 0xc5, 0xd3, 0xf7, 0xd4, 0x0d, 0xdb, 0xdb,
    0x04, 0xd6, 0x21, 0x28, 0x34, 0xe0, 0x29, 0x07, 0x0d, 0x49, 0x0a, 0xe1,
    0x09, 0x1c, 0x04, 0x0c, 0x03, 0xfb, 0xea, 0x2f, 0xf9, 0x0e, 0xf8, 0x10,
    0xe3, 0xf6, 0xcc, 0x02, 0x19, 0xfd, 0xeb, 0x1f, 0x7f, 0x56, 0x74, 0xe2,
    0x24, 0xfc, 0xe5, 0xe0, 0x07, 0x0b, 0xe7, 0xfe, 0xe7, 0xe8, 0xeb, 0x1d,
    0xed, 0xd6, 0xe1, 0x21, 0x0e, 0xfa, 0x01, 0xe7, 0xf4, 0xcb, 0x06, 0xfe,
    0x14, 0x03, 0x12, 0xde, 0x4c, 0x20, 0x3c, 0xd0, 0xe3, 0x8d, 0xd4, 0x01,
    0xed, 0x15, 0xc8, 0x4b, 0x11, 0x39, 0xfe, 0x00, 0xcc, 0x01, 0x0c, 0xea,
    0xee, 0xd8, 0x1e, 0x15, 0xf8, 0x08, 0xe7, 0xd1, 0xdc, 0x09, 0xf2, 0xed,
    0x5e, 0x32, 0x52, 0x2b, 0x24, 0xd0, 0xcf, 0x24, 0x15, 0xd0, 0xf3, 0xf8,
    0xd9, 0xc0, 0xdb, 0x31, 0x04, 0x22, 0xc4, 0x01, 0xf2, 0x12, 0xbc, 0xde,
    0x07, 0x12, 0x12, 0x35, 0x45, 0x3a, 0x39, 0xdc, 0xd9, 0xa6, 0x05, 0xc5,
    0x14, 0xda, 0xf1, 0x13, 0x43, 0xe9, 0xf8, 0xb9, 0x07, 0xe7, 0xf2, 0x52,
    0x17, 0xd1, 0xff, 0xda, 0xee, 0x03, 0x05, 0x10, 0x16, 0x3e, 0x10, 0x12,
    0x12, 0x3c, 0x3a, 0xea, 0xd8, 0xd4, 0x08, 0xd1, 0xde, 0xd7, 0x14, 0x1e,
    0x23, 0xcd, 0x0c, 0xb0, 0xfe, 0xdc, 0x0c, 0x3c, 0x0e, 0xb9, 0x05, 0x20,
    0x1d, 0x42, 0x05, 0x0e, 0x3c, 0xfe, 0x0a, 0x34, 0xff, 0xed, 0xfc, 0xcb,
    0xd8, 0xec, 0x81, 0x2d, 0xda, 0xe7, 0x0c, 0x05, 0x3e, 0xc1, 0x0c, 0xa0,
    0xc8, 0xf0, 0xe6, 0x10, 0x28, 0xfb, 0x14, 0x4c, 0xc4, 0xe4, 0xb2, 0x05,
    0xe6, 0x01, 0xc7, 0x40, 0xfb, 0x11, 0xeb, 0xbc, 0xe6, 0xaa, 0xc8, 0x06,
    0xe6, 0xcd, 0xb9, 0xda, 0x49, 0xdf, 0xcf, 0x05, 0xdb, 0x21, 0x25, 0x30,
    0x28, 0xfe, 0xc0, 0xf5, 0x23, 0x1c, 0x04, 0x41, 0xef, 0x0b, 0xc1, 0x1a,
    0xdc, 0xdb, 0xe9, 0x10, 0x96, 0xab, 0xca, 0x24, 0x12, 0x36, 0x20, 0x11,
    0x2e, 0x23, 0x28, 0xdd, 0xaf, 0xf4, 0x34, 0x42, 0x38, 0x82, 0xe3, 0xdd,
    0xe5, 0x4b, 0xd4, 0xec, 0x2c, 0x25, 0xd0, 0x30, 0x23, 0xe9, 0xd0, 0xc0,
    0x96, 0x81, 0xde, 0x18, 0xed, 0x2d, 0x0c, 0xf9, 0xdc, 0xf7, 0x58, 0xbd,
    0xf4, 0x1e, 0x17, 0xf2, 0x26, 0xd4, 0xbd, 0xec, 0xd6, 0x1b, 0xf8, 0x2e,
    0x00, 0x1b, 0x05, 0x59, 0xf8, 0xd7, 0xd3, 0xd3, 0xe1, 0xaf, 0xd2, 0xa2,
    0xa1, 0x23, 0xdc, 0x29, 0xfe, 0xbe, 0xf7, 0x04, 0x18, 0x2b, 0x13, 0x42,
    0x16, 0xeb, 0xc5, 0x9f, 0xc0, 0x37, 0x8f, 0xd0, 0xe7, 0x08, 0xf0, 0x2e,
    0xdc, 0x3b, 0xbb, 0xf7, 0xcc, 0xdf, 0x83, 0xa7, 0x1c, 0xf4, 0x06, 0x23,
    0x2d, 0xff, 0x23, 0x94, 0xd7, 0x00, 0x33, 0x2d, 0x59, 0xb5, 0xd8, 0xf3,
    0x2a, 0x30, 0xc4, 0x23, 0x1c, 0x46, 0x1b, 0x17, 0x1a, 0x48, 0xa2, 0xdd,
    0x81, 0xbb, 0xa0, 0x1c, 0xd1, 0x1b, 0x45, 0x60, 0x94, 0x40, 0x34, 0xa6,
    0x81, 0xc2, 0xcd, 0xc2, 0x86, 0xb1, 0x9b, 0x17, 0xbd, 0xa6, 0xf8, 0x38,
    0x23, 0xc6, 0x9a, 0xbf, 0xeb, 0x31, 0x07, 0x84, 0xd3, 0xf6, 0xa6, 0x02,
    0x96, 0x28, 0xcb, 0x63, 0xa7, 0xd5, 0x2a, 0xe5, 0x97, 0x03, 0xb0, 0xd7,
    0x34, 0xfb, 0x92, 0x9c, 0x05, 0xe9, 0xe3, 0x53, 0xb1, 0xef, 0x5f, 0xfe,
    0xd3, 0x50, 0x46, 0xf8, 0xd1, 0xa9, 0xff, 0x24, 0x99, 0xb1, 0xc9, 0xe8,
    0xdc, 0xd8, 0xeb, 0xa4, 0xef, 0x05, 0x4e, 0x4d, 0x60, 0xa9, 0x24, 0x30,
    0x95, 0x2f, 0xbc, 0x1f, 0x34, 0xc2, 0x00, 0xbd, 0x43, 0xe2, 0x0b, 0xfd,
    0xbb, 0xe4, 0x05, 0x50, 0x13, 0x18, 0xce, 0xe8, 0x0d, 0xe6, 0x07, 0xfc,
    0xf0, 0xa6, 0x36, 0x55, 0x34, 0x0b, 0xfc, 0x04, 0xb8, 0x39, 0x99, 0x1d,
    0x13, 0xe4, 0x03, 0xc4, 0xf8, 0x10, 0xcc, 0x4f, 0x0d, 0x10, 0xe9, 0xd4,
    0xec, 0xc8, 0x21, 0x36, 0x3f, 0xd3, 0xc3, 0x0e, 0xf4, 0xa7, 0x1c, 0x36,
    0x16, 0x42, 0xe1, 0x4c, 0xaa, 0xf4, 0xf4, 0x0a, 0xd9, 0x24, 0x0a, 0x40,
    0x07, 0x1f, 0x28, 0x4b, 0x81, 0xc8, 0x08, 0xe9, 0xe2, 0xd6, 0x0c, 0xf8,
    0x5b, 0xd3, 0x13, 0xc4, 0x20, 0xee, 0x27, 0x35, 0x2b, 0xb8, 0xff, 0x30,
    0x99, 0x2d, 0x13, 0x32, 0x30, 0xf2, 0xf9, 0x25, 0x50, 0xdd, 0x38, 0xf4,
    0xe0, 0xf6, 0xb3, 0xd2, 0xf4, 0xef, 0xc7, 0x08, 0x1e, 0xf9, 0xcd, 0x15,
    0xf0, 0x30, 0x1c, 0x2d, 0xf2, 0xb9, 0x32, 0x00, 0x2f, 0xc9, 0x1d, 0x0b,
    0xd0, 0xf1, 0xe9, 0xbb, 0xf9, 0xcd, 0x02, 0x23, 0x81, 0x28, 0xd8, 0x1b,
    0xe4, 0x0b, 0x26, 0x25, 0xde, 0x07, 0x09, 0xde, 0x1e, 0xeb, 0xf3, 0x22,
    0xe0, 0x20, 0xff, 0xd5, 0x2b, 0xfa, 0x3b, 0xfb, 0xdb, 0xe0, 0x3a, 0xd6,
    0xc4, 0x23, 0xd0, 0xcf, 0xe4, 0xff, 0xcb, 0x38, 0xd6, 0xe0, 0x32, 0xe1,
    0x05, 0x32, 0xd6, 0x27, 0x07, 0xd0, 0xf4, 0xbf, 0x1d, 0x5e, 0x28, 0xc1,
    0xf5, 0xbb, 0x35, 0xef, 0xec, 0x06, 0x08, 0xf4, 0xed, 0x23, 0x24, 0x49,
    0xf6, 0x22, 0x01, 0xdf, 0xcc, 0xda, 0xe8, 0x31, 0x28, 0x08, 0x37, 0xba,
    0xb3, 0xb2, 0xdf, 0x13, 0x39, 0x3c, 0x05, 0xc4, 0x05, 0x23, 0x87, 0x1e,
    0xc0, 0xff, 0x1e, 0x3a, 0x4f, 0x51, 0x14, 0x50, 0xe6, 0x81, 0x9d, 0xbb,
    0x36, 0xc6, 0xd3, 0xf7, 0x0e, 0xea, 0x14, 0xcb, 0x01, 0xcd, 0x48, 0x17,
    0x43, 0xf2, 0xa9, 0xb8, 0xd7, 0x4d, 0xce, 0x3f, 0xec, 0x41, 0xfe, 0x4d,
    0x4e, 0xe0, 0x53, 0x30, 0xad, 0xcc, 0xcd, 0xf3, 0xc8, 0x20, 0x29, 0x63,
    0x19, 0x24, 0x17, 0xc6, 0x31, 0xbd, 0xf7, 0xe0, 0x4e, 0xc9, 0xf7, 0xb0,
    0x2d, 0x4f, 0x11, 0x45, 0xf5, 0x5a, 0x07, 0x49, 0x12, 0xe5, 0x13, 0xd1,
    0xcc, 0xad, 0xc8, 0xe5, 0x20, 0x9c, 0x08, 0x12, 0x21, 0xd6, 0x0a, 0xc0,
    0x04, 0x01, 0x25, 0x49, 0xdc, 0x24, 0xe9, 0x81, 0xe7, 0xb6, 0xbb, 0xe5,
    0xba, 0x2a, 0x0b, 0x43, 0x1f, 0xab, 0x25, 0xbb, 0x27, 0x1c, 0xda, 0x07,
    0x2c, 0xf7, 0xa8, 0x4a, 0x0c, 0x85, 0x16, 0x41, 0xe5, 0xb7, 0x32, 0xcb,
    0x08, 0xff, 0x28, 0xff, 0xd7, 0x14, 0xe9, 0xf1, 0x0c, 0x59, 0xec, 0x26,
    0x3f, 0x0b, 0xf8, 0x08, 0xee, 0xbd, 0xad, 0xa5, 0xee, 0xbd, 0xea, 0x1a,
    0x45, 0xe9, 0x64, 0xf3, 0x07, 0x1c, 0x32, 0xba, 0x50, 0xee, 0xcc, 0x0c,
    0x16, 0x2a, 0xce, 0xfa, 0x2f, 0x38, 0x07, 0x2f, 0x0d, 0x0d, 0x33, 0xfe,
    0xad, 0xb8, 0xa2, 0xf7, 0xbc, 0xd8, 0x49, 0x3b, 0xfe, 0x04, 0x9b, 0xfa,
    0xfb, 0x0f, 0xfa, 0x05, 0x0c, 0x5a, 0xd8, 0x1c, 0xbd, 0xfb, 0x0c, 0x4e,
    0x31, 0xd8, 0x13, 0xe1, 0x21, 0xca, 0x1d, 0xe6, 0x05, 0x38, 0x3e, 0xf6,
    0xf8, 0x96, 0xba, 0xd9, 0x2a, 0x6d, 0xa4, 0xf6, 0xdd, 0x0e, 0x49, 0xbd,
    0x03, 0xf3, 0x00, 0x55, 0xf3, 0xee, 0x52, 0x02, 0x10, 0x0e, 0xcc, 0xdd,
    0xfb, 0x0c, 0xd9, 0xea, 0x2c, 0xfe, 0x2b, 0xd7, 0x0a, 0xf1, 0xd0, 0xf9,
    0x05, 0x2c, 0x09, 0xfe, 0x20, 0xb3, 0xbb, 0xd3, 0xbc, 0x07, 0xe0, 0x38,
    0x48, 0xb8, 0x21, 0xe1, 0xd8, 0xea, 0x12, 0x15, 0xb8, 0x0c, 0xfa, 0xe3,
    0x75, 0x72, 0x7f, 0xf9, 0x1a, 0x0c, 0xe9, 0x33, 0x13, 0x3b, 0x47, 0x72,
    0x5a, 0x2c, 0xdd, 0xb7, 0x28, 0xdd, 0xc2, 0x3b, 0x27, 0xde, 0x5f, 0x22,
    0xfe, 0xd9, 0x1b, 0x00, 0xe6, 0xd2, 0xce, 0x09, 0x38, 0x22, 0x78, 0xe3,
    0x31, 0xfd, 0xdd, 0xf1, 0xd1, 0x34, 0x00, 0x18, 0xd0, 0xd8, 0xd3, 0xda,
    0x38, 0xdf, 0x09, 0x53, 0xef, 0xc9, 0x05, 0x29, 0xe9, 0x34, 0x1e, 0xf7,
    0xc3, 0xea, 0xda, 0x10, 0x5c, 0xe7, 0x6c, 0xc9, 0xd7, 0xe4, 0xde, 0x08,
    0xe6, 0x1c, 0x2c, 0xe4, 0xc4, 0x25, 0xea, 0xc4, 0x2c, 0xb2, 0x05, 0x45,
    0x18, 0xdf, 0xd4, 0x12, 0x13, 0xde, 0xe4, 0x05, 0xd4, 0xc9, 0xe4, 0xcc,
    0x79, 0xf5, 0x7f, 0x12, 0x19, 0x1b, 0x0e, 0x2f, 0xef, 0x5f, 0x0b, 0x32,
    0x0d, 0x2f, 0xe4, 0xf8, 0x0f, 0x18, 0xf2, 0x2d, 0x18, 0xff, 0x04, 0x38,
    0xe9, 0xdd, 0xe6, 0x1b, 0x1b, 0xf7, 0xe0, 0x06, 0x7f, 0x3b, 0x29, 0xf6,
    0x1c, 0xd6, 0xf6, 0x26, 0x05, 0x1e, 0xde, 0x1c, 0x09, 0x1a, 0x1c, 0xda,
    0x1f, 0xe9, 0xec, 0x3c, 0xd8, 0xe8, 0x19, 0x13, 0x0a, 0x1a, 0xe3, 0x22,
    0xd4, 0x0b, 0x09, 0x0a, 0x6b, 0x25, 0x4a, 0x06, 0xef, 0x95, 0x00, 0x00,
    0xd9, 0xdc, 0xcd, 0xf9, 0x1c, 0xdc, 0xd4, 0xff, 0xd7, 0xe2, 0x03, 0xf6,
    0xd1, 0xe9, 0xec, 0x1b, 0x1e, 0xca, 0x23, 0xe0, 0x0a, 0x0c, 0x03, 0xe3,
    0x4b, 0x09, 0x26, 0xea, 0x34, 0x18, 0x2d, 0xe1, 0x3c, 0x23, 0xfd, 0xf5,
    0x11, 0x04, 0x33, 0x0b, 0x07, 0x3e, 0xf6, 0x2f, 0x14, 0x2e, 0x10, 0x04,
    0x18, 0xe4, 0x13, 0x20, 0xe7, 0x16, 0x07, 0xdc, 0x57, 0x5d, 0x77, 0x2c,
    0x3a, 0xd4, 0x15, 0xcc, 0xfd, 0x08, 0xd2, 0xd4, 0x01, 0xd0, 0x29, 0x19,
    0xd7, 0xfc, 0xee, 0x08, 0x0e, 0x05, 0x0e, 0xfd, 0x28, 0xde, 0xff, 0x22,
    0x07, 0xda, 0x0d, 0xce, 0x7f, 0x20, 0x39, 0xe3, 0x06, 0xe4, 0xfc, 0x09,
    0xe3, 0x20, 0xed, 0x0c, 0xe1, 0x01, 0x0f, 0xee, 0xbc, 0x13, 0xe5, 0x0c,
    0xf8, 0xe6, 0x06, 0xfc, 0xee, 0xd9, 0x21, 0xbc, 0xbc, 0xfc, 0xe5, 0xcf,
    0x65, 0x08, 0x47, 0x04, 0xfe, 0xf7, 0x28, 0xec, 0xe5, 0xf3, 0xb9, 0x38,
    0x4e, 0x3f, 0x29, 0x12, 0x16, 0xc5, 0x17, 0xf2, 0xdd, 0xd7, 0x55, 0x08,
    0x03, 0xfc, 0x25, 0x12, 0xd0, 0xc0, 0xd3, 0xf0, 0x09, 0x0e, 0xf4, 0x3b,
    0x2c, 0x08, 0xee, 0x19, 0xf2, 0x2e, 0x81, 0x3b, 0x3d, 0x03, 0xfd, 0xcd,
    0xe8, 0x02, 0xcf, 0x5a, 0x0e, 0xbe, 0x67, 0x4e, 0x59, 0xb8, 0xee, 0x0f,
    0xe3, 0xf2, 0xb6, 0xb8, 0xf8, 0xfe, 0x29, 0xe9, 0x48, 0x11, 0xb4, 0x56,
    0x0f, 0x4e, 0xb2, 0x2c, 0x2f, 0x31, 0x07, 0x00, 0xd8, 0xb3, 0x0e, 0x6b,
    0x0e, 0x28, 0x56, 0x17, 0x37, 0xb0, 0xe3, 0x01, 0xdb, 0xbc, 0x9b, 0xe9,
    0x37, 0x59, 0x5a, 0x22, 0x0d, 0x41, 0xe3, 0xb9, 0x24, 0xa2, 0xf7, 0xdc,
    0xd7, 0x48, 0x0e, 0x13, 0xe8, 0x92, 0x02, 0x06, 0xfd, 0xd9, 0x10, 0x17,
    0x07, 0x1c, 0xef, 0xff, 0x12, 0x29, 0xde, 0x09, 0xd2, 0x0f, 0x10, 0xe4,
    0x41, 0x59, 0x2b, 0x12, 0xf3, 0xda, 0x2d, 0xf8, 0x49, 0x20, 0x30, 0x21,
    0x2b, 0x26, 0xed, 0x7f, 0xd0, 0xfa, 0x52, 0xf8, 0xf7, 0xb2, 0x34, 0xae,
    0xf6, 0x29, 0xdb, 0xfa, 0xf6, 0x16, 0xe6, 0xd9, 0x34, 0x0f, 0xd3, 0xf8,
    0x38, 0x0f, 0xce, 0x28, 0x5e, 0xd9, 0xb5, 0xb3, 0x0a, 0x25, 0xda, 0x5a,
    0x3a, 0xb8, 0x34, 0xf1, 0xd1, 0xd1, 0x48, 0xda, 0xaa, 0x3c, 0xf1, 0xce,
    0x8b, 0x46, 0xd2, 0xef, 0xea, 0x17, 0xfa, 0xf2, 0x03, 0xdd, 0x08, 0x08,
    0xf1, 0xfc, 0x33, 0x0b, 0xcb, 0x5f, 0xe6, 0x1c, 0xb0, 0x20, 0xf4, 0x0c,
    0xf4, 0x2d, 0x9f, 0xe7, 0x36, 0x27, 0x45, 0x04, 0x25, 0xfd, 0x0d, 0xbc,
    0xf7, 0x30, 0xff, 0xd8, 0xed, 0x1c, 0x01, 0x2e, 0x30, 0xf2, 0x1e, 0x19,
    0x3d, 0x3f, 0x10, 0xe2, 0xb6, 0xfb, 0x03, 0x33, 0xfd, 0xd8, 0xd5, 0xfd,
    0x1d, 0x18, 0x52, 0x4d, 0x1f, 0xdc, 0x19, 0xc6, 0xe0, 0xf8, 0x47, 0xc6,
    0xe6, 0x3a, 0xd3, 0x57, 0x34, 0xea, 0x27, 0xe7, 0x23, 0x7f, 0xaf, 0x15,
    0x1d, 0x43, 0xf3, 0x23, 0x2b, 0xf2, 0xf2, 0x35, 0xe3, 0xef, 0x16, 0x1a,
    0xec, 0xf3, 0xf8, 0xd4, 0xbe, 0xeb, 0xff, 0xff, 0x04, 0x00, 0x00, 0x00,
    0x00, 0x01, 0x00, 0x00, 0x10, 0xff, 0xff, 0xff, 0x64, 0xf7, 0xff, 0xff,
    0x75, 0xf7, 0xff, 0xff, 0x24, 0x03, 0x00, 0x00, 0xdc, 0xfe, 0xff, 0xff,
    0x14, 0x05, 0x00, 0x00, 0x5f, 0x00, 0x00, 0x00, 0x40, 0x01, 0x00, 0x00,
    0x10, 0xfe, 0xff, 0xff, 0xcd, 0xfd, 0xff, 0xff, 0x40, 0xff, 0xff, 0xff,
    0xbb, 0x04, 0x00, 0x00, 0x7c, 0xfd, 0xff, 0xff, 0x36, 0x03, 0x00, 0x00,
    0xc6, 0xfc, 0xff, 0xff, 0x6d, 0x00, 0x00, 0x00, 0x99, 0x03, 0x00, 0x00,
    0xe5, 0xfe, 0xff, 0xff, 0xe0, 0xff, 0xff, 0xff, 0xfd, 0x04, 0x00, 0x00,
    0x1c, 0xff, 0xff, 0xff, 0x52, 0xfd, 0xff, 0xff, 0xb0, 0x01, 0x00, 0x00,
    0xc4, 0xfb, 0xff, 0xff, 0x59, 0xff, 0xff, 0xff, 0xe0, 0xfe, 0xff, 0xff,
    0xc5, 0xfd, 0xff, 0xff, 0xf1, 0xff, 0xff, 0xff, 0x54, 0xff, 0xff, 0xff,
    0x27, 0x01, 0x00, 0x00, 0xfc, 0xfe, 0xff, 0xff, 0x24, 0xf9, 0xff, 0xff,
    0x61, 0xff, 0xff, 0xff, 0x06, 0xff, 0xff, 0xff, 0x6c, 0xff, 0xff, 0xff,
    0xc1, 0x02, 0x00, 0x00, 0xea, 0xfd, 0xff, 0xff, 0x68, 0xfe, 0xff, 0xff,
    0xf5, 0x03, 0x00, 0x00, 0x1b, 0x03, 0x00, 0x00, 0xdb, 0x01, 0x00, 0x00,
    0x44, 0x03, 0x00, 0x00, 0x83, 0x04, 0x00, 0x00, 0x81, 0xfe, 0xff, 0xff,
    0x39, 0x02, 0x00, 0x00, 0xd6, 0xf7, 0xff, 0xff, 0x0c, 0x04, 0x00, 0x00,
    0x29, 0x01, 0x00, 0x00, 0x2b, 0xfe, 0xff, 0xff, 0xdf, 0xff, 0xff, 0xff,
    0x49, 0x03, 0x00, 0x00, 0x32, 0x05, 0x00, 0x00, 0xee, 0xfe, 0xff, 0xff,
    0xf7, 0xfd, 0xff, 0xff, 0x9a, 0x01, 0x00, 0x00, 0xbc, 0x01, 0x00, 0x00,
    0x33, 0x02, 0x00, 0x00, 0x5b, 0xfe, 0xff, 0xff, 0x24, 0x03, 0x00, 0x00,
    0x9a, 0xfe, 0xff, 0xff, 0x18, 0xff, 0xff, 0xff, 0xac, 0xfe, 0xff, 0xff,
    0x5e, 0xfe, 0xff, 0xff, 0x94, 0xfc, 0xff, 0xff, 0xca, 0xec, 0xff, 0xff,
    0x04, 0x00, 0x00, 0x00, 0x00, 0x10, 0x00, 0x00, 0x2c, 0xde, 0x30, 0xea,
    0x28, 0x1c, 0x9f, 0xde, 0x03, 0xd5, 0x2f, 0x0b, 0xf8, 0x0a, 0xa6, 0xc9,
    0xd1, 0x0c, 0x3b, 0xf3, 0x57, 0x11, 0x08, 0x23, 0xb4, 0x09, 0xce, 0xb9,
    0xe4, 0x49, 0x0a, 0x49, 0x23, 0xcb, 0xf5, 0xef, 0x3a, 0xdd, 0x55, 0xca,
    0xb0, 0x22, 0xec, 0x5f, 0x2c, 0x81, 0x2e, 0x36, 0xa7, 0x1d, 0x34, 0xe5,
    0x1e, 0x2d, 0xc1, 0xe7, 0xd9, 0xa7, 0x37, 0xd0, 0xc7, 0xb2, 0x20, 0xeb,
    0x18, 0x20, 0x38, 0xaf, 0x85, 0x40, 0xb0, 0x2f, 0xde, 0xa8, 0xbe, 0x34,
    0xf7, 0x20, 0xa7, 0xe7, 0xd2, 0x08, 0xa8, 0xbe, 0x24, 0xd1, 0x15, 0xba,
    0xc7, 0x3c, 0xca, 0xb8, 0x18, 0xfc, 0xce, 0x81, 0x2a, 0xc1, 0xb4, 0x14,
    0xe5, 0xdd, 0xf4, 0xef, 0x37, 0xe4, 0xf2, 0xfe, 0xdc, 0xa4, 0xe0, 0x3e,
    0x2d, 0x3c, 0x0b, 0x1d, 0xdf, 0x3a, 0xe1, 0xfe, 0xe9, 0xc6, 0xa4, 0xc2,
    0x58, 0x2d, 0xef, 0xea, 0xf4, 0xe4, 0x4f, 0x95, 0xe2, 0x4b, 0xb4, 0x2e,
    0x0a, 0x34, 0xfd, 0x3a, 0xe1, 0x1c, 0x08, 0x2b, 0x0f, 0xfb, 0xec, 0x1e,
    0x25, 0x07, 0xef, 0x4a, 0xbb, 0x3b, 0x28, 0x24, 0x0e, 0x2d, 0xdd, 0x22,
    0x2a, 0xe4, 0xdf, 0xbc, 0x2e, 0x7f, 0x46, 0x27, 0x28, 0x21, 0x01, 0xf6,
    0xea, 0x58, 0x29, 0x3f, 0x57, 0xb3, 0xa0, 0xc9, 0xee, 0xed, 0xfe, 0xe0,
    0xba, 0x2b, 0xc5, 0x2d, 0x55, 0xed, 0x04, 0x49, 0x06, 0x1d, 0xfe, 0x10,
    0x35, 0xed, 0xda, 0xf0, 0xf9, 0x45, 0x16, 0xf9, 0xfa, 0x35, 0x03, 0xee,
    0x12, 0xe9, 0x28, 0xe9, 0x42, 0x15, 0x00, 0x14, 0xf7, 0x13, 0xdf, 0xdf,
    0x1e, 0x25, 0x7f, 0x0f, 0x10, 0xda, 0xf1, 0xfa, 0xdb, 0x52, 0xf6, 0x25,
    0xca, 0x0f, 0xe4, 0x1a, 0x18, 0x17, 0xf0, 0x30, 0x56, 0x04, 0xf2, 0xe5,
    0xee, 0xee, 0xeb, 0x0f, 0x22, 0x4f, 0x34, 0x53, 0x43, 0x37, 0x09, 0xfc,
    0x4a, 0xee, 0xe5, 0xe7, 0x34, 0xdc, 0x36, 0xec, 0x4d, 0xee, 0x09, 0xef,
    0xc1, 0xd6, 0x5b, 0xbe, 0xe6, 0x8e, 0xbc, 0x5d, 0xb9, 0x45, 0xbc, 0x03,
    0x84, 0x5f, 0x01, 0x1d, 0x55, 0xdf, 0x8b, 0x33, 0x5e, 0xaf, 0x36, 0x3b,
    0x4a, 0xf3, 0x6c, 0xcd, 0x40, 0x22, 0x07, 0x1e, 0xa8, 0x81, 0x1d, 0x53,
    0xd9, 0x08, 0x37, 0xb7, 0x61, 0xb2, 0xbd, 0x0b, 0x8a, 0x50, 0x8b, 0x59,
    0x39, 0x31, 0x9a, 0x25, 0x2f, 0x0b, 0xdb, 0x1c, 0xec, 0x81, 0x94, 0xec,
    0xeb, 0xf3, 0x6d, 0x4d, 0x53, 0x9b, 0xc0, 0x95, 0xba, 0xcd, 0xef, 0xf1,
    0xb1, 0xa0, 0x91, 0x68, 0x1a, 0xf5, 0x41, 0x9e, 0xdb, 0xd9, 0xf6, 0x91,
    0x87, 0xf0, 0xa1, 0x0c, 0xa9, 0x30, 0x2c, 0x98, 0x3e, 0x8d, 0x28, 0x69,
    0xab, 0x19, 0x37, 0xee, 0x54, 0x53, 0x35, 0xa4, 0x41, 0xc2, 0xe8, 0x03,
    0x9d, 0x1b, 0x51, 0x4d, 0xc0, 0x04, 0x5b, 0x89, 0x4b, 0xa2, 0x96, 0x1e,
    0xe4, 0x9a, 0x97, 0x81, 0x1c, 0x3c, 0x30, 0xc3, 0xe1, 0xff, 0x52, 0xd1,
    0x37, 0xaa, 0x69, 0x3a, 0x26, 0x56, 0x20, 0x97, 0x51, 0xad, 0xfe, 0x57,
    0x67, 0xde, 0x3e, 0x63, 0x32, 0xf3, 0x11, 0xdd, 0x93, 0xe8, 0x92, 0xa8,
    0x86, 0xbe, 0xed, 0xd9, 0x4b, 0xc7, 0x1a, 0x07, 0x99, 0xb7, 0xad, 0x1c,
    0xf8, 0x2b, 0xb1, 0xf7, 0xce, 0xa8, 0x44, 0xa8, 0x28, 0x5f, 0x58, 0x2a,
    0x2a, 0x19, 0x05, 0xc6, 0x24, 0x4e, 0x87, 0x86, 0x4c, 0xd7, 0x2a, 0x24,
    0xda, 0xd8, 0xb9, 0x0b, 0xcb, 0xe0, 0x42, 0x18, 0x66, 0xd1, 0xef, 0xdc,
    0xca, 0xb1, 0xdc, 0x8b, 0x2d, 0x25, 0xe9, 0xdf, 0x9a, 0x81, 0x00, 0xf0,
    0x9d, 0x22, 0x57, 0x1a, 0xb9, 0x1c, 0x67, 0xb9, 0xaa, 0x54, 0x50, 0x4b,
    0x1d, 0x38, 0xd5, 0xa9, 0xb8, 0x0b, 0xf5, 0xda, 0xc7, 0xc7, 0xda, 0x59,
    0xd9, 0x24, 0x27, 0x08, 0xae, 0x9e, 0xbb, 0x81, 0x40, 0x3d, 0x08, 0x34,
    0xf2, 0xd3, 0x23, 0x4b, 0x65, 0x1e, 0xd7, 0x59, 0x09, 0xac, 0xfa, 0xc7,
    0xeb, 0xee, 0xed, 0xa7, 0x1f, 0x43, 0xd0, 0xae, 0x48, 0xc0, 0x66, 0xa5,
    0xc5, 0x14, 0x44, 0x2b, 0x3f, 0x03, 0x50, 0x4b, 0xbd, 0x55, 0x06, 0x27,
    0x1d, 0x1f, 0xcc, 0x40, 0x52, 0x92, 0xde, 0xc5, 0x0b, 0x38, 0xbe, 0xa8,
    0xd4, 0xd8, 0x51, 0xdd, 0x2a, 0x16, 0xb9, 0xbf, 0x03, 0x3f, 0x2b, 0x17,
    0x4a, 0x38, 0xe7, 0xc2, 0xcc, 0x03, 0x33, 0x3b, 0x13, 0x10, 0xb5, 0x65,
    0xc3, 0xf0, 0x57, 0x45, 0x1b, 0x37, 0xf9, 0x52, 0x10, 0xa6, 0x30, 0x01,
    0x52, 0xc6, 0xee, 0xd9, 0x9d, 0x96, 0x14, 0x1d, 0xb2, 0x5a, 0xc0, 0xf7,
    0x94, 0x53, 0x63, 0xdf, 0x27, 0xfb, 0xfb, 0x61, 0x3c, 0xfd, 0xec, 0x93,
    0x24, 0xb0, 0x2d, 0x81, 0xd6, 0x34, 0xdf, 0x69, 0x67, 0x2d, 0x12, 0xaa,
    0xe5, 0xd9, 0xae, 0xd2, 0xfc, 0x15, 0x4b, 0xce, 0x39, 0x81, 0x30, 0xcd,
    0xe0, 0x91, 0xf1, 0x13, 0xcb, 0x33, 0xe6, 0xd3, 0x8d, 0x21, 0xd7, 0xb4,
    0xe9, 0x4b, 0x20, 0x2b, 0xe1, 0x1b, 0xe8, 0xd5, 0xc8, 0x0e, 0x0f, 0x2b,
    0x24, 0xec, 0x38, 0x25, 0x2a, 0x10, 0xc3, 0x1c, 0xfc, 0xa8, 0xcf, 0xec,
    0x93, 0xf7, 0x35, 0x3d, 0xf7, 0x33, 0x4e, 0x28, 0x22, 0xdf, 0xb2, 0x8e,
    0xa7, 0x0f, 0xd1, 0xf9, 0x2a, 0x4d, 0x94, 0x3f, 0x84, 0xa5, 0xef, 0x1d,
    0x4c, 0xe6, 0x3a, 0xdf, 0x82, 0x0c, 0xb6, 0x36, 0xbd, 0x2a, 0x5a, 0xe9,
    0x81, 0xdc, 0x2a, 0xd6, 0xf8, 0xec, 0x4d, 0x55, 0xe8, 0x1f, 0x31, 0x85,
    0xd4, 0x49, 0x47, 0x14, 0x02, 0xe5, 0xf9, 0xaa, 0xf5, 0x54, 0x3c, 0x3c,
    0xa1, 0xf2, 0x4a, 0xfc, 0x02, 0xf6, 0xc5, 0x22, 0x17, 0xe5, 0xb9, 0x09,
    0x27, 0xf2, 0xad, 0x25, 0xeb, 0xe5, 0xe5, 0x06, 0xed, 0x1d, 0xc5, 0xdb,
    0xf0, 0x17, 0x43, 0xf4, 0x0f, 0xa1, 0x1a, 0xf1, 0xc0, 0xee, 0x18, 0x16,
    0x23, 0xff, 0x44, 0x21, 0xf8, 0x30, 0x00, 0xac, 0x02, 0xfb, 0x1b, 0xeb,
    0xbe, 0xc1, 0x9e, 0x81, 0x3c, 0xfb, 0xe6, 0x0e, 0x20, 0xb1, 0x47, 0x2d,
    0x38, 0x02, 0xeb, 0xbe, 0x03, 0xb9, 0xd5, 0xe9, 0x9f, 0x08, 0x0a, 0x08,
    0xf5, 0x0e, 0xf9, 0x0d, 0xfc, 0x10, 0xb1, 0xd7, 0xe7, 0xce, 0x20, 0xbc,
    0xd2, 0x16, 0x5e, 0x61, 0x55, 0xdb, 0x4a, 0x60, 0x0c, 0x2d, 0xc8, 0xf2,
    0x63, 0x68, 0x48, 0x0b, 0xa8, 0x9e, 0x6c, 0x22, 0xd7, 0x05, 0xf7, 0x20,
    0x50, 0x55, 0x2f, 0xc9, 0xe1, 0x43, 0x5c, 0x86, 0x59, 0xdd, 0xc3, 0xee,
    0xf2, 0x54, 0xbf, 0x1b, 0x0a, 0xd3, 0xfd, 0x98, 0x3e, 0xdd, 0x50, 0xf3,
    0xb8, 0xac, 0xc6, 0xe3, 0x5d, 0x61, 0xa5, 0x81, 0xd1, 0x1a, 0xa7, 0x52,
    0xbf, 0xd5, 0xc4, 0x0a, 0xd7, 0xa5, 0xc7, 0x81, 0x3a, 0x07, 0xf1, 0xba,
    0xfa, 0xed, 0xc5, 0x41, 0x63, 0xea, 0xe1, 0x27, 0xd3, 0x1c, 0x1c, 0x56,
    0x2e, 0xf7, 0xe1, 0xe7, 0x1c, 0xe9, 0x97, 0x01, 0x46, 0xb8, 0xc7, 0x24,
    0xa3, 0x1e, 0xdb, 0x39, 0xa2, 0x65, 0x20, 0x28, 0x00, 0x2f, 0xe9, 0x53,
    0xd2, 0xf3, 0x2c, 0xf6, 0xac, 0xfc, 0x18, 0x91, 0xfa, 0xaf, 0x20, 0xb2,
    0xd2, 0x73, 0x51, 0x0f, 0xee, 0xdd, 0xb0, 0xb8, 0x8b, 0x4f, 0x11, 0x40,
    0x26, 0x17, 0x30, 0x26, 0xb4, 0xef, 0xfe, 0xa7, 0x7f, 0xcd, 0x21, 0xa5,
    0x13, 0x4b, 0xd1, 0x05, 0xfa, 0xcd, 0x16, 0x20, 0x41, 0x49, 0x05, 0x97,
    0x3c, 0x16, 0x03, 0x1a, 0xde, 0xf1, 0x01, 0xc2, 0x90, 0x78, 0x97, 0xeb,
    0x34, 0xfe, 0xcb, 0x64, 0x24, 0xb7, 0x43, 0xe7, 0xc9, 0xb6, 0xa9, 0x44,
    0xdd, 0x0b, 0xdf, 0x9d, 0xd2, 0xd7, 0xb9, 0x59, 0x5a, 0x31, 0x5e, 0xad,
    0xe4, 0x32, 0x1a, 0xdf, 0xea, 0x24, 0x06, 0x25, 0xdb, 0xc5, 0x2b, 0xeb,
    0xcc, 0xc5, 0x20, 0x18, 0x48, 0x26, 0x0c, 0xe5, 0xf7, 0x0d, 0xc9, 0xc8,
    0xe2, 0x17, 0xf1, 0xf9, 0x2c, 0xe0, 0xa3, 0xd1, 0xd2, 0x3a, 0x4e, 0x3d,
    0x38, 0xd1, 0x32, 0x0c, 0x2c, 0x27, 0xc3, 0x08, 0xe5, 0x81, 0xd5, 0xbd,
    0xbf, 0x3e, 0x33, 0xd2, 0x12, 0x39, 0xef, 0xd7, 0x4b, 0xae, 0xae, 0x9d,
    0xac, 0xe2, 0x2c, 0x40, 0xfb, 0xe3, 0xdf, 0x3d, 0x1f, 0xc3, 0x11, 0x25,
    0x3f, 0x42, 0x32, 0x0d, 0x38, 0x3f, 0x04, 0x36, 0x22, 0xd0, 0x5c, 0xf7,
    0x7f, 0xcc, 0x2c, 0xcd, 0xe8, 0xe8, 0x29, 0xc0, 0xf0, 0xda, 0x2b, 0xcb,
    0xd5, 0xc7, 0xd4, 0xbb, 0xf6, 0x64, 0xc1, 0x11, 0x1d, 0xd8, 0xbd, 0x13,
    0x40, 0xba, 0xec, 0x02, 0x52, 0x09, 0x0b, 0x3b, 0x28, 0xe4, 0xf1, 0xc9,
    0x07, 0xef, 0xf2, 0x5e, 0x4e, 0x52, 0xff, 0xd3, 0x37, 0xc0, 0xe7, 0xd4,
    0xe4, 0xbd, 0x1c, 0x51, 0xb4, 0x63, 0x52, 0x12, 0x76, 0x2b, 0x06, 0x47,
    0xe0, 0xc1, 0xd6, 0xe1, 0x66, 0xfe, 0x11, 0xeb, 0x4c, 0x32, 0x1c, 0x00,
    0x3f, 0x03, 0xec, 0xc8, 0x07, 0x1f, 0x17, 0x38, 0xd4, 0x7f, 0xb9, 0x2b,
    0xdb, 0xd1, 0xd6, 0x11, 0x1e, 0xb1, 0xf6, 0x2f, 0x52, 0xf9, 0xcc, 0xd5,
    0x17, 0xff, 0xb6, 0xed, 0x13, 0x5e, 0x2d, 0xd0, 0xfb, 0x37, 0x23, 0xd9,
    0xce, 0x5b, 0xb8, 0xea, 0xc8, 0x1f, 0xc7, 0x00, 0x0a, 0x89, 0x29, 0x32,
    0x28, 0x51, 0x52, 0xd5, 0x94, 0x31, 0x3e, 0xf5, 0xd2, 0x90, 0x3e, 0xec,
    0xf1, 0x61, 0xc0, 0xa2, 0x1a, 0x42, 0x6a, 0x3e, 0xd7, 0x41, 0xf2, 0x82,
    0xa6, 0x33, 0xc6, 0x51, 0x00, 0xa3, 0x36, 0x58, 0xd2, 0x39, 0xbc, 0xd4,
    0xbd, 0x81, 0xc0, 0x54, 0x9d, 0xe3, 0xf1, 0xee, 0xbd, 0xe9, 0xf7, 0x51,
    0xce, 0x0c, 0x3e, 0x04, 0xff, 0x92, 0xd3, 0x91, 0x3c, 0xb5, 0xe1, 0x99,
    0x4c, 0x26, 0x68, 0x2e, 0x98, 0x36, 0x2b, 0xf1, 0xe7, 0xe4, 0xdb, 0xa8,
    0x1c, 0x72, 0xc8, 0x21, 0xb4, 0xc3, 0xb4, 0xc5, 0x15, 0xe7, 0x65, 0x31,
    0x24, 0x1e, 0xa4, 0xc0, 0xd7, 0x81, 0xa4, 0x2d, 0x2a, 0xf3, 0xfd, 0xe7,
    0x9f, 0xb8, 0xef, 0xb0, 0xb8, 0x31, 0x28, 0xe7, 0xc6, 0x1f, 0x09, 0x2b,
    0xdd, 0x53, 0xbd, 0xd3, 0x33, 0xfc, 0xf1, 0xfc, 0xf3, 0x00, 0x19, 0xf2,
    0x0b, 0xda, 0x0b, 0x08, 0x02, 0x32, 0x38, 0xed, 0x31, 0x38, 0x11, 0xe7,
    0x15, 0xea, 0x1f, 0x22, 0xf7, 0x2e, 0x1b, 0x35, 0xea, 0xfc, 0x23, 0xdf,
    0x49, 0x0d, 0x7f, 0x1e, 0xf1, 0x06, 0xe8, 0xe8, 0xf6, 0x39, 0xef, 0x13,
    0xff, 0xec, 0x1b, 0x70, 0xfa, 0xfa, 0x03, 0x1a, 0x31, 0xe7, 0x0b, 0x29,
    0xfe, 0xe9, 0xd8, 0xf6, 0x08, 0x50, 0x21, 0x37, 0x0a, 0xef, 0xea, 0x0d,
    0x60, 0xec, 0x2d, 0x26, 0xa2, 0x3f, 0xea, 0x4c, 0x4c, 0xeb, 0x1f, 0xa3,
    0x58, 0x81, 0xae, 0x26, 0xd2, 0xf0, 0x1f, 0x95, 0x6d, 0xb0, 0x9f, 0xb4,
    0x54, 0xd4, 0xa8, 0xe9, 0x21, 0xa8, 0xf7, 0x30, 0xf9, 0xe4, 0x8e, 0x0c,
    0x05, 0x41, 0x07, 0x38, 0xaf, 0x50, 0x2b, 0x0c, 0x15, 0x66, 0x18, 0x94,
    0x10, 0xc6, 0x18, 0x37, 0x38, 0xd4, 0xd8, 0x97, 0xd2, 0x35, 0x0f, 0x01,
    0x11, 0xa4, 0xc0, 0x5a, 0x56, 0xf2, 0xff, 0xa8, 0x71, 0xa7, 0xde, 0xad,
    0x41, 0xc6, 0x65, 0xec, 0x78, 0xfc, 0x71, 0xf8, 0x34, 0x7f, 0x49, 0xc3,
    0x81, 0xce, 0xc6, 0xa9, 0x02, 0xc1, 0xf7, 0x92, 0xeb, 0x0d, 0xfe, 0x93,
    0x64, 0xaf, 0x81, 0xe4, 0xc6, 0x20, 0xbd, 0xf4, 0x79, 0xa9, 0xb9, 0x49,
    0x37, 0xc2, 0x06, 0xf4, 0x97, 0xbc, 0xa2, 0x45, 0x8c, 0xf9, 0x8f, 0xbc,
    0x54, 0x6e, 0xfc, 0x14, 0xd0, 0xda, 0xbd, 0x5f, 0xac, 0xb9, 0xdd, 0x8e,
    0x21, 0x38, 0xf9, 0xbe, 0xc7, 0x74, 0x13, 0x31, 0x7f, 0xff, 0x37, 0x64,
    0x3c, 0xde, 0xfe, 0xf1, 0x59, 0xc9, 0xd6, 0x21, 0xcd, 0xa6, 0x0b, 0xaf,
    0xfd, 0xf7, 0x5e, 0xb1, 0x0f, 0xac, 0x53, 0xf2, 0xc5, 0x5b, 0x0d, 0x2a,
    0xe5, 0x3d, 0x23, 0x18, 0xc0, 0xe4, 0xed, 0xd8, 0x4b, 0xb9, 0xc0, 0x1a,
    0x49, 0xa7, 0x3a, 0xe9, 0x0b, 0x3c, 0x20, 0x08, 0x0d, 0x09, 0xd2, 0xaf,
    0xeb, 0xfe, 0xe9, 0xac, 0x09, 0xf2, 0xf8, 0xfb, 0x47, 0x29, 0x35, 0xfb,
    0xf2, 0x17, 0x44, 0x19, 0xed, 0x3a, 0xde, 0x41, 0xc5, 0x35, 0xc1, 0x7f,
    0xd8, 0xbd, 0xd7, 0xd6, 0x20, 0x4a, 0xe8, 0x46, 0xe7, 0x48, 0xff, 0x38,
    0x4a, 0x48, 0xf8, 0x0c, 0xe1, 0xde, 0xfb, 0x4f, 0xe0, 0x16, 0x2b, 0x31,
    0x24, 0xde, 0x0d, 0xa3, 0xef, 0xe6, 0x44, 0xea, 0xbd, 0x01, 0x27, 0x19,
    0x21, 0x3a, 0x30, 0x42, 0x74, 0xe5, 0x02, 0xfa, 0xa9, 0xb8, 0x04, 0x86,
    0x02, 0xfd, 0x3f, 0xb2, 0x87, 0x01, 0xc5, 0xdd, 0xa8, 0x62, 0x4d, 0x88,
    0x75, 0x57, 0x9d, 0x7a, 0x90, 0x5c, 0xad, 0x92, 0x5d, 0xf7, 0x87, 0xc7,
    0x7f, 0xfe, 0x1d, 0xae, 0xbc, 0x56, 0xde, 0xdb, 0xaf, 0x67, 0x2c, 0xd7,
    0xa7, 0xde, 0x5b, 0x74, 0x99, 0x99, 0xbd, 0x68, 0xf9, 0xc4, 0x2e, 0x87,
    0x69, 0x43, 0xec, 0x67, 0x8e, 0x5c, 0x84, 0x58, 0xcd, 0x30, 0xac, 0x04,
    0x5b, 0xc4, 0xdd, 0x12, 0x02, 0x41, 0x33, 0xb2, 0xf8, 0x15, 0x06, 0x7f,
    0x00, 0x2a, 0x21, 0xbd, 0x3d, 0xd5, 0x37, 0xce, 0xe4, 0xde, 0x3a, 0xd1,
    0x0b, 0xf7, 0x1e, 0xac, 0xf1, 0xc5, 0x34, 0xde, 0x0a, 0x45, 0xad, 0x0d,
    0xd8, 0xe3, 0xfc, 0x30, 0x36, 0xa6, 0xbd, 0xf8, 0x29, 0xf7, 0x24, 0x26,
    0xf2, 0xc6, 0xa8, 0x26, 0xf1, 0x40, 0x02, 0xff, 0x0d, 0x77, 0x0f, 0x16,
    0x51, 0xf2, 0xcf, 0xe8, 0xf8, 0xf3, 0x0a, 0xd9, 0x44, 0x01, 0x01, 0x81,
    0x69, 0x66, 0xf5, 0xcd, 0xb5, 0xe5, 0xf5, 0x9d, 0xee, 0xb3, 0x9a, 0xcd,
    0x41, 0xd3, 0x17, 0xbb, 0xf3, 0x0c, 0x56, 0x5f, 0xb7, 0x46, 0x39, 0xad,
    0xc4, 0x1a, 0xe5, 0xc3, 0x00, 0x31, 0x47, 0xe3, 0x25, 0xe6, 0xa6, 0xfa,
    0xef, 0xee, 0x9b, 0x94, 0xfc, 0xf4, 0x90, 0x1c, 0xf0, 0xc6, 0x3c, 0x38,
    0x16, 0x87, 0xe9, 0x24, 0x00, 0xda, 0x30, 0x8a, 0xc3, 0x5d, 0x33, 0xda,
    0x18, 0x78, 0xe5, 0xc2, 0x47, 0xe9, 0x30, 0x08, 0xf9, 0xd2, 0x67, 0x41,
    0xd2, 0xd9, 0x3a, 0xdb, 0xa6, 0x46, 0x58, 0x00, 0xc4, 0xe9, 0xcd, 0x3b,
    0xcd, 0x19, 0xff, 0xbc, 0xa6, 0x04, 0xad, 0x3e, 0x5c, 0x61, 0xfe, 0x03,
    0x1a, 0xfb, 0x1d, 0x12, 0xdd, 0xc8, 0x11, 0xa0, 0xa5, 0x9b, 0x55, 0x17,
    0x3a, 0xfc, 0xb6, 0xf6, 0x7f, 0xcd, 0x0a, 0x9d, 0x43, 0x10, 0x11, 0xbd,
    0xea, 0x06, 0x07, 0x2e, 0x18, 0x62, 0x09, 0x86, 0x54, 0xd3, 0x9a, 0xef,
    0xf7, 0xf8, 0xfc, 0x27, 0x46, 0x18, 0xec, 0x0a, 0x27, 0x6d, 0x73, 0x5b,
    0xbb, 0x81, 0xee, 0xe5, 0x84, 0xa2, 0x14, 0xba, 0x1b, 0x2b, 0xcd, 0x33,
    0xa7, 0x38, 0xb7, 0x14, 0x14, 0x46, 0x09, 0x4e, 0xad, 0xcb, 0xab, 0x61,
    0xec, 0x96, 0x0f, 0xb1, 0x61, 0x0b, 0xf0, 0x62, 0x13, 0xdc, 0x69, 0x4f,
    0xec, 0x6c, 0xd1, 0xbe, 0x91, 0xe2, 0x8b, 0xa8, 0xae, 0xab, 0x90, 0xd0,
    0x3f, 0xfd, 0xf4, 0x1e, 0xae, 0xe7, 0xb0, 0xdc, 0xbb, 0xf5, 0xde, 0xcb,
    0x38, 0x9b, 0x14, 0xf6, 0xd3, 0xcc, 0x1a, 0x12, 0x61, 0x84, 0x81, 0xbd,
    0x9a, 0x1a, 0x2a, 0xd1, 0xce, 0x9d, 0xea, 0x44, 0x43, 0xec, 0x95, 0x33,
    0xbe, 0x2b, 0x19, 0x50, 0xb4, 0xc4, 0x48, 0x09, 0x66, 0xe8, 0x0f, 0xb8,
    0x54, 0x16, 0x2e, 0x44, 0x9b, 0xea, 0x95, 0x43, 0x4b, 0x53, 0xe5, 0x8d,
    0x40, 0x4d, 0x9d, 0xeb, 0xbe, 0xf5, 0x0b, 0xb5, 0xf9, 0xb8, 0x23, 0x4d,
    0x25, 0x5c, 0xa9, 0x43, 0x81, 0xc5, 0x1b, 0x2e, 0xc0, 0xe4, 0xf7, 0xc9,
    0xb4, 0x3a, 0xcb, 0x60, 0xfc, 0xd1, 0xef, 0x31, 0x2b, 0x0d, 0x1e, 0x08,
    0x5c, 0x74, 0xd4, 0xcd, 0x2c, 0x9e, 0xcb, 0x2f, 0x5b, 0x1f, 0x14, 0x81,
    0x10, 0xc3, 0x9a, 0x54, 0xf2, 0xe1, 0x2c, 0x07, 0xcf, 0x10, 0x9b, 0x1f,
    0x2f, 0x32, 0xfb, 0xcb, 0x32, 0x37, 0x30, 0xc9, 0x3c, 0x3d, 0xc1, 0x41,
    0x21, 0x38, 0x5a, 0xd0, 0x72, 0xf1, 0x2e, 0x09, 0xf4, 0x1e, 0xd5, 0x07,
    0xf8, 0x29, 0x45, 0xa2, 0xca, 0xae, 0xff, 0x2f, 0xf0, 0x6d, 0xe3, 0xfa,
    0x02, 0x0b, 0xeb, 0x4c, 0x0d, 0xb4, 0xe1, 0xf1, 0x2b, 0xe2, 0x06, 0x21,
    0xfb, 0xc4, 0xc8, 0xf5, 0xdc, 0x31, 0x4c, 0x28, 0xe5, 0x7f, 0x2c, 0xd1,
    0x44, 0xd1, 0xaf, 0xee, 0x32, 0xdc, 0xe3, 0xb1, 0xb9, 0x81, 0xe5, 0x22,
    0xe6, 0x33, 0xca, 0xcc, 0xb8, 0xaa, 0xe4, 0xbb, 0xd0, 0xf4, 0x15, 0x40,
    0xf0, 0x4e, 0xbf, 0xfe, 0x06, 0xbf, 0x1a, 0x22, 0xf0, 0xf4, 0x3b, 0x45,
    0x2f, 0xaa, 0xcc, 0x1e, 0x50, 0x38, 0x22, 0xae, 0xb0, 0xfa, 0xda, 0xca,
    0x0f, 0xb0, 0x1b, 0x3b, 0x0c, 0x1c, 0x4b, 0xc0, 0x0b, 0xd9, 0xb4, 0x29,
    0xe2, 0x27, 0xe8, 0xac, 0x53, 0x42, 0x10, 0x34, 0xc6, 0x4d, 0x54, 0xcd,
    0x87, 0x15, 0x4d, 0xfc, 0x3d, 0xda, 0x8d, 0xdb, 0xb8, 0x2a, 0xbd, 0x0c,
    0x3e, 0x57, 0x95, 0xd3, 0x60, 0xaa, 0x98, 0xe2, 0x92, 0x0b, 0xe8, 0xf8,
    0xa0, 0x24, 0x90, 0x25, 0x55, 0xb3, 0xf4, 0x81, 0x9b, 0xc7, 0x07, 0x95,
    0x17, 0xab, 0x11, 0xc4, 0x29, 0x05, 0x02, 0xd0, 0x09, 0xfd, 0xab, 0xbd,
    0xc1, 0xda, 0x15, 0xbc, 0x2c, 0x5b, 0xb4, 0xd5, 0xb0, 0xd6, 0x28, 0xb4,
    0x42, 0xb3, 0x8a, 0xb3, 0xaf, 0xe0, 0x0b, 0x12, 0x14, 0xd1, 0x2b, 0xc9,
    0xa0, 0xff, 0x00, 0x21, 0xd5, 0xdb, 0x7d, 0xae, 0x50, 0xb6, 0xa1, 0x7f,
    0xf5, 0xe4, 0x86, 0x2e, 0x28, 0xd2, 0xfc, 0xa3, 0x44, 0xa1, 0x40, 0x52,
    0x70, 0xc1, 0xdf, 0x9f, 0xe5, 0xae, 0x47, 0x1c, 0x78, 0x97, 0xc7, 0x48,
    0xa2, 0x60, 0x39, 0xa5, 0xa7, 0x30, 0x5b, 0x2e, 0x98, 0xc5, 0x2a, 0x44,
    0xdc, 0xea, 0x37, 0xa1, 0x46, 0xe7, 0x0e, 0xfa, 0xef, 0x47, 0x44, 0xf1,
    0x18, 0xd0, 0x45, 0x09, 0x0e, 0x1b, 0x50, 0x23, 0x37, 0x5a, 0x93, 0x1d,
    0x8d, 0x14, 0x91, 0xe8, 0xb6, 0xd7, 0xa8, 0x4c, 0x2b, 0xd0, 0x2f, 0x97,
    0x07, 0x98, 0x57, 0xda, 0x45, 0x9d, 0x13, 0xb4, 0x97, 0x4e, 0x1f, 0xca,
    0x8e, 0x26, 0x93, 0x25, 0x60, 0x81, 0x44, 0xeb, 0xc8, 0x0c, 0x44, 0xee,
    0x2b, 0x47, 0xe5, 0x98, 0x44, 0x09, 0xfa, 0x2e, 0x5a, 0xde, 0xf0, 0xf5,
    0xaa, 0x7f, 0xc5, 0x4b, 0x01, 0x47, 0xb3, 0x69, 0xdb, 0xd4, 0x17, 0x1f,
    0x40, 0xec, 0x9f, 0x51, 0xe2, 0x20, 0xd8, 0xa2, 0xf0, 0x14, 0xf8, 0xe9,
    0xe3, 0xf2, 0xd7, 0x53, 0xa2, 0x0b, 0xfc, 0xde, 0x1e, 0x5d, 0x39, 0x05,
    0x42, 0xe4, 0x68, 0xb4, 0xd8, 0xdb, 0xa8, 0x98, 0x2b, 0xd8, 0xf9, 0xbb,
    0x9a, 0x10, 0x3a, 0xdb, 0xf8, 0xd0, 0xb5, 0x02, 0xef, 0x9e, 0xaf, 0x90,
    0x2c, 0xeb, 0xb7, 0xcd, 0xbe, 0x73, 0x0b, 0x28, 0x25, 0x46, 0x0c, 0x50,
    0x81, 0xea, 0x74, 0x5e, 0xcb, 0xb2, 0x23, 0xd3, 0x1a, 0xe1, 0xec, 0x33,
    0x10, 0xdb, 0xb9, 0xa0, 0x9f, 0xc6, 0xee, 0x5f, 0x3a, 0xfd, 0x5e, 0x56,
    0x8d, 0x27, 0x48, 0x2d, 0x1a, 0xb0, 0xcc, 0x0c, 0xb3, 0x09, 0xf3, 0xee,
    0x9d, 0x97, 0xf7, 0x85, 0x8b, 0x04, 0xb5, 0x4a, 0x74, 0xce, 0x9f, 0xea,
    0x13, 0xb6, 0xe4, 0x9b, 0xbd, 0xfe, 0x8d, 0xfd, 0x36, 0x9a, 0x51, 0xb4,
    0x9c, 0x0c, 0xe0, 0x81, 0x59, 0xdf, 0x58, 0x59, 0x1f, 0xf8, 0xed, 0x53,
    0x0d, 0x8b, 0x53, 0xc4, 0xf7, 0x86, 0x19, 0xcb, 0x9f, 0x43, 0xfd, 0x92,
    0x86, 0x7f, 0xc1, 0x87, 0xdc, 0x53, 0x38, 0x5f, 0x13, 0x92, 0xfe, 0x67,
    0x54, 0x27, 0x2d, 0x33, 0x40, 0xaa, 0xad, 0xe7, 0x23, 0xdb, 0x3b, 0x93,
    0xff, 0x0a, 0x5f, 0x00, 0xc9, 0xb7, 0x8d, 0x4c, 0xa8, 0x81, 0x36, 0xe5,
    0x69, 0xcc, 0x45, 0x97, 0x21, 0x49, 0x1f, 0xfa, 0x23, 0xb4, 0x26, 0xd2,
    0x50, 0x28, 0xc2, 0xfc, 0xa4, 0x41, 0x4b, 0xb2, 0x9b, 0xd0, 0xee, 0x29,
    0x06, 0x9d, 0x0a, 0xf9, 0x53, 0x9a, 0xd2, 0x16, 0x97, 0xc8, 0x41, 0xcb,
    0x33, 0x9e, 0x08, 0x5a, 0x3b, 0xa3, 0x37, 0x84, 0x09, 0xf2, 0xf3, 0xf0,
    0xde, 0x6b, 0xd6, 0x87, 0xbc, 0xf2, 0xc8, 0x0e, 0x16, 0x1f, 0x46, 0xe4,
    0xd9, 0x34, 0x0b, 0xf5, 0xcf, 0x2c, 0x3c, 0xc0, 0x12, 0xe2, 0xe1, 0xc1,
    0xec, 0xe6, 0x81, 0xe7, 0x0f, 0x3b, 0x12, 0x1b, 0x23, 0x3c, 0xe0, 0xe2,
    0x37, 0xe4, 0x63, 0x3e, 0x0f, 0xd8, 0xdd, 0xdf, 0x18, 0xdc, 0xd4, 0x2f,
    0xfc, 0xc2, 0xc9, 0x45, 0x17, 0x4c, 0xfb, 0xd9, 0x42, 0x12, 0xe9, 0xf6,
    0xce, 0xfe, 0xee, 0x12, 0x07, 0x38, 0x04, 0x42, 0x7e, 0x8b, 0xc1, 0xe2,
    0x2f, 0x1a, 0xab, 0xb8, 0xd4, 0xf5, 0x10, 0xfd, 0x58, 0xf5, 0xd6, 0x1d,
    0xb9, 0xac, 0x51, 0x1b, 0x32, 0xdb, 0x20, 0xf9, 0xaf, 0xe7, 0xb9, 0xfb,
    0x37, 0x32, 0x40, 0x55, 0x58, 0x12, 0x46, 0xd6, 0xa6, 0x02, 0xa6, 0x06,
    0x4b, 0x81, 0xef, 0xb1, 0x11, 0x2d, 0x21, 0xd9, 0xe9, 0x4d, 0x5d, 0x54,
    0x14, 0xcf, 0xdf, 0x0e, 0x38, 0x23, 0xf0, 0xbd, 0xab, 0xca, 0xd7, 0xd0,
    0x25, 0x02, 0x47, 0x0b, 0x21, 0x56, 0xcd, 0x3e, 0x35, 0x21, 0xd4, 0xbf,
    0x0a, 0xda, 0x05, 0x32, 0xcc, 0x81, 0x3a, 0x1d, 0x58, 0x05, 0x0e, 0xe8,
    0xce, 0xf0, 0xea, 0x23, 0x05, 0x2a, 0x0d, 0x1b, 0xf8, 0x11, 0xdf, 0xdd,
    0xf5, 0x01, 0x03, 0x25, 0xd4, 0xb4, 0x4f, 0xeb, 0x55, 0xfa, 0x4c, 0x08,
    0x04, 0xbe, 0xa9, 0xa5, 0xc3, 0x53, 0x31, 0x51, 0xc8, 0xd0, 0x5f, 0xe0,
    0xdf, 0xa0, 0xa8, 0xb5, 0xf9, 0x2c, 0x39, 0x1a, 0x38, 0x54, 0xb5, 0x98,
    0x10, 0x63, 0xf3, 0x9f, 0x5d, 0x3a, 0x53, 0xd8, 0xac, 0x5a, 0xdd, 0x3a,
    0x0f, 0x5b, 0x07, 0x0b, 0x41, 0xcb, 0xcb, 0x30, 0x9c, 0xfe, 0xac, 0xb4,
    0x57, 0x15, 0x78, 0x1f, 0xf7, 0xb4, 0xe7, 0x58, 0xb6, 0x26, 0xe0, 0xb8,
    0xa9, 0xbf, 0x15, 0xd4, 0x5d, 0x43, 0x55, 0xac, 0x18, 0xca, 0x88, 0xc1,
    0x15, 0xa3, 0x60, 0x24, 0xef, 0x7f, 0xef, 0x48, 0x52, 0x45, 0x40, 0x31,
    0x9b, 0xdd, 0xc7, 0x9e, 0xf2, 0x31, 0xe1, 0xd2, 0xc4, 0x63, 0x34, 0x58,
    0x2f, 0xb9, 0xa8, 0x21, 0xfa, 0x21, 0x7f, 0x24, 0x5a, 0x4b, 0xae, 0xca,
    0x9a, 0x91, 0x03, 0xfc, 0x47, 0x3d, 0x25, 0x32, 0x3b, 0x90, 0xad, 0x46,
    0xb0, 0x58, 0xb3, 0xfd, 0x9b, 0x4c, 0xbe, 0xcd, 0x1e, 0xfc, 0x5d, 0xf4,
    0x16, 0x09, 0x10, 0x2e, 0x01, 0xeb, 0x04, 0xc5, 0x99, 0x37, 0x16, 0x46,
    0x21, 0x27, 0x14, 0x41, 0x96, 0x8f, 0x30, 0xf9, 0x21, 0x50, 0x5c, 0xca,
    0x14, 0x07, 0x9a, 0x32, 0x9b, 0xeb, 0x01, 0xd0, 0x94, 0x01, 0x42, 0xf0,
    0x03, 0x97, 0xe1, 0xec, 0xdf, 0xfe, 0x96, 0xf6, 0x5d, 0x98, 0xf3, 0x9e,
    0x1f, 0xbc, 0x4c, 0xf0, 0x15, 0xff, 0xe0, 0x19, 0xa4, 0x81, 0xc5, 0x37,
    0xbb, 0xfb, 0x4f, 0xd7, 0xd6, 0x46, 0x30, 0xb6, 0x26, 0x35, 0x5b, 0x0b,
    0x0f, 0xd3, 0x8a, 0x17, 0xc3, 0xd4, 0xe8, 0x36, 0x1f, 0x9e, 0xfb, 0x03,
    0x2e, 0x30, 0xa2, 0x1d, 0x9f, 0x1a, 0x10, 0xac, 0xce, 0xba, 0x4e, 0xab,
    0xa4, 0x01, 0x29, 0x06, 0xdf, 0x53, 0xac, 0xb7, 0xf6, 0xbb, 0xeb, 0xac,
    0xc8, 0x14, 0xd8, 0x31, 0xb0, 0xcf, 0xea, 0x42, 0xa4, 0x81, 0x3c, 0x9c,
    0x21, 0x01, 0xab, 0xc3, 0x13, 0x2b, 0x08, 0xf9, 0xbd, 0x17, 0x94, 0xfa,
    0xf1, 0x17, 0x24, 0xfd, 0x3d, 0xa8, 0x8d, 0xd3, 0xc7, 0xa0, 0xe2, 0xa7,
    0xb4, 0xcf, 0x5a, 0x2a, 0xde, 0x48, 0xb1, 0x9e, 0xa1, 0x10, 0x9c, 0x36,
    0x1a, 0x0d, 0x90, 0x95, 0xf2, 0xb7, 0x1a, 0x9e, 0xb1, 0x19, 0xe7, 0x32,
    0x32, 0x3c, 0x5c, 0x1e, 0x97, 0xd0, 0xaa, 0x5c, 0x04, 0xd6, 0xee, 0xbe,
    0xce, 0xd3, 0xbc, 0xe6, 0x81, 0x14, 0x00, 0xee, 0x34, 0x57, 0xda, 0xaa,
    0xbf, 0xb2, 0x05, 0xf5, 0xde, 0xf5, 0xb7, 0x26, 0xdf, 0xc9, 0xb7, 0xb3,
    0x29, 0x21, 0x8a, 0x37, 0xcd, 0xd3, 0xc8, 0xb4, 0xde, 0xf5, 0x0a, 0xb9,
    0xc2, 0x3f, 0x1d, 0x42, 0x57, 0xfb, 0xd5, 0xd2, 0x24, 0xb7, 0x65, 0xfb,
    0x4c, 0x5d, 0xfa, 0xfa, 0xe4, 0xee, 0x14, 0xd4, 0x57, 0xd8, 0x6d, 0xf3,
    0x1f, 0xd7, 0xce, 0x3a, 0xff, 0x7f, 0xc6, 0x33, 0xa9, 0x0b, 0xd1, 0xef,
    0x04, 0x1f, 0x54, 0x37, 0xf2, 0x16, 0x02, 0xf6, 0x2e, 0x2b, 0xd2, 0xf7,
    0x1e, 0x73, 0x33, 0x4f, 0x49, 0xf3, 0x3a, 0x0d, 0x9f, 0x68, 0xb3, 0xc5,
    0xb6, 0x95, 0x92, 0x5b, 0xf1, 0xdc, 0x22, 0xb8, 0xb2, 0x0c, 0xfa, 0xb7,
    0xf3, 0x0e, 0x50, 0x42, 0x8f, 0x6e, 0x2c, 0x1d, 0xe4, 0xca, 0xce, 0x64,
    0xbb, 0x44, 0x54, 0x63, 0xc5, 0x48, 0xc6, 0xdb, 0xfc, 0x96, 0x3b, 0x62,
    0x4d, 0x00, 0xdd, 0x2a, 0x65, 0xf8, 0xcf, 0x0c, 0x45, 0x3b, 0xb3, 0x2b,
    0x20, 0x81, 0xb2, 0x83, 0x9d, 0x8f, 0x26, 0x05, 0x45, 0xda, 0xd9, 0x18,
    0x55, 0xdb, 0x1f, 0x46, 0xd6, 0x40, 0x4f, 0x0e, 0x41, 0xab, 0xc3, 0x4d,
    0x1a, 0xd7, 0xf4, 0x04, 0xc9, 0x2d, 0x2f, 0x07, 0xd6, 0x3d, 0xbf, 0xcc,
    0x0f, 0x09, 0xbd, 0x31, 0xdf, 0xbd, 0xa5, 0x8f, 0x49, 0xf6, 0xcd, 0x01,
    0x3e, 0x8c, 0xf2, 0xeb, 0x19, 0x3e, 0x02, 0x31, 0x19, 0x96, 0xd4, 0x27,
    0x00, 0xf5, 0x31, 0x2a, 0xf7, 0x21, 0x1b, 0xd5, 0x46, 0xcd, 0x9f, 0x81,
    0xad, 0x47, 0x34, 0xfb, 0xd8, 0x26, 0xa8, 0xdd, 0x2f, 0x58, 0x1d, 0x0a,
    0xc7, 0x6d, 0xc8, 0xf0, 0x2c, 0x23, 0xe0, 0x6e, 0x92, 0x48, 0x51, 0x07,
    0xd7, 0x16, 0xa3, 0xc7, 0xaf, 0xa2, 0x20, 0xd1, 0x34, 0x45, 0x14, 0x2e,
    0x3b, 0x01, 0x0c, 0x45, 0xc1, 0x1f, 0xf2, 0x3e, 0xb9, 0x11, 0xe4, 0x1a,
    0xde, 0xcc, 0x4d, 0x02, 0xc2, 0x0e, 0xa0, 0x81, 0x3f, 0x93, 0x5a, 0x9d,
    0x86, 0x24, 0x65, 0x53, 0x1e, 0x4e, 0x43, 0xd1, 0x09, 0x6e, 0xcd, 0x55,
    0xd1, 0xcb, 0xe7, 0xd6, 0x0a, 0xfc, 0xff, 0xbf, 0xac, 0xf1, 0xf3, 0xd5,
    0x33, 0xb6, 0xd0, 0xfb, 0x55, 0x5b, 0x32, 0xc7, 0x81, 0x27, 0x45, 0x5f,
    0x57, 0xbb, 0xf1, 0x96, 0xb7, 0xe3, 0x87, 0x0a, 0x99, 0x2e, 0xf3, 0x09,
    0xa0, 0x61, 0x47, 0x47, 0xee, 0xf9, 0x9a, 0xd6, 0xa1, 0xac, 0xdc, 0x04,
    0x51, 0x6c, 0xae, 0x3e, 0x8c, 0xd4, 0xe2, 0x91, 0x29, 0x53, 0xaf, 0xfe,
    0x11, 0x52, 0x4a, 0x45, 0x15, 0xf2, 0x3c, 0xf2, 0x22, 0x34, 0xba, 0x3a,
    0xe9, 0x98, 0xed, 0x00, 0x16, 0xbc, 0x5a, 0x39, 0xc3, 0xe3, 0xc6, 0xbd,
    0x66, 0x12, 0x14, 0x1a, 0xe2, 0xe1, 0x96, 0xd9, 0x38, 0x9d, 0xd4, 0xc5,
    0x05, 0x06, 0xf8, 0x2f, 0xa2, 0x81, 0x2d, 0xbc, 0xb2, 0x08, 0xfd, 0x98,
    0x44, 0xc5, 0x19, 0xf6, 0x62, 0xec, 0x58, 0xa0, 0x29, 0xf9, 0x25, 0x46,
    0xf2, 0xf1, 0xaf, 0xeb, 0x18, 0x3d, 0x9b, 0x17, 0xfe, 0x25, 0x37, 0x05,
    0x32, 0xf4, 0xc1, 0x26, 0x11, 0xfc, 0xcc, 0x21, 0x15, 0x2b, 0x41, 0x1c,
    0xda, 0x27, 0xfb, 0x10, 0xfb, 0xf5, 0x3d, 0x3c, 0x11, 0x05, 0xa0, 0xcd,
    0xda, 0x2a, 0xc8, 0x00, 0xf4, 0xa0, 0x47, 0x0f, 0xfe, 0xff, 0x1b, 0x17,
    0xf8, 0xe9, 0xe2, 0xca, 0x86, 0x3e, 0x41, 0xf0, 0x47, 0x25, 0x58, 0x10,
    0xcc, 0x98, 0xaa, 0x81, 0x9e, 0x55, 0x0d, 0x1e, 0x5a, 0xaf, 0x3c, 0xd1,
    0x6e, 0x16, 0xbf, 0x0f, 0xa9, 0xca, 0xa9, 0xb8, 0xbd, 0xeb, 0xfe, 0x41,
    0x91, 0x12, 0x1d, 0xa8, 0x13, 0x9f, 0x59, 0x99, 0xf6, 0x5c, 0x1b, 0xe7,
    0x53, 0xc3, 0xe7, 0x9e, 0x52, 0x81, 0x2d, 0xae, 0x1e, 0x97, 0x54, 0x70,
    0x93, 0xa0, 0x10, 0x5a, 0x4c, 0x57, 0x2c, 0x0c, 0x95, 0x03, 0xeb, 0xeb,
    0xd5, 0x47, 0x27, 0x97, 0x8d, 0xc9, 0xc0, 0xc3, 0x30, 0xa8, 0x2e, 0x43,
    0x4e, 0xdc, 0xf8, 0xd5, 0x49, 0xea, 0x45, 0x3d, 0xe1, 0x8f, 0x40, 0x04,
    0x1d, 0x03, 0x41, 0xe9, 0xea, 0xcd, 0xdd, 0xd6, 0xcf, 0x53, 0xb8, 0xa1,
    0x4b, 0xd4, 0xba, 0xcf, 0x38, 0xb2, 0xdf, 0xd3, 0x81, 0xae, 0xf0, 0x15,
    0x8f, 0xdc, 0x4a, 0xf8, 0x29, 0x0e, 0xb0, 0x41, 0xc2, 0x2a, 0xb8, 0x27,
    0x91, 0xfa, 0xc7, 0x0f, 0x47, 0xb1, 0xa5, 0x2c, 0x52, 0xb3, 0xea, 0x2a,
    0x44, 0xc0, 0x1b, 0xc8, 0x36, 0xd8, 0xa9, 0xed, 0xb5, 0x81, 0x68, 0xea,
    0x25, 0x6a, 0x5a, 0x30, 0x1f, 0x91, 0x1a, 0xca, 0xa2, 0xe0, 0x34, 0x11,
    0x0b, 0x98, 0x15, 0x54, 0x6a, 0x5d, 0x03, 0xd3, 0x04, 0x8d, 0x27, 0xe3,
    0xde, 0xf9, 0xb2, 0xf7, 0x70, 0xf1, 0x29, 0xec, 0x39, 0x1f, 0x94, 0x24,
    0x22, 0x4d, 0xc9, 0xbf, 0xb2, 0xa1, 0x65, 0xc4, 0xae, 0xc5, 0xfe, 0x91,
    0x86, 0x2f, 0xfb, 0x85, 0x97, 0xee, 0xea, 0xc2, 0x3b, 0x26, 0xd0, 0x0b,
    0xf5, 0xfa, 0xce, 0x01, 0xf2, 0x98, 0xfc, 0x24, 0x9b, 0xd4, 0xf8, 0x29,
    0x19, 0xd8, 0x16, 0xee, 0xbc, 0x22, 0xfc, 0xcf, 0xf1, 0x22, 0xcc, 0x39,
    0xf9, 0x15, 0xd1, 0xfa, 0x41, 0xda, 0x1b, 0x38, 0x09, 0xd0, 0xd4, 0xe8,
    0x15, 0xf7, 0x4a, 0xdd, 0xb4, 0xf7, 0x1d, 0x34, 0xcc, 0x12, 0x3d, 0xeb,
    0xc7, 0x2c, 0xf5, 0x20, 0x0f, 0xee, 0xe3, 0x99, 0x81, 0x35, 0x3c, 0xf5,
    0x39, 0xcf, 0x54, 0xe9, 0xec, 0xdb, 0x68, 0xcd, 0xff, 0x41, 0x9e, 0x21,
    0xce, 0x4c, 0x27, 0x0f, 0xa2, 0x03, 0x2a, 0xe1, 0xcd, 0x81, 0x38, 0xe9,
    0x2b, 0x11, 0x69, 0x19, 0x81, 0xd6, 0x04, 0xb8, 0xc4, 0x17, 0x97, 0xa7,
    0xd0, 0xb5, 0x2e, 0x18, 0xc0, 0x41, 0x56, 0x89, 0x59, 0x45, 0x0d, 0x9e,
    0xfd, 0xdd, 0xbf, 0xeb, 0xa6, 0xe6, 0xb3, 0xc7, 0x1d, 0xa9, 0xbe, 0xad,
    0xa3, 0x2f, 0x03, 0x3e, 0xff, 0xdb, 0xc9, 0x36, 0xf8, 0x3f, 0xe5, 0xe8,
    0xc4, 0x2e, 0x2c, 0x29, 0x2d, 0x1d, 0xb5, 0x69, 0x1f, 0x4c, 0x5d, 0xf9,
    0x1d, 0xb3, 0xf6, 0x1b, 0xaf, 0xb4, 0x08, 0x16, 0x68, 0xd6, 0x10, 0x81,
    0xbb, 0xba, 0x1d, 0x0e, 0xd0, 0x08, 0x2d, 0x34, 0xc5, 0x57, 0xfb, 0xea,
    0x20, 0x94, 0x34, 0x10, 0x0a, 0xa8, 0xc3, 0x16, 0x29, 0xf1, 0x09, 0xd8,
    0x37, 0x49, 0x3f, 0x2d, 0x10, 0x4e, 0x2a, 0xd1, 0xc0, 0xc6, 0xe2, 0xaf,
    0x15, 0xda, 0xc3, 0xc4, 0xb9, 0x7f, 0x46, 0x31, 0x4f, 0xc7, 0xed, 0xd4,
    0xf3, 0xc1, 0x02, 0xf7, 0x49, 0x30, 0xdd, 0x1a, 0xd5, 0x4c, 0x2b, 0xe2,
    0x26, 0x53, 0x13, 0x00, 0xbf, 0xee, 0xe3, 0x27, 0xd9, 0x0d, 0x31, 0xdc,
    0xe8, 0x54, 0x5e, 0xe9, 0x30, 0x4b, 0x3d, 0x41, 0x11, 0x9e, 0xf2, 0x14,
    0xad, 0xbf, 0x25, 0xc3, 0xd1, 0x12, 0xe5, 0x4f, 0xcd, 0xea, 0x00, 0x1b,
    0xd6, 0xfc, 0xff, 0xff, 0x04, 0x00, 0x00, 0x00, 0x00, 0x01, 0x00, 0x00,
    0x5e, 0x00, 0x00, 0x00, 0xe9, 0xfd, 0xff, 0xff, 0xff, 0x04, 0x00, 0x00,
    0x00, 0x08, 0x00, 0x00, 0x25, 0xf5, 0xff, 0xff, 0x9c, 0xfa, 0xff, 0xff,
    0xd1, 0xfc, 0xff, 0xff, 0x33, 0x0b, 0x00, 0x00, 0x82, 0x08, 0x00, 0x00,
    0x44, 0x07, 0x00, 0x00, 0x26, 0x00, 0x00, 0x00, 0x45, 0x00, 0x00, 0x00,
    0xb7, 0x02, 0x00, 0x00, 0xb1, 0xfb, 0xff, 0xff, 0x2c, 0x03, 0x00, 0x00,
    0xeb, 0xfb, 0xff, 0xff, 0x40, 0x01, 0x00, 0x00, 0x1b, 0x04, 0x00, 0x00,
    0xee, 0x03, 0x00, 0x00, 0x69, 0xfa, 0xff, 0xff, 0x48, 0xf7, 0xff, 0xff,
    0xbf, 0x01, 0x00, 0x00, 0x4e, 0xf8, 0xff, 0xff, 0x00, 0x00, 0x00, 0x00,
    0x8f, 0x08, 0x00, 0x00, 0x9f, 0x06, 0x00, 0x00, 0x00, 0x00, 0x00, 0x00,
    0x55, 0x07, 0x00, 0x00, 0x2a, 0xfb, 0xff, 0xff, 0xa5, 0x05, 0x00, 0x00,
    0xbe, 0xfc, 0xff, 0xff, 0x51, 0xfa, 0xff, 0xff, 0x28, 0x06, 0x00, 0x00,
    0x61, 0x08, 0x00, 0x00, 0x52, 0xfd, 0xff, 0xff, 0x12, 0xfb, 0xff, 0xff,
    0x07, 0xfb, 0xff, 0xff, 0xe3, 0xfc, 0xff, 0xff, 0x8d, 0x0a, 0x00, 0x00,
    0xeb, 0x09, 0x00, 0x00, 0x02, 0xfb, 0xff, 0xff, 0xd9, 0xfa, 0xff, 0xff,
    0xb3, 0xfb, 0xff, 0xff, 0xff, 0xfb, 0xff, 0xff, 0x03, 0xf9, 0xff, 0xff,
    0x1a, 0x08, 0x00, 0x00, 0x67, 0x05, 0x00, 0x00, 0x33, 0xfb, 0xff, 0xff,
    0x98, 0xf5, 0xff, 0xff, 0x89, 0xf7, 0xff, 0xff, 0xac, 0x06, 0x00, 0x00,
    0x74, 0xfd, 0xff, 0xff, 0xeb, 0xfd, 0xff, 0xff, 0x74, 0x0c, 0x00, 0x00,
    0x31, 0xfc, 0xff, 0xff, 0xf1, 0xfd, 0xff, 0xff, 0x14, 0x02, 0x00, 0x00,
    0x8d, 0xfc, 0xff, 0xff, 0x27, 0xff, 0xff, 0xff, 0x99, 0xfe, 0xff, 0xff,
    0x2d, 0xfd, 0xff, 0xff, 0x36, 0xfc, 0xff, 0xff, 0x8f, 0x09, 0x00, 0x00,
    0xd2, 0x0a, 0x00, 0x00, 0xe2, 0xfd, 0xff, 0xff, 0x04, 0x00, 0x00, 0x00,
    0x80, 0x00, 0x00, 0x00, 0x38, 0xfa, 0x60, 0x7f, 0x01, 0xf5, 0xb0, 0x2d,
    0x5d, 0x6c, 0xf2, 0xda, 0x09, 0x19, 0x43, 0xe2, 0x34, 0x4f, 0xef, 0xe7,
    0xea, 0x55, 0x18, 0x33, 0x67, 0x2e, 0xd7, 0x57, 0x45, 0x26, 0x45, 0xcf,
    0x38, 0x1b, 0xef, 0xf0, 0x02, 0xb9, 0x5e, 0x5e, 0xe1, 0x23, 0x40, 0xd2,
    0x03, 0x3e, 0x35, 0xd8, 0xeb, 0x04, 0x56, 0xbb, 0xf0, 0xf6, 0xb8, 0xc9,
    0x3b, 0xc3, 0xd8, 0xcb, 0xa9, 0xc4, 0x3c, 0xd3, 0xd7, 0x0c, 0xd2, 0x27,
    0x2b, 0x52, 0xa7, 0xb4, 0xe6, 0xed, 0x20, 0x2a, 0x56, 0x5a, 0x0f, 0xc4,
    0x4d, 0xd9, 0xa8, 0xea, 0xe1, 0xfc, 0x1a, 0x5b, 0xbd, 0xbc, 0xef, 0xc0,
    0x3d, 0xef, 0x5a, 0x42, 0xba, 0x81, 0x3b, 0x4c, 0x26, 0xe6, 0xe4, 0xad,
    0x15, 0xf5, 0x03, 0x27, 0x4b, 0x9b, 0xee, 0x51, 0xeb, 0x06, 0x13, 0x07,
    0x15, 0x88, 0xb2, 0x2c, 0x6d, 0x3b, 0xd5, 0x4a, 0xbe, 0x4e, 0xff, 0x8d,
    0x6e, 0xfe, 0xff, 0xff, 0x04, 0x00, 0x00, 0x00, 0x08, 0x00, 0x00, 0x00,
    0x54, 0x00, 0x00, 0x00, 0xa5, 0xff, 0xff, 0xff, 0x82, 0xfe, 0xff, 0xff,
    0x04, 0x00, 0x00, 0x00, 0x0c, 0x00, 0x00, 0x00, 0xff, 0xff, 0xff, 0xff,
    0x3e, 0x00, 0x00, 0x00, 0x40, 0x00, 0x00, 0x00, 0x9a, 0xfe, 0xff, 0xff,
    0x04, 0x00, 0x00, 0x00, 0x0c, 0x00, 0x00, 0x00, 0xff, 0xff, 0xff, 0xff,
    0x7d, 0x00, 0x00, 0x00, 0x40, 0x00, 0x00, 0x00, 0xb2, 0xfe, 0xff, 0xff,
    0x04, 0x00, 0x00, 0x00, 0x0c, 0x00, 0x00, 0x00, 0xff, 0xff, 0xff, 0xff,
    0x7d, 0x00, 0x00, 0x00, 0x20, 0x00, 0x00, 0x00, 0xca, 0xfe, 0xff, 0xff,
    0x04, 0x00, 0x00, 0x00, 0x0c, 0x00, 0x00, 0x00, 0xff, 0xff, 0xff, 0xff,
    0xfa, 0x00, 0x00, 0x00, 0x20, 0x00, 0x00, 0x00, 0xe2, 0xfe, 0xff, 0xff,
    0x04, 0x00, 0x00, 0x00, 0x0c, 0x00, 0x00, 0x00, 0xff, 0xff, 0xff, 0xff,
    0xfa, 0x00, 0x00, 0x00, 0x10, 0x00, 0x00, 0x00, 0xfa, 0xfe, 0xff, 0xff,
    0x04, 0x00, 0x00, 0x00, 0x04, 0x00, 0x00, 0x00, 0x01, 0x00, 0x00, 0x00,
    0x0a, 0xff, 0xff, 0xff, 0x04, 0x00, 0x00, 0x00, 0x0c, 0x00, 0x00, 0x00,
    0xff, 0xff, 0xff, 0xff, 0xf4, 0x01, 0x00, 0x00, 0x10, 0x00, 0x00, 0x00,
    0x22, 0xff, 0xff, 0xff, 0x04, 0x00, 0x00, 0x00, 0x04, 0x00, 0x00, 0x00,
    0xfd, 0xff, 0xff, 0xff, 0x60, 0xd0, 0xff, 0xff, 0x64, 0xd0, 0xff, 0xff,
    0x0f, 0x00, 0x00, 0x00, 0x4d, 0x4c, 0x49, 0x52, 0x20, 0x43, 0x6f, 0x6e,
    0x76, 0x65, 0x72, 0x74, 0x65, 0x64, 0x2e, 0x00, 0x01, 0x00, 0x00, 0x00,
    0x14, 0x00, 0x00, 0x00, 0x00, 0x00, 0x0e, 0x00, 0x18, 0x00, 0x14, 0x00,
    0x10, 0x00, 0x0c, 0x00, 0x08, 0x00, 0x04, 0x00, 0x0e, 0x00, 0x00, 0x00,
    0x14, 0x00, 0x00, 0x00, 0x1c, 0x00, 0x00, 0x00, 0x08, 0x05, 0x00, 0x00,
    0x0c, 0x05, 0x00, 0x00, 0x10, 0x05, 0x00, 0x00, 0x04, 0x00, 0x00, 0x00,
    0x6d, 0x61, 0x69, 0x6e, 0x00, 0x00, 0x00, 0x00, 0x16, 0x00, 0x00, 0x00,
    0xc0, 0x04, 0x00, 0x00, 0x60, 0x04, 0x00, 0x00, 0x28, 0x04, 0x00, 0x00,
    0xec, 0x03, 0x00, 0x00, 0x98, 0x03, 0x00, 0x00, 0x60, 0x03, 0x00, 0x00,
    0x30, 0x03, 0x00, 0x00, 0xec, 0x02, 0x00, 0x00, 0xc4, 0x02, 0x00, 0x00,
    0x94, 0x02, 0x00, 0x00, 0x50, 0x02, 0x00, 0x00, 0x28, 0x02, 0x00, 0x00,
    0xf8, 0x01, 0x00, 0x00, 0xb4, 0x01, 0x00, 0x00, 0x8c, 0x01, 0x00, 0x00,
    0x5c, 0x01, 0x00, 0x00, 0x18, 0x01, 0x00, 0x00, 0xf0, 0x00, 0x00, 0x00,
    0xbc, 0x00, 0x00, 0x00, 0x78, 0x00, 0x00, 0x00, 0x40, 0x00, 0x00, 0x00,
    0x04, 0x00, 0x00, 0x00, 0xbe, 0xfc, 0xff, 0xff, 0x1c, 0x00, 0x00, 0x00,
    0x00, 0x00, 0x00, 0x09, 0x1c, 0x00, 0x00, 0x00, 0x20, 0x00, 0x00, 0x00,
    0x06, 0x00, 0x00, 0x00, 0x00, 0x00, 0x06, 0x00, 0x08, 0x00, 0x04, 0x00,
    0x06, 0x00, 0x00, 0x00, 0x00, 0x00, 0x80, 0x3f, 0x01, 0x00, 0x00, 0x00,
    0x28, 0x00, 0x00, 0x00, 0x01, 0x00, 0x00, 0x00, 0x27, 0x00, 0x00, 0x00,
    0x3a, 0xfc, 0xff, 0xff, 0x14, 0x00, 0x00, 0x00, 0x00, 0x00, 0x00, 0x08,
    0x10, 0x00, 0x00, 0x00, 0x14, 0x00, 0x00, 0x00, 0x05, 0x00, 0x00, 0x00,
    0x64, 0xd1, 0xff, 0xff, 0x01, 0x00, 0x00, 0x00, 0x27, 0x00, 0x00, 0x00,
    0x03, 0x00, 0x00, 0x00, 0x26, 0x00, 0x00, 0x00, 0x0a, 0x00, 0x00, 0x00,
    0x09, 0x00, 0x00, 0x00, 0x2a, 0xfd, 0xff, 0xff, 0x1c, 0x00, 0x00, 0x00,
    0x00, 0x00, 0x00, 0x08, 0x1c, 0x00, 0x00, 0x00, 0x20, 0x00, 0x00, 0x00,
    0x05, 0x00, 0x00, 0x00, 0x00, 0x00, 0x06, 0x00, 0x08, 0x00, 0x07, 0x00,
    0x06, 0x00, 0x00, 0x00, 0x00, 0x00, 0x00, 0x01, 0x01, 0x00, 0x00, 0x00,
    0x26, 0x00, 0x00, 0x00, 0x03, 0x00, 0x00, 0x00, 0x25, 0x00, 0x00, 0x00,
    0x0c, 0x00, 0x00, 0x00, 0x0b, 0x00, 0x00, 0x00, 0xae, 0xfc, 0xff, 0xff,
    0x14, 0x00, 0x00, 0x00, 0x00, 0x00, 0x00, 0x1b, 0x10, 0x00, 0x00, 0x00,
    0x14, 0x00, 0x00, 0x00, 0x04, 0x00, 0x00, 0x00, 0xd8, 0xd1, 0xff, 0xff,
    0x01, 0x00, 0x00, 0x00, 0x25, 0x00, 0x00, 0x00, 0x02, 0x00, 0x00, 0x00,
    0x24, 0x00, 0x00, 0x00, 0x03, 0x00, 0x00, 0x00, 0x0e, 0xfd, 0xff, 0xff,
    0x0c, 0x00, 0x00, 0x00, 0x10, 0x00, 0x00, 0x00, 0x02, 0x00, 0x00, 0x00,
    0x01, 0x00, 0x00, 0x00, 0x24, 0x00, 0x00, 0x00, 0x02, 0x00, 0x00, 0x00,
    0x23, 0x00, 0x00, 0x00, 0x08, 0x00, 0x00, 0x00, 0x02, 0xfd, 0xff, 0xff,
    0x14, 0x00, 0x00, 0x00, 0x00, 0x00, 0x00, 0x05, 0x24, 0x00, 0x00, 0x00,
    0x28, 0x00, 0x00, 0x00, 0x03, 0x00, 0x00, 0x00, 0xae, 0xfd, 0xff, 0xff,
    0x01, 0x00, 0x00, 0x00, 0x02, 0x00, 0x00, 0x00, 0x01, 0x00, 0x00, 0x00,
    0x02, 0x00, 0x00, 0x00, 0x00, 0x00, 0x00, 0x01, 0x01, 0x00, 0x00, 0x00,
    0x23, 0x00, 0x00, 0x00, 0x01, 0x00, 0x00, 0x00, 0x22, 0x00, 0x00, 0x00,
    0xe6, 0xfc, 0xff, 0xff, 0x10, 0x00, 0x00, 0x00, 0x00, 0x00, 0x00, 0x34,
    0x0c, 0x00, 0x00, 0x00, 0x10, 0x00, 0x00, 0x00, 0x68, 0xd2, 0xff, 0xff,
    0x01, 0x00, 0x00, 0x00, 0x22, 0x00, 0x00, 0x00, 0x02, 0x00, 0x00, 0x00,
    0x21, 0x00, 0x00, 0x00, 0x03, 0x00, 0x00, 0x00, 0x9e, 0xfd, 0xff, 0xff,
    0x0c, 0x00, 0x00, 0x00, 0x10, 0x00, 0x00, 0x00, 0x02, 0x00, 0x00, 0x00,
    0x01, 0x00, 0x00, 0x00, 0x21, 0x00, 0x00, 0x00, 0x02, 0x00, 0x00, 0x00,
    0x20, 0x00, 0x00, 0x00, 0x07, 0x00, 0x00, 0x00, 0x92, 0xfd, 0xff, 0xff,
    0x14, 0x00, 0x00, 0x00, 0x00, 0x00, 0x00, 0x01, 0x1c, 0x00, 0x00, 0x00,
    0x20, 0x00, 0x00, 0x00, 0x01, 0x00, 0x00, 0x00, 0x84, 0xfd, 0xff, 0xff,
    0x00, 0x00, 0x00, 0x01, 0x01, 0x00, 0x00, 0x00, 0x01, 0x00, 0x00, 0x00,
    0x01, 0x00, 0x00, 0x00, 0x20, 0x00, 0x00, 0x00, 0x03, 0x00, 0x00, 0x00,
    0x1f, 0x00, 0x00, 0x00, 0x0e, 0x00, 0x00, 0x00, 0x0d, 0x00, 0x00, 0x00,
    0x76, 0xfd, 0xff, 0xff, 0x10, 0x00, 0x00, 0x00, 0x00, 0x00, 0x00, 0x34,
    0x0c, 0x00, 0x00, 0x00, 0x10, 0x00, 0x00, 0x00, 0xf8, 0xd2, 0xff, 0xff,
    0x01, 0x00, 0x00, 0x00, 0x1f, 0x00, 0x00, 0x00, 0x02, 0x00, 0x00, 0x00,
    0x1e, 0x00, 0x00, 0x00, 0x01, 0x00, 0x00, 0x00, 0x2e, 0xfe, 0xff, 0xff,
    0x0c, 0x00, 0x00, 0x00, 0x10, 0x00, 0x00, 0x00, 0x02, 0x00, 0x00, 0x00,
    0x01, 0x00, 0x00, 0x00, 0x1e, 0x00, 0x00, 0x00, 0x02, 0x00, 0x00, 0x00,
    0x1d, 0x00, 0x00, 0x00, 0x06, 0x00, 0x00, 0x00, 0x22, 0xfe, 0xff, 0xff,
    0x14, 0x00, 0x00, 0x00, 0x00, 0x00, 0x00, 0x05, 0x24, 0x00, 0x00, 0x00,
    0x28, 0x00, 0x00, 0x00, 0x03, 0x00, 0x00, 0x00, 0xce, 0xfe, 0xff, 0xff,
    0x01, 0x00, 0x00, 0x00, 0x02, 0x00, 0x00, 0x00, 0x01, 0x00, 0x00, 0x00,
    0x02, 0x00, 0x00, 0x00, 0x00, 0x00, 0x00, 0x01, 0x01, 0x00, 0x00, 0x00,
    0x1d, 0x00, 0x00, 0x00, 0x01, 0x00, 0x00, 0x00, 0x1c, 0x00, 0x00, 0x00,
    0x06, 0xfe, 0xff, 0xff, 0x10, 0x00, 0x00, 0x00, 0x00, 0x00, 0x00, 0x34,
    0x0c, 0x00, 0x00, 0x00, 0x10, 0x00, 0x00, 0x00, 0x88, 0xd3, 0xff, 0xff,
    0x01, 0x00, 0x00, 0x00, 0x1c, 0x00, 0x00, 0x00, 0x02, 0x00, 0x00, 0x00,
    0x1b, 0x00, 0x00, 0x00, 0x03, 0x00, 0x00, 0x00, 0xbe, 0xfe, 0xff, 0xff,
    0x0c, 0x00, 0x00, 0x00, 0x10, 0x00, 0x00, 0x00, 0x02, 0x00, 0x00, 0x00,
    0x01, 0x00, 0x00, 0x00, 0x1b, 0x00, 0x00, 0x00, 0x02, 0x00, 0x00, 0x00,
    0x1a, 0x00, 0x00, 0x00, 0x05, 0x00, 0x00, 0x00, 0xb2, 0xfe, 0xff, 0xff,
    0x14, 0x00, 0x00, 0x00, 0x00, 0x00, 0x00, 0x01, 0x1c, 0x00, 0x00, 0x00,
    0x20, 0x00, 0x00, 0x00, 0x01, 0x00, 0x00, 0x00, 0xa4, 0xfe, 0xff, 0xff,
    0x00, 0x00, 0x00, 0x01, 0x01, 0x00, 0x00, 0x00, 0x01, 0x00, 0x00, 0x00,
    0x01, 0x00, 0x00, 0x00, 0x1a, 0x00, 0x00, 0x00, 0x03, 0x00, 0x00, 0x00,
    0x19, 0x00, 0x00, 0x00, 0x10, 0x00, 0x00, 0x00, 0x0f, 0x00, 0x00, 0x00,
    0x96, 0xfe, 0xff, 0xff, 0x10, 0x00, 0x00, 0x00, 0x00, 0x00, 0x00, 0x34,
    0x0c, 0x00, 0x00, 0x00, 0x10, 0x00, 0x00, 0x00, 0x18, 0xd4, 0xff, 0xff,
    0x01, 0x00, 0x00, 0x00, 0x19, 0x00, 0x00, 0x00, 0x02, 0x00, 0x00, 0x00,
    0x18, 0x00, 0x00, 0x00, 0x01, 0x00, 0x00, 0x00, 0x4e, 0xff, 0xff, 0xff,
    0x0c, 0x00, 0x00, 0x00, 0x10, 0x00, 0x00, 0x00, 0x02, 0x00, 0x00, 0x00,
    0x01, 0x00, 0x00, 0x00, 0x18, 0x00, 0x00, 0x00, 0x02, 0x00, 0x00, 0x00,
    0x17, 0x00, 0x00, 0x00, 0x04, 0x00, 0x00, 0x00, 0x00, 0x00, 0x0e, 0x00,
    0x1a, 0x00, 0x14, 0x00, 0x10, 0x00, 0x0c, 0x00, 0x0b, 0x00, 0x04, 0x00,
    0x0e, 0x00, 0x00, 0x00, 0x24, 0x00, 0x00, 0x00, 0x00, 0x00, 0x00, 0x05,
    0x34, 0x00, 0x00, 0x00, 0x38, 0x00, 0x00, 0x00, 0x03, 0x00, 0x00, 0x00,
    0x00, 0x00, 0x0e, 0x00, 0x18, 0x00, 0x17, 0x00, 0x10, 0x00, 0x0c, 0x00,
    0x08, 0x00, 0x04, 0x00, 0x0e, 0x00, 0x00, 0x00, 0x01, 0x00, 0x00, 0x00,
    0x02, 0x00, 0x00, 0x00, 0x01, 0x00, 0x00, 0x00, 0x02, 0x00, 0x00, 0x00,
    0x00, 0x00, 0x00, 0x01, 0x01, 0x00, 0x00, 0x00, 0x17, 0x00, 0x00, 0x00,
    0x01, 0x00, 0x00, 0x00, 0x16, 0x00, 0x00, 0x00, 0x46, 0xff, 0xff, 0xff,
    0x10, 0x00, 0x00, 0x00, 0x00, 0x00, 0x00, 0x34, 0x0c, 0x00, 0x00, 0x00,
    0x10, 0x00, 0x00, 0x00, 0xc8, 0xd4, 0xff, 0xff, 0x01, 0x00, 0x00, 0x00,
    0x16, 0x00, 0x00, 0x00, 0x02, 0x00, 0x00, 0x00, 0x15, 0x00, 0x00, 0x00,
    0x03, 0x00, 0x00, 0x00, 0x00, 0x00, 0x0a, 0x00, 0x10, 0x00, 0x0c, 0x00,
    0x08, 0x00, 0x04, 0x00, 0x0a, 0x00, 0x00, 0x00, 0x0c, 0x00, 0x00, 0x00,
    0x10, 0x00, 0x00, 0x00, 0x02, 0x00, 0x00, 0x00, 0x01, 0x00, 0x00, 0x00,
    0x15, 0x00, 0x00, 0x00, 0x02, 0x00, 0x00, 0x00, 0x14, 0x00, 0x00, 0x00,
    0x02, 0x00, 0x00, 0x00, 0x00, 0x00, 0x0e, 0x00, 0x18, 0x00, 0x14, 0x00,
    0x10, 0x00, 0x0c, 0x00, 0x0b, 0x00, 0x04, 0x00, 0x0e, 0x00, 0x00, 0x00,
    0x20, 0x00, 0x00, 0x00, 0x00, 0x00, 0x00, 0x01, 0x28, 0x00, 0x00, 0x00,
    0x2c, 0x00, 0x00, 0x00, 0x01, 0x00, 0x00, 0x00, 0x0c, 0x00, 0x10, 0x00,
    0x00, 0x00, 0x0c, 0x00, 0x08, 0x00, 0x07, 0x00, 0x0c, 0x00, 0x00, 0x00,
    0x00, 0x00, 0x00, 0x01, 0x01, 0x00, 0x00, 0x00, 0x01, 0x00, 0x00, 0x00,
    0x01, 0x00, 0x00, 0x00, 0x14, 0x00, 0x00, 0x00, 0x03, 0x00, 0x00, 0x00,
    0x13, 0x00, 0x00, 0x00, 0x12, 0x00, 0x00, 0x00, 0x11, 0x00, 0x00, 0x00,
    0x00, 0x00, 0x0e, 0x00, 0x14, 0x00, 0x00, 0x00, 0x10, 0x00, 0x0c, 0x00,
    0x0b, 0x00, 0x04, 0x00, 0x0e, 0x00, 0x00, 0x00, 0x10, 0x00, 0x00, 0x00,
    0x00, 0x00, 0x00, 0x34, 0x0c, 0x00, 0x00, 0x00, 0x10, 0x00, 0x00, 0x00,
    0x90, 0xd5, 0xff, 0xff, 0x01, 0x00, 0x00, 0x00, 0x13, 0x00, 0x00, 0x00,
    0x02, 0x00, 0x00, 0x00, 0x00, 0x00, 0x00, 0x00, 0x01, 0x00, 0x00, 0x00,
    0x01, 0x00, 0x00, 0x00, 0x28, 0x00, 0x00, 0x00, 0x01, 0x00, 0x00, 0x00,
    0x00, 0x00, 0x00, 0x00, 0x29, 0x00, 0x00, 0x00, 0x7c, 0x2a, 0x00, 0x00,
    0x24, 0x2a, 0x00, 0x00, 0xac, 0x29, 0x00, 0x00, 0x70, 0x29, 0x00, 0x00,
    0x10, 0x29, 0x00, 0x00, 0xb0, 0x28, 0x00, 0x00, 0x50, 0x28, 0x00, 0x00,
    0xf0, 0x27, 0x00, 0x00, 0x90, 0x27, 0x00, 0x00, 0x10, 0x27, 0x00, 0x00,
    0x8c, 0x26, 0x00, 0x00, 0x00, 0x23, 0x00, 0x00, 0x94, 0x1f, 0x00, 0x00,
    0x90, 0x1b, 0x00, 0x00, 0x1c, 0x18, 0x00, 0x00, 0x98, 0x15, 0x00, 0x00,
    0xa4, 0x13, 0x00, 0x00, 0xe0, 0x11, 0x00, 0x00, 0xac, 0x10, 0x00, 0x00,
    0x08, 0x10, 0x00, 0x00, 0xd4, 0x0e, 0x00, 0x00, 0xcc, 0x0d, 0x00, 0x00,
    0x24, 0x0d, 0x00, 0x00, 0x88, 0x0c, 0x00, 0x00, 0xf0, 0x0b, 0x00, 0x00,
    0x48, 0x0b, 0x00, 0x00, 0x14, 0x0a, 0x00, 0x00, 0x0c, 0x09, 0x00, 0x00,
    0x64, 0x08, 0x00, 0x00, 0xc8, 0x07, 0x00, 0x00, 0x30, 0x07, 0x00, 0x00,
    0x88, 0x06, 0x00, 0x00, 0x54, 0x05, 0x00, 0x00, 0x4c, 0x04, 0x00, 0x00,
    0xa4, 0x03, 0x00, 0x00, 0x08, 0x03, 0x00, 0x00, 0x70, 0x02, 0x00, 0x00,
    0xf0, 0x01, 0x00, 0x00, 0x24, 0x01, 0x00, 0x00, 0x80, 0x00, 0x00, 0x00,
    0x04, 0x00, 0x00, 0x00, 0x3e, 0xd6, 0xff, 0xff, 0x00, 0x00, 0x00, 0x01,
    0x18, 0x00, 0x00, 0x00, 0x20, 0x00, 0x00, 0x00, 0x3c, 0x00, 0x00, 0x00,
    0x29, 0x00, 0x00, 0x00, 0x00, 0x00, 0x00, 0x09, 0x50, 0x00, 0x00, 0x00,
    0x02, 0x00, 0x00, 0x00, 0xff, 0xff, 0xff, 0xff, 0x02, 0x00, 0x00, 0x00,
    0x24, 0xd6, 0xff, 0xff, 0x08, 0x00, 0x00, 0x00, 0x10, 0x00, 0x00, 0x00,
    0x01, 0x00, 0x00, 0x00, 0x80, 0xff, 0xff, 0xff, 0xff, 0xff, 0xff, 0xff,
    0x01, 0x00, 0x00, 0x00, 0x00, 0x00, 0x80, 0x3b, 0x1b, 0x00, 0x00, 0x00,
    0x53, 0x74, 0x61, 0x74, 0x65, 0x66, 0x75, 0x6c, 0x50, 0x61, 0x72, 0x74,
    0x69, 0x74, 0x69, 0x6f, 0x6e, 0x65, 0x64, 0x43, 0x61, 0x6c, 0x6c, 0x5f,
    0x31, 0x3a, 0x30, 0x00, 0x02, 0x00, 0x00, 0x00, 0x01, 0x00, 0x00, 0x00,
    0x02, 0x00, 0x00, 0x00, 0xb6, 0xd6, 0xff, 0xff, 0x00, 0x00, 0x00, 0x01,
    0x18, 0x00, 0x00, 0x00, 0x20, 0x00, 0x00, 0x00, 0x3c, 0x00, 0x00, 0x00,
    0x28, 0x00, 0x00, 0x00, 0x00, 0x00, 0x00, 0x09, 0x78, 0x00, 0x00, 0x00,
    0x02, 0x00, 0x00, 0x00, 0xff, 0xff, 0xff, 0xff, 0x02, 0x00, 0x00, 0x00,
    0x9c, 0xd6, 0xff, 0xff, 0x08, 0x00, 0x00, 0x00, 0x10, 0x00, 0x00, 0x00,
    0x01, 0x00, 0x00, 0x00, 0xe6, 0xff, 0xff, 0xff, 0xff, 0xff, 0xff, 0xff,
    0x01, 0x00, 0x00, 0x00, 0xeb, 0x76, 0x7e, 0x3c, 0x42, 0x00, 0x00, 0x00,
    0x6c, 0x65, 0x77, 0x69, 0x73, 0x5f, 0x62, 0x61, 0x63, 0x6b, 0x62, 0x6f,
    0x6e, 0x65, 0x5f, 0x31, 0x2f, 0x6f, 0x75, 0x74, 0x70, 0x75, 0x74, 0x5f,
    0x31, 0x2f, 0x4d, 0x61, 0x74, 0x4d, 0x75, 0x6c, 0x3b, 0x6c, 0x65, 0x77,
    0x69, 0x73, 0x5f, 0x62, 0x61, 0x63, 0x6b, 0x62, 0x6f, 0x6e, 0x65, 0x5f,
    0x31, 0x2f, 0x6f, 0x75, 0x74, 0x70, 0x75, 0x74, 0x5f, 0x31, 0x2f, 0x42,
    0x69, 0x61, 0x73, 0x41, 0x64, 0x64, 0x00, 0x00, 0x02, 0x00, 0x00, 0x00,
    0x01, 0x00, 0x00, 0x00, 0x02, 0x00, 0x00, 0x00, 0x56, 0xd7, 0xff, 0xff,
    0x00, 0x00, 0x00, 0x01, 0x18, 0x00, 0x00, 0x00, 0x20, 0x00, 0x00, 0x00,
    0x3c, 0x00, 0x00, 0x00, 0x27, 0x00, 0x00, 0x00, 0x00, 0x00, 0x00, 0x09,
    0xa0, 0x00, 0x00, 0x00, 0x02, 0x00, 0x00, 0x00, 0xff, 0xff, 0xff, 0xff,
    0x40, 0x00, 0x00, 0x00, 0x3c, 0xd7, 0xff, 0xff, 0x08, 0x00, 0x00, 0x00,
    0x10, 0x00, 0x00, 0x00, 0x01, 0x00, 0x00, 0x00, 0x80, 0xff, 0xff, 0xff,
    0xff, 0xff, 0xff, 0xff, 0x01, 0x00, 0x00, 0x00, 0x36, 0x6f, 0x92, 0x3b,
    0x6a, 0x00, 0x00, 0x00, 0x6c, 0x65, 0x77, 0x69, 0x73, 0x5f, 0x62, 0x61,
    0x63, 0x6b, 0x62, 0x6f, 0x6e, 0x65, 0x5f, 0x31, 0x2f, 0x65, 0x6d, 0x62,
    0x65, 0x64, 0x64, 0x69, 0x6e, 0x67, 0x5f, 0x31, 0x2f, 0x4d, 0x61, 0x74,
    0x4d, 0x75, 0x6c, 0x3b, 0x6c, 0x65, 0x77, 0x69, 0x73, 0x5f, 0x62, 0x61,
    0x63, 0x6b, 0x62, 0x6f, 0x6e, 0x65, 0x5f, 0x31, 0x2f, 0x65, 0x6d, 0x62,
    0x65, 0x64, 0x64, 0x69, 0x6e, 0x67, 0x5f, 0x31, 0x2f, 0x52, 0x65, 0x6c,
    0x75, 0x3b, 0x6c, 0x65, 0x77, 0x69, 0x73, 0x5f, 0x62, 0x61, 0x63, 0x6b,
    0x62, 0x6f, 0x6e, 0x65, 0x5f, 0x31, 0x2f, 0x65, 0x6d, 0x62, 0x65, 0x64,
    0x64, 0x69, 0x6e, 0x67, 0x5f, 0x31, 0x2f, 0x42, 0x69, 0x61, 0x73, 0x41,
    0x64, 0x64, 0x00, 0x00, 0x02, 0x00, 0x00, 0x00, 0x01, 0x00, 0x00, 0x00,
    0x40, 0x00, 0x00, 0x00, 0x1e, 0xd8, 0xff, 0xff, 0x00, 0x00, 0x00, 0x01,
    0x18, 0x00, 0x00, 0x00, 0x20, 0x00, 0x00, 0x00, 0x40, 0x00, 0x00, 0x00,
    0x26, 0x00, 0x00, 0x00, 0x00, 0x00, 0x00, 0x09, 0x54, 0x00, 0x00, 0x00,
    0x02, 0x00, 0x00, 0x00, 0xff, 0xff, 0xff, 0xff, 0x40, 0x00, 0x00, 0x00,
    0x04, 0xd8, 0xff, 0xff, 0x08, 0x00, 0x00, 0x00, 0x14, 0x00, 0x00, 0x00,
    0x01, 0x00, 0x00, 0x00, 0x80, 0xff, 0xff, 0xff, 0xff, 0xff, 0xff, 0xff,
    0x00, 0x00, 0x00, 0x00, 0x01, 0x00, 0x00, 0x00, 0x18, 0x00, 0x1b, 0x3c,
    0x1b, 0x00, 0x00, 0x00, 0x6c, 0x65, 0x77, 0x69, 0x73, 0x5f, 0x62, 0x61,
    0x63, 0x6b, 0x62, 0x6f, 0x6e, 0x65, 0x5f, 0x31, 0x2f, 0x67, 0x61, 0x70,
    0x5f, 0x31, 0x2f, 0x4d, 0x65, 0x61, 0x6e, 0x00, 0x02, 0x00, 0x00, 0x00,
    0x01, 0x00, 0x00, 0x00, 0x40, 0x00, 0x00, 0x00, 0x9a, 0xd8, 0xff, 0xff,
    0x00, 0x00, 0x00, 0x01, 0x18, 0x00, 0x00, 0x00, 0x24, 0x00, 0x00, 0x00,
    0x40, 0x00, 0x00, 0x00, 0x25, 0x00, 0x00, 0x00, 0x00, 0x00, 0x00, 0x09,
    0x68, 0x00, 0x00, 0x00, 0x03, 0x00, 0x00, 0x00, 0xff, 0xff, 0xff, 0xff,
    0x3e, 0x00, 0x00, 0x00, 0x40, 0x00, 0x00, 0x00, 0x84, 0xd8, 0xff, 0xff,
    0x08, 0x00, 0x00, 0x00, 0x10, 0x00, 0x00, 0x00, 0x01, 0x00, 0x00, 0x00,
    0x80, 0xff, 0xff, 0xff, 0xff, 0xff, 0xff, 0xff, 0x01, 0x00, 0x00, 0x00,
    0x97, 0x99, 0x5e, 0x3d, 0x2f, 0x00, 0x00, 0x00, 0x6c, 0x65, 0x77, 0x69,
    0x73, 0x5f, 0x62, 0x61, 0x63, 0x6b, 0x62, 0x6f, 0x6e, 0x65, 0x5f, 0x31,
    0x2f, 0x6d, 0x61, 0x78, 0x70, 0x6f, 0x6f, 0x6c, 0x5f, 0x33, 0x5f, 0x31,
    0x2f, 0x4d, 0x61, 0x78, 0x50, 0x6f, 0x6f, 0x6c, 0x31, 0x64, 0x2f, 0x53,
    0x71, 0x75, 0x65, 0x65, 0x7a, 0x65, 0x31, 0x00, 0x03, 0x00, 0x00, 0x00,
    0x01, 0x00, 0x00, 0x00, 0x3e, 0x00, 0x00, 0x00, 0x40, 0x00, 0x00, 0x00,
    0x2e, 0xd9, 0xff, 0xff, 0x00, 0x00, 0x00, 0x01, 0x18, 0x00, 0x00, 0x00,
    0x28, 0x00, 0x00, 0x00, 0x48, 0x00, 0x00, 0x00, 0x24, 0x00, 0x00, 0x00,
    0x00, 0x00, 0x00, 0x09, 0x68, 0x00, 0x00, 0x00, 0x04, 0x00, 0x00, 0x00,
    0xff, 0xff, 0xff, 0xff, 0x01, 0x00, 0x00, 0x00, 0x3e, 0x00, 0x00, 0x00,
    0x40, 0x00, 0x00, 0x00, 0x1c, 0xd9, 0xff, 0xff, 0x08, 0x00, 0x00, 0x00,
    0x14, 0x00, 0x00, 0x00, 0x01, 0x00, 0x00, 0x00, 0x80, 0xff, 0xff, 0xff,
    0xff, 0xff, 0xff, 0xff, 0x00, 0x00, 0x00, 0x00, 0x01, 0x00, 0x00, 0x00,
    0x97, 0x99, 0x5e, 0x3d, 0x26, 0x00, 0x00, 0x00, 0x6c, 0x65, 0x77, 0x69,
    0x73, 0x5f, 0x62, 0x61, 0x63, 0x6b, 0x62, 0x6f, 0x6e, 0x65, 0x5f, 0x31,
    0x2f, 0x6d, 0x61, 0x78, 0x70, 0x6f, 0x6f, 0x6c, 0x5f, 0x33, 0x5f, 0x31,
    0x2f, 0x4d, 0x61, 0x78, 0x50, 0x6f, 0x6f, 0x6c, 0x31, 0x64, 0x00, 0x00,
    0x04, 0x00, 0x00, 0x00, 0x01, 0x00, 0x00, 0x00, 0x01, 0x00, 0x00, 0x00,
    0x3e, 0x00, 0x00, 0x00, 0x40, 0x00, 0x00, 0x00, 0xc6, 0xd9, 0xff, 0xff,
    0x00, 0x00, 0x00, 0x01, 0x18, 0x00, 0x00, 0x00, 0x28, 0x00, 0x00, 0x00,
    0x48, 0x00, 0x00, 0x00, 0x23, 0x00, 0x00, 0x00, 0x00, 0x00, 0x00, 0x09,
    0x74, 0x00, 0x00, 0x00, 0x04, 0x00, 0x00, 0x00, 0xff, 0xff, 0xff, 0xff,
    0x01, 0x00, 0x00, 0x00, 0x7d, 0x00, 0x00, 0x00, 0x40, 0x00, 0x00, 0x00,
    0xb4, 0xd9, 0xff, 0xff, 0x08, 0x00, 0x00, 0x00, 0x14, 0x00, 0x00, 0x00,
    0x01, 0x00, 0x00, 0x00, 0x80, 0xff, 0xff, 0xff, 0xff, 0xff, 0xff, 0xff,
    0x00, 0x00, 0x00, 0x00, 0x01, 0x00, 0x00, 0x00, 0x97, 0x99, 0x5e, 0x3d,
    0x31, 0x00, 0x00, 0x00, 0x6c, 0x65, 0x77, 0x69, 0x73, 0x5f, 0x62, 0x61,
    0x63, 0x6b, 0x62, 0x6f, 0x6e, 0x65, 0x5f, 0x31, 0x2f, 0x6d, 0x61, 0x78,
    0x70, 0x6f, 0x6f, 0x6c, 0x5f, 0x33, 0x5f, 0x31, 0x2f, 0x4d, 0x61, 0x78,
    0x50, 0x6f, 0x6f, 0x6c, 0x31, 0x64, 0x2f, 0x45, 0x78, 0x70, 0x61, 0x6e,
    0x64, 0x44, 0x69, 0x6d, 0x73, 0x00, 0x00, 0x00, 0x04, 0x00, 0x00, 0x00,
    0x01, 0x00, 0x00, 0x00, 0x01, 0x00, 0x00, 0x00, 0x7d, 0x00, 0x00, 0x00,
    0x40, 0x00, 0x00, 0x00, 0x6a, 0xda, 0xff, 0xff, 0x00, 0x00, 0x00, 0x01,
    0x18, 0x00, 0x00, 0x00, 0x24, 0x00, 0x00, 0x00, 0x44, 0x00, 0x00, 0x00,
    0x22, 0x00, 0x00, 0x00, 0x00, 0x00, 0x00, 0x09, 0xd8, 0x00, 0x00, 0x00,
    0x03, 0x00, 0x00, 0x00, 0xff, 0xff, 0xff, 0xff, 0x7d, 0x00, 0x00, 0x00,
    0x40, 0x00, 0x00, 0x00, 0x54, 0xda, 0xff, 0xff, 0x08, 0x00, 0x00, 0x00,
    0x14, 0x00, 0x00, 0x00, 0x01, 0x00, 0x00, 0x00, 0x80, 0xff, 0xff, 0xff,
    0xff, 0xff, 0xff, 0xff, 0x00, 0x00, 0x00, 0x00, 0x01, 0x00, 0x00, 0x00,
    0x97, 0x99, 0x5e, 0x3d, 0x98, 0x00, 0x00, 0x00, 0x6c, 0x65, 0x77, 0x69,
    0x73, 0x5f, 0x62, 0x61, 0x63, 0x6b, 0x62, 0x6f, 0x6e, 0x65, 0x5f, 0x31,
    0x2f, 0x63, 0x6f, 0x6e, 0x76, 0x31, 0x64, 0x5f, 0x33, 0x5f, 0x31, 0x2f,
    0x52, 0x65, 0x6c, 0x75, 0x3b, 0x6c, 0x65, 0x77, 0x69, 0x73, 0x5f, 0x62,
    0x61, 0x63, 0x6b, 0x62, 0x6f, 0x6e, 0x65, 0x5f, 0x31, 0x2f, 0x63, 0x6f,
    0x6e, 0x76, 0x31, 0x64, 0x5f, 0x33, 0x5f, 0x31, 0x2f, 0x42, 0x69, 0x61,
    0x73, 0x41, 0x64, 0x64, 0x3b, 0x6c, 0x65, 0x77, 0x69, 0x73, 0x5f, 0x62,
    0x61, 0x63, 0x6b, 0x62, 0x6f, 0x6e, 0x65, 0x5f, 0x31, 0x2f, 0x63, 0x6f,
    0x6e, 0x76, 0x31, 0x64, 0x5f, 0x33, 0x5f, 0x31, 0x2f, 0x63, 0x6f, 0x6e,
    0x76, 0x6f, 0x6c, 0x75, 0x74, 0x69, 0x6f, 0x6e, 0x2f, 0x53, 0x71, 0x75,
    0x65, 0x65, 0x7a, 0x65, 0x3b, 0x6c, 0x65, 0x77, 0x69, 0x73, 0x5f, 0x62,
    0x61, 0x63, 0x6b, 0x62, 0x6f, 0x6e, 0x65, 0x5f, 0x31, 0x2f, 0x63, 0x6f,
    0x6e, 0x76, 0x31, 0x64, 0x5f, 0x33, 0x5f, 0x31, 0x2f, 0x53, 0x71, 0x75,
    0x65, 0x65, 0x7a, 0x65, 0x00, 0x00, 0x00, 0x00, 0x03, 0x00, 0x00, 0x00,
    0x01, 0x00, 0x00, 0x00, 0x7d, 0x00, 0x00, 0x00, 0x40, 0x00, 0x00, 0x00,
    0x6e, 0xdb, 0xff, 0xff, 0x00, 0x00, 0x00, 0x01, 0x18, 0x00, 0x00, 0x00,
    0x28, 0x00, 0x00, 0x00, 0x44, 0x00, 0x00, 0x00, 0x21, 0x00, 0x00, 0x00,
    0x00, 0x00, 0x00, 0x09, 0x00, 0x01, 0x00, 0x00, 0x04, 0x00, 0x00, 0x00,
    0xff, 0xff, 0xff, 0xff, 0x01, 0x00, 0x00, 0x00, 0x7d, 0x00, 0x00, 0x00,
    0x40, 0x00, 0x00, 0x00, 0x5c, 0xdb, 0xff, 0xff, 0x08, 0x00, 0x00, 0x00,
    0x10, 0x00, 0x00, 0x00, 0x01, 0x00, 0x00, 0x00, 0x80, 0xff, 0xff, 0xff,
    0xff, 0xff, 0xff, 0xff, 0x01, 0x00, 0x00, 0x00, 0x97, 0x99, 0x5e, 0x3d,
    0xc1, 0x00, 0x00, 0x00, 0x6c, 0x65, 0x77, 0x69, 0x73, 0x5f, 0x62, 0x61,
    0x63, 0x6b, 0x62, 0x6f, 0x6e, 0x65, 0x5f, 0x31, 0x2f, 0x63, 0x6f, 0x6e,
    0x76, 0x31, 0x64, 0x5f, 0x33, 0x5f, 0x31, 0x2f, 0x52, 0x65, 0x6c, 0x75,
    0x3b, 0x6c, 0x65, 0x77, 0x69, 0x73, 0x5f, 0x62, 0x61, 0x63, 0x6b, 0x62,
    0x6f, 0x6e, 0x65, 0x5f, 0x31, 0x2f, 0x63, 0x6f, 0x6e, 0x76, 0x31, 0x64,
    0x5f, 0x33, 0x5f, 0x31, 0x2f, 0x42, 0x69, 0x61, 0x73, 0x41, 0x64, 0x64,
    0x3b, 0x6c, 0x65, 0x77, 0x69, 0x73, 0x5f, 0x62, 0x61, 0x63, 0x6b, 0x62,
    0x6f, 0x6e, 0x65, 0x5f, 0x31, 0x2f, 0x63, 0x6f, 0x6e, 0x76, 0x31, 0x64,
    0x5f, 0x33, 0x5f, 0x31, 0x2f, 0x63, 0x6f, 0x6e, 0x76, 0x6f, 0x6c, 0x75,
    0x74, 0x69, 0x6f, 0x6e, 0x2f, 0x53, 0x71, 0x75, 0x65, 0x65, 0x7a, 0x65,
    0x3b, 0x6c, 0x65, 0x77, 0x69, 0x73, 0x5f, 0x62, 0x61, 0x63, 0x6b, 0x62,
    0x6f, 0x6e, 0x65, 0x5f, 0x31, 0x2f, 0x63, 0x6f, 0x6e, 0x76, 0x31, 0x64,
    0x5f, 0x33, 0x5f, 0x31, 0x2f, 0x53, 0x71, 0x75, 0x65, 0x65, 0x7a, 0x65,
    0x3b, 0x6c, 0x65, 0x77, 0x69, 0x73, 0x5f, 0x62, 0x61, 0x63, 0x6b, 0x62,
    0x6f, 0x6e, 0x65, 0x5f, 0x31, 0x2f, 0x63, 0x6f, 0x6e, 0x76, 0x31, 0x64,
    0x5f, 0x33, 0x5f, 0x31, 0x2f, 0x63, 0x6f, 0x6e, 0x76, 0x6f, 0x6c, 0x75,
    0x74, 0x69, 0x6f, 0x6e, 0x31, 0x00, 0x00, 0x00, 0x04, 0x00, 0x00, 0x00,
    0x01, 0x00, 0x00, 0x00, 0x01, 0x00, 0x00, 0x00, 0x7d, 0x00, 0x00, 0x00,
    0x40, 0x00, 0x00, 0x00, 0x9e, 0xdc, 0xff, 0xff, 0x00, 0x00, 0x00, 0x01,
    0x18, 0x00, 0x00, 0x00, 0x28, 0x00, 0x00, 0x00, 0x48, 0x00, 0x00, 0x00,
    0x20, 0x00, 0x00, 0x00, 0x00, 0x00, 0x00, 0x09, 0x74, 0x00, 0x00, 0x00,
    0x04, 0x00, 0x00, 0x00, 0xff, 0xff, 0xff, 0xff, 0x01, 0x00, 0x00, 0x00,
    0x7d, 0x00, 0x00, 0x00, 0x20, 0x00, 0x00, 0x00, 0x8c, 0xdc, 0xff, 0xff,
    0x08, 0x00, 0x00, 0x00, 0x14, 0x00, 0x00, 0x00, 0x01, 0x00, 0x00, 0x00,
    0x80, 0xff, 0xff, 0xff, 0xff, 0xff, 0xff, 0xff, 0x00, 0x00, 0x00, 0x00,
    0x01, 0x00, 0x00, 0x00, 0x6c, 0xa5, 0x20, 0x3d, 0x32, 0x00, 0x00, 0x00,
    0x6c, 0x65, 0x77, 0x69, 0x73, 0x5f, 0x62, 0x61, 0x63, 0x6b, 0x62, 0x6f,
    0x6e, 0x65, 0x5f, 0x31, 0x2f, 0x63, 0x6f, 0x6e, 0x76, 0x31, 0x64, 0x5f,
    0x33, 0x5f, 0x31, 0x2f, 0x63, 0x6f, 0x6e, 0x76, 0x6f, 0x6c, 0x75, 0x74,
    0x69, 0x6f, 0x6e, 0x2f, 0x45, 0x78, 0x70, 0x61, 0x6e, 0x64, 0x44, 0x69,
    0x6d, 0x73, 0x00, 0x00, 0x04, 0x00, 0x00, 0x00, 0x01, 0x00, 0x00, 0x00,
    0x01, 0x00, 0x00, 0x00, 0x7d, 0x00, 0x00, 0x00, 0x20, 0x00, 0x00, 0x00,
    0x42, 0xdd, 0xff, 0xff, 0x00, 0x00, 0x00, 0x01, 0x18, 0x00, 0x00, 0x00,
    0x24, 0x00, 0x00, 0x00, 0x40, 0x00, 0x00, 0x00, 0x1f, 0x00, 0x00, 0x00,
    0x00, 0x00, 0x00, 0x09, 0x68, 0x00, 0x00, 0x00, 0x03, 0x00, 0x00, 0x00,
    0xff, 0xff, 0xff, 0xff, 0x7d, 0x00, 0x00, 0x00, 0x20, 0x00, 0x00, 0x00,
    0x2c, 0xdd, 0xff, 0xff, 0x08, 0x00, 0x00, 0x00, 0x10, 0x00, 0x00, 0x00,
    0x01, 0x00, 0x00, 0x00, 0x80, 0xff, 0xff, 0xff, 0xff, 0xff, 0xff, 0xff,
    0x01, 0x00, 0x00, 0x00, 0x6c, 0xa5, 0x20, 0x3d, 0x2f, 0x00, 0x00, 0x00,
    0x6c, 0x65, 0x77, 0x69, 0x73, 0x5f, 0x62, 0x61, 0x63, 0x6b, 0x62, 0x6f,
    0x6e, 0x65, 0x5f, 0x31, 0x2f, 0x6d, 0x61, 0x78, 0x70, 0x6f, 0x6f, 0x6c,
    0x5f, 0x32, 0x5f, 0x31, 0x2f, 0x4d, 0x61, 0x78, 0x50, 0x6f, 0x6f, 0x6c,
    0x31, 0x64, 0x2f, 0x53, 0x71, 0x75, 0x65, 0x65, 0x7a, 0x65, 0x31, 0x00,
    0x03, 0x00, 0x00, 0x00, 0x01, 0x00, 0x00, 0x00, 0x7d, 0x00, 0x00, 0x00,
    0x20, 0x00, 0x00, 0x00, 0xd6, 0xdd, 0xff, 0xff, 0x00, 0x00, 0x00, 0x01,
    0x18, 0x00, 0x00, 0x00, 0x28, 0x00, 0x00, 0x00, 0x48, 0x00, 0x00, 0x00,
    0x1e, 0x00, 0x00, 0x00, 0x00, 0x00, 0x00, 0x09, 0x68, 0x00, 0x00, 0x00,
    0x04, 0x00, 0x00, 0x00, 0xff, 0xff, 0xff, 0xff, 0x01, 0x00, 0x00, 0x00,
    0x7d, 0x00, 0x00, 0x00, 0x20, 0x00, 0x00, 0x00, 0xc4, 0xdd, 0xff, 0xff,
    0x08, 0x00, 0x00, 0x00, 0x14, 0x00, 0x00, 0x00, 0x01, 0x00, 0x00, 0x00,
    0x80, 0xff, 0xff, 0xff, 0xff, 0xff, 0xff, 0xff, 0x00, 0x00, 0x00, 0x00,
    0x01, 0x00, 0x00, 0x00, 0x6c, 0xa5, 0x20, 0x3d, 0x26, 0x00, 0x00, 0x00,
    0x6c, 0x65, 0x77, 0x69, 0x73, 0x5f, 0x62, 0x61, 0x63, 0x6b, 0x62, 0x6f,
    0x6e, 0x65, 0x5f, 0x31, 0x2f, 0x6d, 0x61, 0x78, 0x70, 0x6f, 0x6f, 0x6c,
    0x5f, 0x32, 0x5f, 0x31, 0x2f, 0x4d, 0x61, 0x78, 0x50, 0x6f, 0x6f, 0x6c,
    0x31, 0x64, 0x00, 0x00, 0x04, 0x00, 0x00, 0x00, 0x01, 0x00, 0x00, 0x00,
    0x01, 0x00, 0x00, 0x00, 0x7d, 0x00, 0x00, 0x00, 0x20, 0x00, 0x00, 0x00,
    0x6e, 0xde, 0xff, 0xff, 0x00, 0x00, 0x00, 0x01, 0x18, 0x00, 0x00, 0x00,
    0x28, 0x00, 0x00, 0x00, 0x48, 0x00, 0x00, 0x00, 0x1d, 0x00, 0x00, 0x00,
    0x00, 0x00, 0x00, 0x09, 0x74, 0x00, 0x00, 0x00, 0x04, 0x00, 0x00, 0x00,
    0xff, 0xff, 0xff, 0xff, 0x01, 0x00, 0x00, 0x00, 0xfa, 0x00, 0x00, 0x00,
    0x20, 0x00, 0x00, 0x00, 0x5c, 0xde, 0xff, 0xff, 0x08, 0x00, 0x00, 0x00,
    0x14, 0x00, 0x00, 0x00, 0x01, 0x00, 0x00, 0x00, 0x80, 0xff, 0xff, 0xff,
    0xff, 0xff, 0xff, 0xff, 0x00, 0x00, 0x00, 0x00, 0x01, 0x00, 0x00, 0x00,
    0x6c, 0xa5, 0x20, 0x3d, 0x31, 0x00, 0x00, 0x00, 0x6c, 0x65, 0x77, 0x69,
    0x73, 0x5f, 0x62, 0x61, 0x63, 0x6b, 0x62, 0x6f, 0x6e, 0x65, 0x5f, 0x31,
    0x2f, 0x6d, 0x61, 0x78, 0x70, 0x6f, 0x6f, 0x6c, 0x5f, 0x32, 0x5f, 0x31,
    0x2f, 0x4d, 0x61, 0x78, 0x50, 0x6f, 0x6f, 0x6c, 0x31, 0x64, 0x2f, 0x45,
    0x78, 0x70, 0x61, 0x6e, 0x64, 0x44, 0x69, 0x6d, 0x73, 0x00, 0x00, 0x00,
    0x04, 0x00, 0x00, 0x00, 0x01, 0x00, 0x00, 0x00, 0x01, 0x00, 0x00, 0x00,
    0xfa, 0x00, 0x00, 0x00, 0x20, 0x00, 0x00, 0x00, 0x12, 0xdf, 0xff, 0xff,
    0x00, 0x00, 0x00, 0x01, 0x18, 0x00, 0x00, 0x00, 0x24, 0x00, 0x00, 0x00,
    0x44, 0x00, 0x00, 0x00, 0x1c, 0x00, 0x00, 0x00, 0x00, 0x00, 0x00, 0x09,
    0xd8, 0x00, 0x00, 0x00, 0x03, 0x00, 0x00, 0x00, 0xff, 0xff, 0xff, 0xff,
    0xfa, 0x00, 0x00, 0x00, 0x20, 0x00, 0x00, 0x00, 0xfc, 0xde, 0xff, 0xff,
    0x08, 0x00, 0x00, 0x00, 0x14, 0x00, 0x00, 0x00, 0x01, 0x00, 0x00, 0x00,
    0x80, 0xff, 0xff, 0xff, 0xff, 0xff, 0xff, 0xff, 0x00, 0x00, 0x00, 0x00,
    0x01, 0x00, 0x00, 0x00, 0x6c, 0xa5, 0x20, 0x3d, 0x98, 0x00, 0x00, 0x00,
    0x6c, 0x65, 0x77, 0x69, 0x73, 0x5f, 0x62, 0x61, 0x63, 0x6b, 0x62, 0x6f,
    0x6e, 0x65, 0x5f, 0x31, 0x2f, 0x63, 0x6f, 0x6e, 0x76, 0x31, 0x64, 0x5f,
    0x32, 0x5f, 0x31, 0x2f, 0x52, 0x65, 0x6c, 0x75, 0x3b, 0x6c, 0x65, 0x77,
    0x69, 0x73, 0x5f, 0x62, 0x61, 0x63, 0x6b, 0x62, 0x6f, 0x6e, 0x65, 0x5f,
    0x31, 0x2f, 0x63, 0x6f, 0x6e, 0x76, 0x31, 0x64, 0x5f, 0x32, 0x5f, 0x31,
    0x2f, 0x42, 0x69, 0x61, 0x73, 0x41, 0x64, 0x64, 0x3b, 0x6c, 0x65, 0x77,
    0x69, 0x73, 0x5f, 0x62, 0x61, 0x63, 0x6b, 0x62, 0x6f, 0x6e, 0x65, 0x5f,
    0x31, 0x2f, 0x63, 0x6f, 0x6e, 0x76, 0x31, 0x64, 0x5f, 0x32, 0x5f, 0x31,
    0x2f, 0x63, 0x6f, 0x6e, 0x76, 0x6f, 0x6c, 0x75, 0x74, 0x69, 0x6f, 0x6e,
    0x2f, 0x53, 0x71, 0x75, 0x65, 0x65, 0x7a, 0x65, 0x3b, 0x6c, 0x65, 0x77,
    0x69, 0x73, 0x5f, 0x62, 0x61, 0x63, 0x6b, 0x62, 0x6f, 0x6e, 0x65, 0x5f,
    0x31, 0x2f, 0x63, 0x6f, 0x6e, 0x76, 0x31, 0x64, 0x5f, 0x32, 0x5f, 0x31,
    0x2f, 0x53, 0x71, 0x75, 0x65, 0x65, 0x7a, 0x65, 0x00, 0x00, 0x00, 0x00,
    0x03, 0x00, 0x00, 0x00, 0x01, 0x00, 0x00, 0x00, 0xfa, 0x00, 0x00, 0x00,
    0x20, 0x00, 0x00, 0x00, 0x16, 0xe0, 0xff, 0xff, 0x00, 0x00, 0x00, 0x01,
    0x18, 0x00, 0x00, 0x00, 0x28, 0x00, 0x00, 0x00, 0x44, 0x00, 0x00, 0x00,
    0x1b, 0x00, 0x00, 0x00, 0x00, 0x00, 0x00, 0x09, 0x00, 0x01, 0x00, 0x00,
    0x04, 0x00, 0x00, 0x00, 0xff, 0xff, 0xff, 0xff, 0x01, 0x00, 0x00, 0x00,
    0xfa, 0x00, 0x00, 0x00, 0x20, 0x00, 0x00, 0x00, 0x04, 0xe0, 0xff, 0xff,
    0x08, 0x00, 0x00, 0x00, 0x10, 0x00, 0x00, 0x00, 0x01, 0x00, 0x00, 0x00,
    0x80, 0xff, 0xff, 0xff, 0xff, 0xff, 0xff, 0xff, 0x01, 0x00, 0x00, 0x00,
    0x6c, 0xa5, 0x20, 0x3d, 0xc1, 0x00, 0x00, 0x00, 0x6c, 0x65, 0x77, 0x69,
    0x73, 0x5f, 0x62, 0x61, 0x63, 0x6b, 0x62, 0x6f, 0x6e, 0x65, 0x5f, 0x31,
    0x2f, 0x63, 0x6f, 0x6e, 0x76, 0x31, 0x64, 0x5f, 0x32, 0x5f, 0x31, 0x2f,
    0x52, 0x65, 0x6c, 0x75, 0x3b, 0x6c, 0x65, 0x77, 0x69, 0x73, 0x5f, 0x62,
    0x61, 0x63, 0x6b, 0x62, 0x6f, 0x6e, 0x65, 0x5f, 0x31, 0x2f, 0x63, 0x6f,
    0x6e, 0x76, 0x31, 0x64, 0x5f, 0x32, 0x5f, 0x31, 0x2f, 0x42, 0x69, 0x61,
    0x73, 0x41, 0x64, 0x64, 0x3b, 0x6c, 0x65, 0x77, 0x69, 0x73, 0x5f, 0x62,
    0x61, 0x63, 0x6b, 0x62, 0x6f, 0x6e, 0x65, 0x5f, 0x31, 0x2f, 0x63, 0x6f,
    0x6e, 0x76, 0x31, 0x64, 0x5f, 0x32, 0x5f, 0x31, 0x2f, 0x63, 0x6f, 0x6e,
    0x76, 0x6f, 0x6c, 0x75, 0x74, 0x69, 0x6f, 0x6e, 0x2f, 0x53, 0x71, 0x75,
    0x65, 0x65, 0x7a, 0x65, 0x3b, 0x6c, 0x65, 0x77, 0x69, 0x73, 0x5f, 0x62,
    0x61, 0x63, 0x6b, 0x62, 0x6f, 0x6e, 0x65, 0x5f, 0x31, 0x2f, 0x63, 0x6f,
    0x6e, 0x76, 0x31, 0x64, 0x5f, 0x32, 0x5f, 0x31, 0x2f, 0x53, 0x71, 0x75,
    0x65, 0x65, 0x7a, 0x65, 0x3b, 0x6c, 0x65, 0x77, 0x69, 0x73, 0x5f, 0x62,
    0x61, 0x63, 0x6b, 0x62, 0x6f, 0x6e, 0x65, 0x5f, 0x31, 0x2f, 0x63, 0x6f,
    0x6e, 0x76, 0x31, 0x64, 0x5f, 0x32, 0x5f, 0x31, 0x2f, 0x63, 0x6f, 0x6e,
    0x76, 0x6f, 0x6c, 0x75, 0x74, 0x69, 0x6f, 0x6e, 0x31, 0x00, 0x00, 0x00,
    0x04, 0x00, 0x00, 0x00, 0x01, 0x00, 0x00, 0x00, 0x01, 0x00, 0x00, 0x00,
    0xfa, 0x00, 0x00, 0x00, 0x20, 0x00, 0x00, 0x00, 0x46, 0xe1, 0xff, 0xff,
    0x00, 0x00, 0x00, 0x01, 0x18, 0x00, 0x00, 0x00, 0x28, 0x00, 0x00, 0x00,
    0x48, 0x00, 0x00, 0x00, 0x1a, 0x00, 0x00, 0x00, 0x00, 0x00, 0x00, 0x09,
    0x74, 0x00, 0x00, 0x00, 0x04, 0x00, 0x00, 0x00, 0xff, 0xff, 0xff, 0xff,
    0x01, 0x00, 0x00, 0x00, 0xfa, 0x00, 0x00, 0x00, 0x10, 0x00, 0x00, 0x00,
    0x34, 0xe1, 0xff, 0xff, 0x08, 0x00, 0x00, 0x00, 0x14, 0x00, 0x00, 0x00,
    0x01, 0x00, 0x00, 0x00, 0x80, 0xff, 0xff, 0xff, 0xff, 0xff, 0xff, 0xff,
    0x00, 0x00, 0x00, 0x00, 0x01, 0x00, 0x00, 0x00, 0x7f, 0xae, 0x17, 0x3d,
    0x32, 0x00, 0x00, 0x00, 0x6c, 0x65, 0x77, 0x69, 0x73, 0x5f, 0x62, 0x61,
    0x63, 0x6b, 0x62, 0x6f, 0x6e, 0x65, 0x5f, 0x31, 0x2f, 0x63, 0x6f, 0x6e,
    0x76, 0x31, 0x64, 0x5f, 0x32, 0x5f, 0x31, 0x2f, 0x63, 0x6f, 0x6e, 0x76,
    0x6f, 0x6c, 0x75, 0x74, 0x69, 0x6f, 0x6e, 0x2f, 0x45, 0x78, 0x70, 0x61,
    0x6e, 0x64, 0x44, 0x69, 0x6d, 0x73, 0x00, 0x00, 0x04, 0x00, 0x00, 0x00,
    0x01, 0x00, 0x00, 0x00, 0x01, 0x00, 0x00, 0x00, 0xfa, 0x00, 0x00, 0x00,
    0x10, 0x00, 0x00, 0x00, 0xea, 0xe1, 0xff, 0xff, 0x00, 0x00, 0x00, 0x01,
    0x18, 0x00, 0x00, 0x00, 0x24, 0x00, 0x00, 0x00, 0x40, 0x00, 0x00, 0x00,
    0x19, 0x00, 0x00, 0x00, 0x00, 0x00, 0x00, 0x09, 0x68, 0x00, 0x00, 0x00,
    0x03, 0x00, 0x00, 0x00, 0xff, 0xff, 0xff, 0xff, 0xfa, 0x00, 0x00, 0x00,
    0x10, 0x00, 0x00, 0x00, 0xd4, 0xe1, 0xff, 0xff, 0x08, 0x00, 0x00, 0x00,
    0x10, 0x00, 0x00, 0x00, 0x01, 0x00, 0x00, 0x00, 0x80, 0xff, 0xff, 0xff,
    0xff, 0xff, 0xff, 0xff, 0x01, 0x00, 0x00, 0x00, 0x7f, 0xae, 0x17, 0x3d,
    0x2f, 0x00, 0x00, 0x00, 0x6c, 0x65, 0x77, 0x69, 0x73, 0x5f, 0x62, 0x61,
    0x63, 0x6b, 0x62, 0x6f, 0x6e, 0x65, 0x5f, 0x31, 0x2f, 0x6d, 0x61, 0x78,
    0x70, 0x6f, 0x6f, 0x6c, 0x5f, 0x31, 0x5f, 0x31, 0x2f, 0x4d, 0x61, 0x78,
    0x50, 0x6f, 0x6f, 0x6c, 0x31, 0x64, 0x2f, 0x53, 0x71, 0x75, 0x65, 0x65,
    0x7a, 0x65, 0x31, 0x00, 0x03, 0x00, 0x00, 0x00, 0x01, 0x00, 0x00, 0x00,
    0xfa, 0x00, 0x00, 0x00, 0x10, 0x00, 0x00, 0x00, 0x7e, 0xe2, 0xff, 0xff,
    0x00, 0x00, 0x00, 0x01, 0x18, 0x00, 0x00, 0x00, 0x28, 0x00, 0x00, 0x00,
    0x48, 0x00, 0x00, 0x00, 0x18, 0x00, 0x00, 0x00, 0x00, 0x00, 0x00, 0x09,
    0x68, 0x00, 0x00, 0x00, 0x04, 0x00, 0x00, 0x00, 0xff, 0xff, 0xff, 0xff,
    0x01, 0x00, 0x00, 0x00, 0xfa, 0x00, 0x00, 0x00, 0x10, 0x00, 0x00, 0x00,
    0x6c, 0xe2, 0xff, 0xff, 0x08, 0x00, 0x00, 0x00, 0x14, 0x00, 0x00, 0x00,
    0x01, 0x00, 0x00, 0x00, 0x80, 0xff, 0xff, 0xff, 0xff, 0xff, 0xff, 0xff,
    0x00, 0x00, 0x00, 0x00, 0x01, 0x00, 0x00, 0x00, 0x7f, 0xae, 0x17, 0x3d,
    0x26, 0x00, 0x00, 0x00, 0x6c, 0x65, 0x77, 0x69, 0x73, 0x5f, 0x62, 0x61,
    0x63, 0x6b, 0x62, 0x6f, 0x6e, 0x65, 0x5f, 0x31, 0x2f, 0x6d, 0x61, 0x78,
    0x70, 0x6f, 0x6f, 0x6c, 0x5f, 0x31, 0x5f, 0x31, 0x2f, 0x4d, 0x61, 0x78,
    0x50, 0x6f, 0x6f, 0x6c, 0x31, 0x64, 0x00, 0x00, 0x04, 0x00, 0x00, 0x00,
    0x01, 0x00, 0x00, 0x00, 0x01, 0x00, 0x00, 0x00, 0xfa, 0x00, 0x00, 0x00,
    0x10, 0x00, 0x00, 0x00, 0x16, 0xe3, 0xff, 0xff, 0x00, 0x00, 0x00, 0x01,
    0x18, 0x00, 0x00, 0x00, 0x28, 0x00, 0x00, 0x00, 0x48, 0x00, 0x00, 0x00,
    0x17, 0x00, 0x00, 0x00, 0x00, 0x00, 0x00, 0x09, 0x74, 0x00, 0x00, 0x00,
    0x04, 0x00, 0x00, 0x00, 0xff, 0xff, 0xff, 0xff, 0x01, 0x00, 0x00, 0x00,
    0xf4, 0x01, 0x00, 0x00, 0x10, 0x00, 0x00, 0x00, 0x04, 0xe3, 0xff, 0xff,
    0x08, 0x00, 0x00, 0x00, 0x14, 0x00, 0x00, 0x00, 0x01, 0x00, 0x00, 0x00,
    0x80, 0xff, 0xff, 0xff, 0xff, 0xff, 0xff, 0xff, 0x00, 0x00, 0x00, 0x00,
    0x01, 0x00, 0x00, 0x00, 0x7f, 0xae, 0x17, 0x3d, 0x31, 0x00, 0x00, 0x00,
    0x6c, 0x65, 0x77, 0x69, 0x73, 0x5f, 0x62, 0x61, 0x63, 0x6b, 0x62, 0x6f,
    0x6e, 0x65, 0x5f, 0x31, 0x2f, 0x6d, 0x61, 0x78, 0x70, 0x6f, 0x6f, 0x6c,
    0x5f, 0x31, 0x5f, 0x31, 0x2f, 0x4d, 0x61, 0x78, 0x50, 0x6f, 0x6f, 0x6c,
    0x31, 0x64, 0x2f, 0x45, 0x78, 0x70, 0x61, 0x6e, 0x64, 0x44, 0x69, 0x6d,
    0x73, 0x00, 0x00, 0x00, 0x04, 0x00, 0x00, 0x00, 0x01, 0x00, 0x00, 0x00,
    0x01, 0x00, 0x00, 0x00, 0xf4, 0x01, 0x00, 0x00, 0x10, 0x00, 0x00, 0x00,
    0xba, 0xe3, 0xff, 0xff, 0x00, 0x00, 0x00, 0x01, 0x18, 0x00, 0x00, 0x00,
    0x24, 0x00, 0x00, 0x00, 0x44, 0x00, 0x00, 0x00, 0x16, 0x00, 0x00, 0x00,
    0x00, 0x00, 0x00, 0x09, 0xd8, 0x00, 0x00, 0x00, 0x03, 0x00, 0x00, 0x00,
    0xff, 0xff, 0xff, 0xff, 0xf4, 0x01, 0x00, 0x00, 0x10, 0x00, 0x00, 0x00,
    0xa4, 0xe3, 0xff, 0xff, 0x08, 0x00, 0x00, 0x00, 0x14, 0x00, 0x00, 0x00,
    0x01, 0x00, 0x00, 0x00, 0x80, 0xff, 0xff, 0xff, 0xff, 0xff, 0xff, 0xff,
    0x00, 0x00, 0x00, 0x00, 0x01, 0x00, 0x00, 0x00, 0x7f, 0xae, 0x17, 0x3d,
    0x98, 0x00, 0x00, 0x00, 0x6c, 0x65, 0x77, 0x69, 0x73, 0x5f, 0x62, 0x61,
    0x63, 0x6b, 0x62, 0x6f, 0x6e, 0x65, 0x5f, 0x31, 0x2f, 0x63, 0x6f, 0x6e,
    0x76, 0x31, 0x64, 0x5f, 0x31, 0x5f, 0x31, 0x2f, 0x52, 0x65, 0x6c, 0x75,
    0x3b, 0x6c, 0x65, 0x77, 0x69, 0x73, 0x5f, 0x62, 0x61, 0x63, 0x6b, 0x62,
    0x6f, 0x6e, 0x65, 0x5f, 0x31, 0x2f, 0x63, 0x6f, 0x6e, 0x76, 0x31, 0x64,
    0x5f, 0x31, 0x5f, 0x31, 0x2f, 0x42, 0x69, 0x61, 0x73, 0x41, 0x64, 0x64,
    0x3b, 0x6c, 0x65, 0x77, 0x69, 0x73, 0x5f, 0x62, 0x61, 0x63, 0x6b, 0x62,
    0x6f, 0x6e, 0x65, 0x5f, 0x31, 0x2f, 0x63, 0x6f, 0x6e, 0x76, 0x31, 0x64,
    0x5f, 0x31, 0x5f, 0x31, 0x2f, 0x63, 0x6f, 0x6e, 0x76, 0x6f, 0x6c, 0x75,
    0x74, 0x69, 0x6f, 0x6e, 0x2f, 0x53, 0x71, 0x75, 0x65, 0x65, 0x7a, 0x65,
    0x3b, 0x6c, 0x65, 0x77, 0x69, 0x73, 0x5f, 0x62, 0x61, 0x63, 0x6b, 0x62,
    0x6f, 0x6e, 0x65, 0x5f, 0x31, 0x2f, 0x63, 0x6f, 0x6e, 0x76, 0x31, 0x64,
    0x5f, 0x31, 0x5f, 0x31, 0x2f, 0x53, 0x71, 0x75, 0x65, 0x65, 0x7a, 0x65,
    0x00, 0x00, 0x00, 0x00, 0x03, 0x00, 0x00, 0x00, 0x01, 0x00, 0x00, 0x00,
    0xf4, 0x01, 0x00, 0x00, 0x10, 0x00, 0x00, 0x00, 0xbe, 0xe4, 0xff, 0xff,
    0x00, 0x00, 0x00, 0x01, 0x18, 0x00, 0x00, 0x00, 0x28, 0x00, 0x00, 0x00,
    0x44, 0x00, 0x00, 0x00, 0x15, 0x00, 0x00, 0x00, 0x00, 0x00, 0x00, 0x09,
    0x00, 0x01, 0x00, 0x00, 0x04, 0x00, 0x00, 0x00, 0xff, 0xff, 0xff, 0xff,
    0x01, 0x00, 0x00, 0x00, 0xf4, 0x01, 0x00, 0x00, 0x10, 0x00, 0x00, 0x00,
    0xac, 0xe4, 0xff, 0xff, 0x08, 0x00, 0x00, 0x00, 0x10, 0x00, 0x00, 0x00,
    0x01, 0x00, 0x00, 0x00, 0x80, 0xff, 0xff, 0xff, 0xff, 0xff, 0xff, 0xff,
    0x01, 0x00, 0x00, 0x00, 0x7f, 0xae, 0x17, 0x3d, 0xc1, 0x00, 0x00, 0x00,
    0x6c, 0x65, 0x77, 0x69, 0x73, 0x5f, 0x62, 0x61, 0x63, 0x6b, 0x62, 0x6f,
    0x6e, 0x65, 0x5f, 0x31, 0x2f, 0x63, 0x6f, 0x6e, 0x76, 0x31, 0x64, 0x5f,
    0x31, 0x5f, 0x31, 0x2f, 0x52, 0x65, 0x6c, 0x75, 0x3b, 0x6c, 0x65, 0x77,
    0x69, 0x73, 0x5f, 0x62, 0x61, 0x63, 0x6b, 0x62, 0x6f, 0x6e, 0x65, 0x5f,
    0x31, 0x2f, 0x63, 0x6f, 0x6e, 0x76, 0x31, 0x64, 0x5f, 0x31, 0x5f, 0x31,
    0x2f, 0x42, 0x69, 0x61, 0x73, 0x41, 0x64, 0x64, 0x3b, 0x6c, 0x65, 0x77,
    0x69, 0x73, 0x5f, 0x62, 0x61, 0x63, 0x6b, 0x62, 0x6f, 0x6e, 0x65, 0x5f,
    0x31, 0x2f, 0x63, 0x6f, 0x6e, 0x76, 0x31, 0x64, 0x5f, 0x31, 0x5f, 0x31,
    0x2f, 0x63, 0x6f, 0x6e, 0x76, 0x6f, 0x6c, 0x75, 0x74, 0x69, 0x6f, 0x6e,
    0x2f, 0x53, 0x71, 0x75, 0x65, 0x65, 0x7a, 0x65, 0x3b, 0x6c, 0x65, 0x77,
    0x69, 0x73, 0x5f, 0x62, 0x61, 0x63, 0x6b, 0x62, 0x6f, 0x6e, 0x65, 0x5f,
    0x31, 0x2f, 0x63, 0x6f, 0x6e, 0x76, 0x31, 0x64, 0x5f, 0x31, 0x5f, 0x31,
    0x2f, 0x53, 0x71, 0x75, 0x65, 0x65, 0x7a, 0x65, 0x3b, 0x6c, 0x65, 0x77,
    0x69, 0x73, 0x5f, 0x62, 0x61, 0x63, 0x6b, 0x62, 0x6f, 0x6e, 0x65, 0x5f,
    0x31, 0x2f, 0x63, 0x6f, 0x6e, 0x76, 0x31, 0x64, 0x5f, 0x31, 0x5f, 0x31,
    0x2f, 0x63, 0x6f, 0x6e, 0x76, 0x6f, 0x6c, 0x75, 0x74, 0x69, 0x6f, 0x6e,
    0x31, 0x00, 0x00, 0x00, 0x04, 0x00, 0x00, 0x00, 0x01, 0x00, 0x00, 0x00,
    0x01, 0x00, 0x00, 0x00, 0xf4, 0x01, 0x00, 0x00, 0x10, 0x00, 0x00, 0x00,
    0xee, 0xe5, 0xff, 0xff, 0x00, 0x00, 0x00, 0x01, 0x18, 0x00, 0x00, 0x00,
    0x28, 0x00, 0x00, 0x00, 0x44, 0x00, 0x00, 0x00, 0x14, 0x00, 0x00, 0x00,
    0x00, 0x00, 0x00, 0x09, 0x70, 0x00, 0x00, 0x00, 0x04, 0x00, 0x00, 0x00,
    0xff, 0xff, 0xff, 0xff, 0x01, 0x00, 0x00, 0x00, 0xf4, 0x01, 0x00, 0x00,
    0x01, 0x00, 0x00, 0x00, 0xdc, 0xe5, 0xff, 0xff, 0x08, 0x00, 0x00, 0x00,
    0x10, 0x00, 0x00, 0x00, 0x01, 0x00, 0x00, 0x00, 0xfa, 0xff, 0xff, 0xff,
    0xff, 0xff, 0xff, 0xff, 0x01, 0x00, 0x00, 0x00, 0x93, 0x94, 0x99, 0x3d,
    0x32, 0x00, 0x00, 0x00, 0x6c, 0x65, 0x77, 0x69, 0x73, 0x5f, 0x62, 0x61,
    0x63, 0x6b, 0x62, 0x6f, 0x6e, 0x65, 0x5f, 0x31, 0x2f, 0x63, 0x6f, 0x6e,
    0x76, 0x31, 0x64, 0x5f, 0x31, 0x5f, 0x31, 0x2f, 0x63, 0x6f, 0x6e, 0x76,
    0x6f, 0x6c, 0x75, 0x74, 0x69, 0x6f, 0x6e, 0x2f, 0x45, 0x78, 0x70, 0x61,
    0x6e, 0x64, 0x44, 0x69, 0x6d, 0x73, 0x00, 0x00, 0x04, 0x00, 0x00, 0x00,
    0x01, 0x00, 0x00, 0x00, 0x01, 0x00, 0x00, 0x00, 0xf4, 0x01, 0x00, 0x00,
    0x01, 0x00, 0x00, 0x00, 0xe2, 0xe6, 0xff, 0xff, 0x00, 0x00, 0x00, 0x01,
    0x14, 0x00, 0x00, 0x00, 0xe4, 0x00, 0x00, 0x00, 0x13, 0x00, 0x00, 0x00,
    0x00, 0x00, 0x00, 0x09, 0x04, 0x01, 0x00, 0x00, 0x64, 0xe6, 0xff, 0xff,
    0x08, 0x00, 0x00, 0x00, 0x88, 0x00, 0x00, 0x00, 0x10, 0x00, 0x00, 0x00,
    0x00, 0x00, 0x00, 0x00, 0x00, 0x00, 0x00, 0x00, 0x00, 0x00, 0x00, 0x00,
    0x00, 0x00, 0x00, 0x00, 0x00, 0x00, 0x00, 0x00, 0x00, 0x00, 0x00, 0x00,
    0x00, 0x00, 0x00, 0x00, 0x00, 0x00, 0x00, 0x00, 0x00, 0x00, 0x00, 0x00,
    0x00, 0x00, 0x00, 0x00, 0x00, 0x00, 0x00, 0x00, 0x00, 0x00, 0x00, 0x00,
    0x00, 0x00, 0x00, 0x00, 0x00, 0x00, 0x00, 0x00, 0x00, 0x00, 0x00, 0x00,
    0x00, 0x00, 0x00, 0x00, 0x00, 0x00, 0x00, 0x00, 0x00, 0x00, 0x00, 0x00,
    0x00, 0x00, 0x00, 0x00, 0x00, 0x00, 0x00, 0x00, 0x00, 0x00, 0x00, 0x00,
    0x00, 0x00, 0x00, 0x00, 0x00, 0x00, 0x00, 0x00, 0x00, 0x00, 0x00, 0x00,
    0x00, 0x00, 0x00, 0x00, 0x00, 0x00, 0x00, 0x00, 0x00, 0x00, 0x00, 0x00,
    0x00, 0x00, 0x00, 0x00, 0x00, 0x00, 0x00, 0x00, 0x00, 0x00, 0x00, 0x00,
    0x00, 0x00, 0x00, 0x00, 0x00, 0x00, 0x00, 0x00, 0x10, 0x00, 0x00, 0x00,
    0xee, 0x0c, 0xe7, 0x3a, 0x49, 0x87, 0xd7, 0x3a, 0xc1, 0x67, 0xd3, 0x3a,
    0xa6, 0x50, 0xf0, 0x3a, 0xc7, 0xef, 0x05, 0x3b, 0x2d, 0x2b, 0xe0, 0x3a,
    0x62, 0x49, 0xee, 0x3a, 0xc8, 0x87, 0xd5, 0x3a, 0x9a, 0xb5, 0xff, 0x3a,
    0x4c, 0x14, 0xb0, 0x3a, 0xbc, 0xc0, 0xf9, 0x3a, 0x2b, 0x69, 0xfb, 0x3a,
    0xd3, 0x20, 0xda, 0x3a, 0x48, 0x5e, 0xab, 0x3a, 0xf7, 0x89, 0xad, 0x3a,
    0x63, 0x2d, 0x03, 0x3b, 0x27, 0x00, 0x00, 0x00, 0x6c, 0x65, 0x77, 0x69,
    0x73, 0x5f, 0x62, 0x61, 0x63, 0x6b, 0x62, 0x6f, 0x6e, 0x65, 0x5f, 0x31,
    0x2f, 0x63, 0x6f, 0x6e, 0x76, 0x31, 0x64, 0x5f, 0x31, 0x5f, 0x31, 0x2f,
    0x63, 0x6f, 0x6e, 0x76, 0x6f, 0x6c, 0x75, 0x74, 0x69, 0x6f, 0x6e, 0x00,
    0x04, 0x00, 0x00, 0x00, 0x10, 0x00, 0x00, 0x00, 0x01, 0x00, 0x00, 0x00,
    0x07, 0x00, 0x00, 0x00, 0x01, 0x00, 0x00, 0x00, 0x12, 0xe8, 0xff, 0xff,
    0x00, 0x00, 0x00, 0x01, 0x14, 0x00, 0x00, 0x00, 0xe4, 0x00, 0x00, 0x00,
    0x12, 0x00, 0x00, 0x00, 0x00, 0x00, 0x00, 0x02, 0xa0, 0x01, 0x00, 0x00,
    0x94, 0xe7, 0xff, 0xff, 0x08, 0x00, 0x00, 0x00, 0x88, 0x00, 0x00, 0x00,
    0x10, 0x00, 0x00, 0x00, 0x00, 0x00, 0x00, 0x00, 0x00, 0x00, 0x00, 0x00,
    0x00, 0x00, 0x00, 0x00, 0x00, 0x00, 0x00, 0x00, 0x00, 0x00, 0x00, 0x00,
    0x00, 0x00, 0x00, 0x00, 0x00, 0x00, 0x00, 0x00, 0x00, 0x00, 0x00, 0x00,
    0x00, 0x00, 0x00, 0x00, 0x00, 0x00, 0x00, 0x00, 0x00, 0x00, 0x00, 0x00,
    0x00, 0x00, 0x00, 0x00, 0x00, 0x00, 0x00, 0x00, 0x00, 0x00, 0x00, 0x00,
    0x00, 0x00, 0x00, 0x00, 0x00, 0x00, 0x00, 0x00, 0x00, 0x00, 0x00, 0x00,
    0x00, 0x00, 0x00, 0x00, 0x00, 0x00, 0x00, 0x00, 0x00, 0x00, 0x00, 0x00,
    0x00, 0x00, 0x00, 0x00, 0x00, 0x00, 0x00, 0x00, 0x00, 0x00, 0x00, 0x00,
    0x00, 0x00, 0x00, 0x00, 0x00, 0x00, 0x00, 0x00, 0x00, 0x00, 0x00, 0x00,
    0x00, 0x00, 0x00, 0x00, 0x00, 0x00, 0x00, 0x00, 0x00, 0x00, 0x00, 0x00,
    0x00, 0x00, 0x00, 0x00, 0x00, 0x00, 0x00, 0x00, 0x00, 0x00, 0x00, 0x00,
    0x10, 0x00, 0x00, 0x00, 0xd2, 0x9c, 0x0a, 0x39, 0xf1, 0x4c, 0x01, 0x39,
    0x67, 0xa7, 0xfd, 0x38, 0xac, 0x2b, 0x10, 0x39, 0x13, 0xb4, 0x20, 0x39,
    0xe8, 0x7b, 0x06, 0x39, 0x27, 0xf4, 0x0e, 0x39, 0x14, 0x1a, 0x00, 0x39,
    0xf1, 0x67, 0x19, 0x39, 0xa5, 0x44, 0xd3, 0x38, 0x23, 0xd5, 0x15, 0x39,
    0xc4, 0xd3, 0x16, 0x39, 0x36, 0xdc, 0x02, 0x39, 0x9c, 0x9d, 0xcd, 0x38,
    0x58, 0x38, 0xd0, 0x38, 0x83, 0x64, 0x1d, 0x39, 0xc0, 0x00, 0x00, 0x00,
    0x6c, 0x65, 0x77, 0x69, 0x73, 0x5f, 0x62, 0x61, 0x63, 0x6b, 0x62, 0x6f,
    0x6e, 0x65, 0x5f, 0x31, 0x2f, 0x63, 0x6f, 0x6e, 0x76, 0x31, 0x64, 0x5f,
    0x31, 0x5f, 0x31, 0x2f, 0x52, 0x65, 0x6c, 0x75, 0x3b, 0x6c, 0x65, 0x77,
    0x69, 0x73, 0x5f, 0x62, 0x61, 0x63, 0x6b, 0x62, 0x6f, 0x6e, 0x65, 0x5f,
    0x31, 0x2f, 0x63, 0x6f, 0x6e, 0x76, 0x31, 0x64, 0x5f, 0x31, 0x5f, 0x31,
    0x2f, 0x42, 0x69, 0x61, 0x73, 0x41, 0x64, 0x64, 0x3b, 0x6c, 0x65, 0x77,
    0x69, 0x73, 0x5f, 0x62, 0x61, 0x63, 0x6b, 0x62, 0x6f, 0x6e, 0x65, 0x5f,
    0x31, 0x2f, 0x63, 0x6f, 0x6e, 0x76, 0x31, 0x64, 0x5f, 0x31, 0x5f, 0x31,
    0x2f, 0x63, 0x6f, 0x6e, 0x76, 0x6f, 0x6c, 0x75, 0x74, 0x69, 0x6f, 0x6e,
    0x2f, 0x53, 0x71, 0x75, 0x65, 0x65, 0x7a, 0x65, 0x3b, 0x6c, 0x65, 0x77,
    0x69, 0x73, 0x5f, 0x62, 0x61, 0x63, 0x6b, 0x62, 0x6f, 0x6e, 0x65, 0x5f,
    0x31, 0x2f, 0x63, 0x6f, 0x6e, 0x76, 0x31, 0x64, 0x5f, 0x31, 0x5f, 0x31,
    0x2f, 0x53, 0x71, 0x75, 0x65, 0x65, 0x7a, 0x65, 0x3b, 0x6c, 0x65, 0x77,
    0x69, 0x73, 0x5f, 0x62, 0x61, 0x63, 0x6b, 0x62, 0x6f, 0x6e, 0x65, 0x5f,
    0x31, 0x2f, 0x63, 0x6f, 0x6e, 0x76, 0x31, 0x64, 0x5f, 0x31, 0x5f, 0x31,
    0x2f, 0x63, 0x6f, 0x6e, 0x76, 0x6f, 0x6c, 0x75, 0x74, 0x69, 0x6f, 0x6e,
    0x00, 0x00, 0x00, 0x00, 0x01, 0x00, 0x00, 0x00, 0x10, 0x00, 0x00, 0x00,
    0xd2, 0xe9, 0xff, 0xff, 0x00, 0x00, 0x00, 0x01, 0x14, 0x00, 0x00, 0x00,
    0xa4, 0x01, 0x00, 0x00, 0x11, 0x00, 0x00, 0x00, 0x00, 0x00, 0x00, 0x09,
    0xc4, 0x01, 0x00, 0x00, 0x54, 0xe9, 0xff, 0xff, 0x08, 0x00, 0x00, 0x00,
    0x08, 0x01, 0x00, 0x00, 0x20, 0x00, 0x00, 0x00, 0x00, 0x00, 0x00, 0x00,
    0x00, 0x00, 0x00, 0x00, 0x00, 0x00, 0x00, 0x00, 0x00, 0x00, 0x00, 0x00,
    0x00, 0x00, 0x00, 0x00, 0x00, 0x00, 0x00, 0x00, 0x00, 0x00, 0x00, 0x00,
    0x00, 0x00, 0x00, 0x00, 0x00, 0x00, 0x00, 0x00, 0x00, 0x00, 0x00, 0x00,
    0x00, 0x00, 0x00, 0x00, 0x00, 0x00, 0x00, 0x00, 0x00, 0x00, 0x00, 0x00,
    0x00, 0x00, 0x00, 0x00, 0x00, 0x00, 0x00, 0x00, 0x00, 0x00, 0x00, 0x00,
    0x00, 0x00, 0x00, 0x00, 0x00, 0x00, 0x00, 0x00, 0x00, 0x00, 0x00, 0x00,
    0x00, 0x00, 0x00, 0x00, 0x00, 0x00, 0x00, 0x00, 0x00, 0x00, 0x00, 0x00,
    0x00, 0x00, 0x00, 0x00, 0x00, 0x00, 0x00, 0x00, 0x00, 0x00, 0x00, 0x00,
    0x00, 0x00, 0x00, 0x00, 0x00, 0x00, 0x00, 0x00, 0x00, 0x00, 0x00, 0x00,
    0x00, 0x00, 0x00, 0x00, 0x00, 0x00, 0x00, 0x00, 0x00, 0x00, 0x00, 0x00,
    0x00, 0x00, 0x00, 0x00, 0x00, 0x00, 0x00, 0x00, 0x00, 0x00, 0x00, 0x00,
    0x00, 0x00, 0x00, 0x00, 0x00, 0x00, 0x00, 0x00, 0x00, 0x00, 0x00, 0x00,
    0x00, 0x00, 0x00, 0x00, 0x00, 0x00, 0x00, 0x00, 0x00, 0x00, 0x00, 0x00,
    0x00, 0x00, 0x00, 0x00, 0x00, 0x00, 0x00, 0x00, 0x00, 0x00, 0x00, 0x00,
    0x00, 0x00, 0x00, 0x00, 0x00, 0x00, 0x00, 0x00, 0x00, 0x00, 0x00, 0x00,
    0x00, 0x00, 0x00, 0x00, 0x00, 0x00, 0x00, 0x00, 0x00, 0x00, 0x00, 0x00,
    0x00, 0x00, 0x00, 0x00, 0x00, 0x00, 0x00, 0x00, 0x00, 0x00, 0x00, 0x00,
    0x00, 0x00, 0x00, 0x00, 0x00, 0x00, 0x00, 0x00, 0x00, 0x00, 0x00, 0x00,
    0x00, 0x00, 0x00, 0x00, 0x00, 0x00, 0x00, 0x00, 0x00, 0x00, 0x00, 0x00,
    0x00, 0x00, 0x00, 0x00, 0x00, 0x00, 0x00, 0x00, 0x00, 0x00, 0x00, 0x00,
    0x00, 0x00, 0x00, 0x00, 0x00, 0x00, 0x00, 0x00, 0x00, 0x00, 0x00, 0x00,
    0x20, 0x00, 0x00, 0x00, 0xb4, 0xd8, 0x18, 0x3b, 0x0c, 0x98, 0x08, 0x3b,
    0x46, 0xe4, 0x0d, 0x3b, 0x80, 0x7b, 0xc1, 0x3a, 0x24, 0x8e, 0x20, 0x3b,
    0x12, 0x0c, 0x07, 0x3b, 0x7e, 0xfa, 0xf0, 0x3a, 0x06, 0x18, 0x11, 0x3b,
    0xa5, 0x1c, 0x01, 0x3b, 0x06, 0xf4, 0x1e, 0x3b, 0xf6, 0x26, 0xdb, 0x3a,
    0xbc, 0xff, 0x43, 0x3b, 0xed, 0x12, 0x04, 0x3b, 0x52, 0x11, 0x0f, 0x3b,
    0xf5, 0x9a, 0xad, 0x3a, 0xd7, 0x18, 0x03, 0x3b, 0xa7, 0x58, 0xd3, 0x3a,
    0xa6, 0xba, 0x1c, 0x3b, 0xc3, 0x71, 0x21, 0x3b, 0x14, 0x2b, 0x40, 0x3b,
    0x72, 0x08, 0xd0, 0x3a, 0x7e, 0xfc, 0x26, 0x3b, 0x5a, 0x40, 0xb7, 0x3a,
    0x6e, 0xe3, 0x26, 0x3b, 0xed, 0x2a, 0x1f, 0x3b, 0x43, 0x53, 0xe5, 0x3a,
    0x5d, 0xbd, 0x31, 0x3b, 0xcf, 0x73, 0x3c, 0x3b, 0x29, 0x93, 0x34, 0x3b,
    0xeb, 0x76, 0x14, 0x3b, 0xd8, 0x1c, 0x16, 0x3b, 0x3a, 0xd3, 0x04, 0x3b,
    0x27, 0x00, 0x00, 0x00, 0x6c, 0x65, 0x77, 0x69, 0x73, 0x5f, 0x62, 0x61,
    0x63, 0x6b, 0x62, 0x6f, 0x6e, 0x65, 0x5f, 0x31, 0x2f, 0x63, 0x6f, 0x6e,
    0x76, 0x31, 0x64, 0x5f, 0x32, 0x5f, 0x31, 0x2f, 0x63, 0x6f, 0x6e, 0x76,
    0x6f, 0x6c, 0x75, 0x74, 0x69, 0x6f, 0x6e, 0x00, 0x04, 0x00, 0x00, 0x00,
    0x20, 0x00, 0x00, 0x00, 0x01, 0x00, 0x00, 0x00, 0x05, 0x00, 0x00, 0x00,
    0x10, 0x00, 0x00, 0x00, 0xc2, 0xeb, 0xff, 0xff, 0x00, 0x00, 0x00, 0x01,
    0x14, 0x00, 0x00, 0x00, 0xa4, 0x01, 0x00, 0x00, 0x10, 0x00, 0x00, 0x00,
    0x00, 0x00, 0x00, 0x02, 0x60, 0x02, 0x00, 0x00, 0x44, 0xeb, 0xff, 0xff,
    0x08, 0x00, 0x00, 0x00, 0x08, 0x01, 0x00, 0x00, 0x20, 0x00, 0x00, 0x00,
    0x00, 0x00, 0x00, 0x00, 0x00, 0x00, 0x00, 0x00, 0x00, 0x00, 0x00, 0x00,
    0x00, 0x00, 0x00, 0x00, 0x00, 0x00, 0x00, 0x00, 0x00, 0x00, 0x00, 0x00,
    0x00, 0x00, 0x00, 0x00, 0x00, 0x00, 0x00, 0x00, 0x00, 0x00, 0x00, 0x00,
    0x00, 0x00, 0x00, 0x00, 0x00, 0x00, 0x00, 0x00, 0x00, 0x00, 0x00, 0x00,
    0x00, 0x00, 0x00, 0x00, 0x00, 0x00, 0x00, 0x00, 0x00, 0x00, 0x00, 0x00,
    0x00, 0x00, 0x00, 0x00, 0x00, 0x00, 0x00, 0x00, 0x00, 0x00, 0x00, 0x00,
    0x00, 0x00, 0x00, 0x00, 0x00, 0x00, 0x00, 0x00, 0x00, 0x00, 0x00, 0x00,
    0x00, 0x00, 0x00, 0x00, 0x00, 0x00, 0x00, 0x00, 0x00, 0x00, 0x00, 0x00,
    0x00, 0x00, 0x00, 0x00, 0x00, 0x00, 0x00, 0x00, 0x00, 0x00, 0x00, 0x00,
    0x00, 0x00, 0x00, 0x00, 0x00, 0x00, 0x00, 0x00, 0x00, 0x00, 0x00, 0x00,
    0x00, 0x00, 0x00, 0x00, 0x00, 0x00, 0x00, 0x00, 0x00, 0x00, 0x00, 0x00,
    0x00, 0x00, 0x00, 0x00, 0x00, 0x00, 0x00, 0x00, 0x00, 0x00, 0x00, 0x00,
    0x00, 0x00, 0x00, 0x00, 0x00, 0x00, 0x00, 0x00, 0x00, 0x00, 0x00, 0x00,
    0x00, 0x00, 0x00, 0x00, 0x00, 0x00, 0x00, 0x00, 0x00, 0x00, 0x00, 0x00,
    0x00, 0x00, 0x00, 0x00, 0x00, 0x00, 0x00, 0x00, 0x00, 0x00, 0x00, 0x00,
    0x00, 0x00, 0x00, 0x00, 0x00, 0x00, 0x00, 0x00, 0x00, 0x00, 0x00, 0x00,
    0x00, 0x00, 0x00, 0x00, 0x00, 0x00, 0x00, 0x00, 0x00, 0x00, 0x00, 0x00,
    0x00, 0x00, 0x00, 0x00, 0x00, 0x00, 0x00, 0x00, 0x00, 0x00, 0x00, 0x00,
    0x00, 0x00, 0x00, 0x00, 0x00, 0x00, 0x00, 0x00, 0x00, 0x00, 0x00, 0x00,
    0x00, 0x00, 0x00, 0x00, 0x00, 0x00, 0x00, 0x00, 0x00, 0x00, 0x00, 0x00,
    0x00, 0x00, 0x00, 0x00, 0x00, 0x00, 0x00, 0x00, 0x00, 0x00, 0x00, 0x00,
    0x00, 0x00, 0x00, 0x00, 0x20, 0x00, 0x00, 0x00, 0x03, 0x20, 0xb5, 0x38,
    0x94, 0xdd, 0xa1, 0x38, 0xba, 0x24, 0xa8, 0x38, 0x75, 0x47, 0x65, 0x38,
    0x8f, 0x42, 0xbe, 0x38, 0x58, 0x08, 0xa0, 0x38, 0x02, 0xc8, 0x8e, 0x38,
    0x24, 0xf0, 0xab, 0x38, 0xce, 0xff, 0x98, 0x38, 0x91, 0x5c, 0xbc, 0x38,
    0x5c, 0xd9, 0x81, 0x38, 0xe2, 0x42, 0xe8, 0x38, 0x60, 0x82, 0x9c, 0x38,
    0x78, 0x89, 0xa9, 0x38, 0x78, 0xb9, 0x4d, 0x38, 0x05, 0x5a, 0x9b, 0x38,
    0xb3, 0x72, 0x7a, 0x38, 0xd9, 0xb9, 0xb9, 0x38, 0x4b, 0x50, 0xbf, 0x38,
    0xcb, 0xb8, 0xe3, 0x38, 0x90, 0x85, 0x76, 0x38, 0x82, 0xe1, 0xc5, 0x38,
    0xbb, 0x27, 0x59, 0x38, 0xcf, 0xc3, 0xc5, 0x38, 0xa0, 0x9d, 0xbc, 0x38,
    0x6d, 0xe0, 0x87, 0x38, 0xb1, 0x9f, 0xd2, 0x38, 0x87, 0x51, 0xdf, 0x38,
    0xc6, 0xfb, 0xd5, 0x38, 0xae, 0xee, 0xaf, 0x38, 0xab, 0xe2, 0xb1, 0x38,
    0x41, 0x66, 0x9d, 0x38, 0xc0, 0x00, 0x00, 0x00, 0x6c, 0x65, 0x77, 0x69,
    0x73, 0x5f, 0x62, 0x61, 0x63, 0x6b, 0x62, 0x6f, 0x6e, 0x65, 0x5f, 0x31,
    0x2f, 0x63, 0x6f, 0x6e, 0x76, 0x31, 0x64, 0x5f, 0x32, 0x5f, 0x31, 0x2f,
    0x52, 0x65, 0x6c, 0x75, 0x3b, 0x6c, 0x65, 0x77, 0x69, 0x73, 0x5f, 0x62,
    0x61, 0x63, 0x6b, 0x62, 0x6f, 0x6e, 0x65, 0x5f, 0x31, 0x2f, 0x63, 0x6f,
    0x6e, 0x76, 0x31, 0x64, 0x5f, 0x32, 0x5f, 0x31, 0x2f, 0x42, 0x69, 0x61,
    0x73, 0x41, 0x64, 0x64, 0x3b, 0x6c, 0x65, 0x77, 0x69, 0x73, 0x5f, 0x62,
    0x61, 0x63, 0x6b, 0x62, 0x6f, 0x6e, 0x65, 0x5f, 0x31, 0x2f, 0x63, 0x6f,
    0x6e, 0x76, 0x31, 0x64, 0x5f, 0x32, 0x5f, 0x31, 0x2f, 0x63, 0x6f, 0x6e,
    0x76, 0x6f, 0x6c, 0x75, 0x74, 0x69, 0x6f, 0x6e, 0x2f, 0x53, 0x71, 0x75,
    0x65, 0x65, 0x7a, 0x65, 0x3b, 0x6c, 0x65, 0x77, 0x69, 0x73, 0x5f, 0x62,
    0x61, 0x63, 0x6b, 0x62, 0x6f, 0x6e, 0x65, 0x5f, 0x31, 0x2f, 0x63, 0x6f,
    0x6e, 0x76, 0x31, 0x64, 0x5f, 0x32, 0x5f, 0x31, 0x2f, 0x53, 0x71, 0x75,
    0x65, 0x65, 0x7a, 0x65, 0x3b, 0x6c, 0x65, 0x77, 0x69, 0x73, 0x5f, 0x62,
    0x61, 0x63, 0x6b, 0x62, 0x6f, 0x6e, 0x65, 0x5f, 0x31, 0x2f, 0x63, 0x6f,
    0x6e, 0x76, 0x31, 0x64, 0x5f, 0x32, 0x5f, 0x31, 0x2f, 0x63, 0x6f, 0x6e,
    0x76, 0x6f, 0x6c, 0x75, 0x74, 0x69, 0x6f, 0x6e, 0x00, 0x00, 0x00, 0x00,
    0x01, 0x00, 0x00, 0x00, 0x20, 0x00, 0x00, 0x00, 0x42, 0xee, 0xff, 0xff,
    0x00, 0x00, 0x00, 0x01, 0x14, 0x00, 0x00, 0x00, 0x24, 0x03, 0x00, 0x00,
    0x0f, 0x00, 0x00, 0x00, 0x00, 0x00, 0x00, 0x09, 0x44, 0x03, 0x00, 0x00,
    0xc4, 0xed, 0xff, 0xff, 0x08, 0x00, 0x00, 0x00, 0x08, 0x02, 0x00, 0x00,
    0x40, 0x00, 0x00, 0x00, 0x00, 0x00, 0x00, 0x00, 0x00, 0x00, 0x00, 0x00,
    0x00, 0x00, 0x00, 0x00, 0x00, 0x00, 0x00, 0x00, 0x00, 0x00, 0x00, 0x00,
    0x00, 0x00, 0x00, 0x00, 0x00, 0x00, 0x00, 0x00, 0x00, 0x00, 0x00, 0x00,
    0x00, 0x00, 0x00, 0x00, 0x00, 0x00, 0x00, 0x00, 0x00, 0x00, 0x00, 0x00,
    0x00, 0x00, 0x00, 0x00, 0x00, 0x00, 0x00, 0x00, 0x00, 0x00, 0x00, 0x00,
    0x00, 0x00, 0x00, 0x00, 0x00, 0x00, 0x00, 0x00, 0x00, 0x00, 0x00, 0x00,
    0x00, 0x00, 0x00, 0x00, 0x00, 0x00, 0x00, 0x00, 0x00, 0x00, 0x00, 0x00,
    0x00, 0x00, 0x00, 0x00, 0x00, 0x00, 0x00, 0x00, 0x00, 0x00, 0x00, 0x00,
    0x00, 0x00, 0x00, 0x00, 0x00, 0x00, 0x00, 0x00, 0x00, 0x00, 0x00, 0x00,
    0x00, 0x00, 0x00, 0x00, 0x00, 0x00, 0x00, 0x00, 0x00, 0x00, 0x00, 0x00,
    0x00, 0x00, 0x00, 0x00, 0x00, 0x00, 0x00, 0x00, 0x00, 0x00, 0x00, 0x00,
    0x00, 0x00, 0x00, 0x00, 0x00, 0x00, 0x00, 0x00, 0x00, 0x00, 0x00, 0x00,
    0x00, 0x00, 0x00, 0x00, 0x00, 0x00, 0x00, 0x00, 0x00, 0x00, 0x00, 0x00,
    0x00, 0x00, 0x00, 0x00, 0x00, 0x00, 0x00, 0x00, 0x00, 0x00, 0x00, 0x00,
    0x00, 0x00, 0x00, 0x00, 0x00, 0x00, 0x00, 0x00, 0x00, 0x00, 0x00, 0x00,
    0x00, 0x00, 0x00, 0x00, 0x00, 0x00, 0x00, 0x00, 0x00, 0x00, 0x00, 0x00,
    0x00, 0x00, 0x00, 0x00, 0x00, 0x00, 0x00, 0x00, 0x00, 0x00, 0x00, 0x00,
    0x00, 0x00, 0x00, 0x00, 0x00, 0x00, 0x00, 0x00, 0x00, 0x00, 0x00, 0x00,
    0x00, 0x00, 0x00, 0x00, 0x00, 0x00, 0x00, 0x00, 0x00, 0x00, 0x00, 0x00,
    0x00, 0x00, 0x00, 0x00, 0x00, 0x00, 0x00, 0x00, 0x00, 0x00, 0x00, 0x00,
    0x00, 0x00, 0x00, 0x00, 0x00, 0x00, 0x00, 0x00, 0x00, 0x00, 0x00, 0x00,
    0x00, 0x00, 0x00, 0x00, 0x00, 0x00, 0x00, 0x00, 0x00, 0x00, 0x00, 0x00,
    0x00, 0x00, 0x00, 0x00, 0x00, 0x00, 0x00, 0x00, 0x00, 0x00, 0x00, 0x00,
    0x00, 0x00, 0x00, 0x00, 0x00, 0x00, 0x00, 0x00, 0x00, 0x00, 0x00, 0x00,
    0x00, 0x00, 0x00, 0x00, 0x00, 0x00, 0x00, 0x00, 0x00, 0x00, 0x00, 0x00,
    0x00, 0x00, 0x00, 0x00, 0x00, 0x00, 0x00, 0x00, 0x00, 0x00, 0x00, 0x00,
    0x00, 0x00, 0x00, 0x00, 0x00, 0x00, 0x00, 0x00, 0x00, 0x00, 0x00, 0x00,
    0x00, 0x00, 0x00, 0x00, 0x00, 0x00, 0x00, 0x00, 0x00, 0x00, 0x00, 0x00,
    0x00, 0x00, 0x00, 0x00, 0x00, 0x00, 0x00, 0x00, 0x00, 0x00, 0x00, 0x00,
    0x00, 0x00, 0x00, 0x00, 0x00, 0x00, 0x00, 0x00, 0x00, 0x00, 0x00, 0x00,
    0x00, 0x00, 0x00, 0x00, 0x00, 0x00, 0x00, 0x00, 0x00, 0x00, 0x00, 0x00,
    0x00, 0x00, 0x00, 0x00, 0x00, 0x00, 0x00, 0x00, 0x00, 0x00, 0x00, 0x00,
    0x00, 0x00, 0x00, 0x00, 0x00, 0x00, 0x00, 0x00, 0x00, 0x00, 0x00, 0x00,
    0x00, 0x00, 0x00, 0x00, 0x00, 0x00, 0x00, 0x00, 0x00, 0x00, 0x00, 0x00,
    0x00, 0x00, 0x00, 0x00, 0x00, 0x00, 0x00, 0x00, 0x00, 0x00, 0x00, 0x00,
    0x00, 0x00, 0x00, 0x00, 0x00, 0x00, 0x00, 0x00, 0x00, 0x00, 0x00, 0x00,
    0x00, 0x00, 0x00, 0x00, 0x00, 0x00, 0x00, 0x00, 0x00, 0x00, 0x00, 0x00,
    0x00, 0x00, 0x00, 0x00, 0x00, 0x00, 0x00, 0x00, 0x00, 0x00, 0x00, 0x00,
    0x00, 0x00, 0x00, 0x00, 0x00, 0x00, 0x00, 0x00, 0x00, 0x00, 0x00, 0x00,
    0x00, 0x00, 0x00, 0x00, 0x00, 0x00, 0x00, 0x00, 0x00, 0x00, 0x00, 0x00,
    0x00, 0x00, 0x00, 0x00, 0x00, 0x00, 0x00, 0x00, 0x00, 0x00, 0x00, 0x00,
    0x00, 0x00, 0x00, 0x00, 0x00, 0x00, 0x00, 0x00, 0x00, 0x00, 0x00, 0x00,
    0x00, 0x00, 0x00, 0x00, 0x00, 0x00, 0x00, 0x00, 0x00, 0x00, 0x00, 0x00,
    0x40, 0x00, 0x00, 0x00, 0x86, 0xe0, 0x0e, 0x3b, 0x38, 0xa6, 0xb6, 0x3a,
    0x3e, 0x18, 0x24, 0x3b, 0x78, 0x5b, 0x2f, 0x3b, 0x0d, 0x52, 0x3e, 0x3b,
    0x2e, 0xc3, 0xe7, 0x3a, 0x2f, 0xdc, 0x0c, 0x3b, 0x07, 0xc5, 0x05, 0x3b,
    0x61, 0x61, 0xa3, 0x3a, 0x89, 0xc1, 0x46, 0x3b, 0xb8, 0xed, 0x37, 0x3b,
    0x42, 0x76, 0xe7, 0x3a, 0x44, 0xc8, 0x1c, 0x3b, 0x15, 0x41, 0x5a, 0x3b,
    0xe5, 0x22, 0x19, 0x3b, 0x8f, 0xd4, 0xfa, 0x3a, 0x5b, 0x85, 0xd1, 0x3a,
    0xdf, 0x8f, 0xa4, 0x3a, 0x15, 0x71, 0x23, 0x3b, 0x2f, 0xed, 0xf2, 0x3a,
    0xc3, 0xaf, 0x2b, 0x3b, 0xd5, 0xfb, 0x32, 0x3b, 0xf3, 0x12, 0x0e, 0x3b,
    0x9e, 0x18, 0x12, 0x3b, 0xb3, 0x93, 0x08, 0x3b, 0xfc, 0x3c, 0x04, 0x3b,
    0x0c, 0x94, 0xc4, 0x3a, 0x6e, 0x30, 0x18, 0x3b, 0x11, 0x54, 0x06, 0x3b,
    0x3d, 0x95, 0x12, 0x3b, 0x8c, 0x9c, 0x71, 0x3b, 0xc9, 0x7a, 0x42, 0x3b,
    0x1f, 0x5e, 0xf5, 0x3a, 0x3f, 0x36, 0x0b, 0x3b, 0x94, 0xfb, 0xe2, 0x3a,
    0x30, 0x15, 0x06, 0x3b, 0x3c, 0x98, 0x0a, 0x3b, 0x2d, 0x3f, 0x7e, 0x3b,
    0x5c, 0xeb, 0xea, 0x3a, 0x54, 0xb5, 0x1f, 0x3b, 0x97, 0xdf, 0x09, 0x3b,
    0xe2, 0x21, 0x10, 0x3b, 0xe5, 0x8a, 0xf3, 0x3a, 0xec, 0x69, 0x55, 0x3b,
    0x69, 0x99, 0x0e, 0x3b, 0x7b, 0x40, 0x2e, 0x3b, 0xbe, 0xb0, 0xdc, 0x3a,
    0x63, 0xf6, 0x3a, 0x3b, 0xb0, 0xf5, 0x62, 0x3b, 0xfe, 0xb4, 0x23, 0x3b,
    0xd8, 0x43, 0x19, 0x3b, 0x03, 0x14, 0x0d, 0x3b, 0xee, 0x38, 0x9f, 0x3a,
    0x75, 0x58, 0x05, 0x3b, 0x03, 0xf5, 0x25, 0x3b, 0x3e, 0x6d, 0x07, 0x3b,
    0x68, 0x30, 0xe9, 0x3a, 0xcb, 0x2c, 0x1e, 0x3b, 0xfa, 0x00, 0x28, 0x3b,
    0xfc, 0x72, 0x72, 0x3b, 0x5b, 0xbc, 0x5f, 0x3b, 0xd7, 0xe3, 0x33, 0x3b,
    0x5e, 0xad, 0xfe, 0x3a, 0x8e, 0xbe, 0x24, 0x3b, 0x27, 0x00, 0x00, 0x00,
    0x6c, 0x65, 0x77, 0x69, 0x73, 0x5f, 0x62, 0x61, 0x63, 0x6b, 0x62, 0x6f,
    0x6e, 0x65, 0x5f, 0x31, 0x2f, 0x63, 0x6f, 0x6e, 0x76, 0x31, 0x64, 0x5f,
    0x33, 0x5f, 0x31, 0x2f, 0x63, 0x6f, 0x6e, 0x76, 0x6f, 0x6c, 0x75, 0x74,
    0x69, 0x6f, 0x6e, 0x00, 0x04, 0x00, 0x00, 0x00, 0x40, 0x00, 0x00, 0x00,
    0x01, 0x00, 0x00, 0x00, 0x03, 0x00, 0x00, 0x00, 0x20, 0x00, 0x00, 0x00,
    0xb2, 0xf1, 0xff, 0xff, 0x00, 0x00, 0x00, 0x01, 0x14, 0x00, 0x00, 0x00,
    0x24, 0x03, 0x00, 0x00, 0x0e, 0x00, 0x00, 0x00, 0x00, 0x00, 0x00, 0x02,
    0xe0, 0x03, 0x00, 0x00, 0x34, 0xf1, 0xff, 0xff, 0x08, 0x00, 0x00, 0x00,
    0x08, 0x02, 0x00, 0x00, 0x40, 0x00, 0x00, 0x00, 0x00, 0x00, 0x00, 0x00,
    0x00, 0x00, 0x00, 0x00, 0x00, 0x00, 0x00, 0x00, 0x00, 0x00, 0x00, 0x00,
    0x00, 0x00, 0x00, 0x00, 0x00, 0x00, 0x00, 0x00, 0x00, 0x00, 0x00, 0x00,
    0x00, 0x00, 0x00, 0x00, 0x00, 0x00, 0x00, 0x00, 0x00, 0x00, 0x00, 0x00,
    0x00, 0x00, 0x00, 0x00, 0x00, 0x00, 0x00, 0x00, 0x00, 0x00, 0x00, 0x00,
    0x00, 0x00, 0x00, 0x00, 0x00, 0x00, 0x00, 0x00, 0x00, 0x00, 0x00, 0x00,
    0x00, 0x00, 0x00, 0x00, 0x00, 0x00, 0x00, 0x00, 0x00, 0x00, 0x00, 0x00,
    0x00, 0x00, 0x00, 0x00, 0x00, 0x00, 0x00, 0x00, 0x00, 0x00, 0x00, 0x00,
    0x00, 0x00, 0x00, 0x00, 0x00, 0x00, 0x00, 0x00, 0x00, 0x00, 0x00, 0x00,
    0x00, 0x00, 0x00, 0x00, 0x00, 0x00, 0x00, 0x00, 0x00, 0x00, 0x00, 0x00,
    0x00, 0x00, 0x00, 0x00, 0x00, 0x00, 0x00, 0x00, 0x00, 0x00, 0x00, 0x00,
    0x00, 0x00, 0x00, 0x00, 0x00, 0x00, 0x00, 0x00, 0x00, 0x00, 0x00, 0x00,
    0x00, 0x00, 0x00, 0x00, 0x00, 0x00, 0x00, 0x00, 0x00, 0x00, 0x00, 0x00,
    0x00, 0x00, 0x00, 0x00, 0x00, 0x00, 0x00, 0x00, 0x00, 0x00, 0x00, 0x00,
    0x00, 0x00, 0x00, 0x00, 0x00, 0x00, 0x00, 0x00, 0x00, 0x00, 0x00, 0x00,
    0x00, 0x00, 0x00, 0x00, 0x00, 0x00, 0x00, 0x00, 0x00, 0x00, 0x00, 0x00,
    0x00, 0x00, 0x00, 0x00, 0x00, 0x00, 0x00, 0x00, 0x00, 0x00, 0x00, 0x00,
    0x00, 0x00, 0x00, 0x00, 0x00, 0x00, 0x00, 0x00, 0x00, 0x00, 0x00, 0x00,
    0x00, 0x00, 0x00, 0x00, 0x00, 0x00, 0x00, 0x00, 0x00, 0x00, 0x00, 0x00,
    0x00, 0x00, 0x00, 0x00, 0x00, 0x00, 0x00, 0x00, 0x00, 0x00, 0x00, 0x00,
    0x00, 0x00, 0x00, 0x00, 0x00, 0x00, 0x00, 0x00, 0x00, 0x00, 0x00, 0x00,
    0x00, 0x00, 0x00, 0x00, 0x00, 0x00, 0x00, 0x00, 0x00, 0x00, 0x00, 0x00,
    0x00, 0x00, 0x00, 0x00, 0x00, 0x00, 0x00, 0x00, 0x00, 0x00, 0x00, 0x00,
    0x00, 0x00, 0x00, 0x00, 0x00, 0x00, 0x00, 0x00, 0x00, 0x00, 0x00, 0x00,
    0x00, 0x00, 0x00, 0x00, 0x00, 0x00, 0x00, 0x00, 0x00, 0x00, 0x00, 0x00,
    0x00, 0x00, 0x00, 0x00, 0x00, 0x00, 0x00, 0x00, 0x00, 0x00, 0x00, 0x00,
    0x00, 0x00, 0x00, 0x00, 0x00, 0x00, 0x00, 0x00, 0x00, 0x00, 0x00, 0x00,
    0x00, 0x00, 0x00, 0x00, 0x00, 0x00, 0x00, 0x00, 0x00, 0x00, 0x00, 0x00,
    0x00, 0x00, 0x00, 0x00, 0x00, 0x00, 0x00, 0x00, 0x00, 0x00, 0x00, 0x00,
    0x00, 0x00, 0x00, 0x00, 0x00, 0x00, 0x00, 0x00, 0x00, 0x00, 0x00, 0x00,
    0x00, 0x00, 0x00, 0x00, 0x00, 0x00, 0x00, 0x00, 0x00, 0x00, 0x00, 0x00,
    0x00, 0x00, 0x00, 0x00, 0x00, 0x00, 0x00, 0x00, 0x00, 0x00, 0x00, 0x00,
    0x00, 0x00, 0x00, 0x00, 0x00, 0x00, 0x00, 0x00, 0x00, 0x00, 0x00, 0x00,
    0x00, 0x00, 0x00, 0x00, 0x00, 0x00, 0x00, 0x00, 0x00, 0x00, 0x00, 0x00,
    0x00, 0x00, 0x00, 0x00, 0x00, 0x00, 0x00, 0x00, 0x00, 0x00, 0x00, 0x00,
    0x00, 0x00, 0x00, 0x00, 0x00, 0x00, 0x00, 0x00, 0x00, 0x00, 0x00, 0x00,
    0x00, 0x00, 0x00, 0x00, 0x00, 0x00, 0x00, 0x00, 0x00, 0x00, 0x00, 0x00,
    0x00, 0x00, 0x00, 0x00, 0x00, 0x00, 0x00, 0x00, 0x00, 0x00, 0x00, 0x00,
    0x00, 0x00, 0x00, 0x00, 0x00, 0x00, 0x00, 0x00, 0x00, 0x00, 0x00, 0x00,
    0x00, 0x00, 0x00, 0x00, 0x00, 0x00, 0x00, 0x00, 0x00, 0x00, 0x00, 0x00,
    0x00, 0x00, 0x00, 0x00, 0x00, 0x00, 0x00, 0x00, 0x00, 0x00, 0x00, 0x00,
    0x00, 0x00, 0x00, 0x00, 0x00, 0x00, 0x00, 0x00, 0x00, 0x00, 0x00, 0x00,
    0x00, 0x00, 0x00, 0x00, 0x00, 0x00, 0x00, 0x00, 0x00, 0x00, 0x00, 0x00,
    0x00, 0x00, 0x00, 0x00, 0x40, 0x00, 0x00, 0x00, 0x4d, 0x51, 0xb3, 0x38,
    0xd2, 0x3b, 0x65, 0x38, 0x5f, 0xf2, 0xcd, 0x38, 0xf6, 0x14, 0xdc, 0x38,
    0x87, 0xdc, 0xee, 0x38, 0xbf, 0x6f, 0x91, 0x38, 0x45, 0xc9, 0xb0, 0x38,
    0x2a, 0xe3, 0xa7, 0x38, 0xdf, 0x0c, 0x4d, 0x38, 0xc8, 0x72, 0xf9, 0x38,
    0xda, 0xd6, 0xe6, 0x38, 0x7a, 0x3f, 0x91, 0x38, 0xf3, 0xc4, 0xc4, 0x38,
    0xb5, 0xf5, 0x08, 0x39, 0x86, 0x31, 0xc0, 0x38, 0xee, 0x66, 0x9d, 0x38,
    0xbc, 0x7a, 0x83, 0x38, 0x83, 0x88, 0x4e, 0x38, 0x94, 0x20, 0xcd, 0x38,
    0x37, 0x71, 0x98, 0x38, 0x95, 0x79, 0xd7, 0x38, 0x1a, 0xa2, 0xe0, 0x38,
    0x4c, 0x4f, 0xb2, 0x38, 0x95, 0x5b, 0xb7, 0x38, 0x21, 0x69, 0xab, 0x38,
    0x21, 0xf7, 0xa5, 0x38, 0x1c, 0xb7, 0x76, 0x38, 0x38, 0x01, 0xbf, 0x38,
    0xaf, 0x96, 0xa8, 0x38, 0xfc, 0xf7, 0xb7, 0x38, 0xf7, 0x9d, 0x17, 0x39,
    0xd2, 0x14, 0xf4, 0x38, 0x61, 0xf9, 0x99, 0x38, 0xb8, 0xb7, 0xae, 0x38,
    0xe8, 0x6f, 0x8e, 0x38, 0xc4, 0x47, 0xa8, 0x38, 0x68, 0xf1, 0xad, 0x38,
    0xc6, 0x8b, 0x1f, 0x39, 0xe6, 0x6a, 0x93, 0x38, 0x0f, 0x71, 0xc8, 0x38,
    0xab, 0x09, 0xad, 0x38, 0xa0, 0xe4, 0xb4, 0x38, 0x2e, 0xd4, 0x98, 0x38,
    0x1b, 0xec, 0x05, 0x39, 0x0d, 0xf8, 0xb2, 0x38, 0xcc, 0xb1, 0xda, 0x38,
    0x12, 0x7d, 0x8a, 0x38, 0x9b, 0xa5, 0xea, 0x38, 0x36, 0x6c, 0x0e, 0x39,
    0xcf, 0x75, 0xcd, 0x38, 0xe1, 0x5a, 0xc0, 0x38, 0x57, 0x0f, 0xb1, 0x38,
    0xef, 0xd4, 0x47, 0x38, 0xe7, 0x5a, 0xa7, 0x38, 0xbe, 0x48, 0xd0, 0x38,
    0x93, 0xf7, 0xa9, 0x38, 0xf0, 0x54, 0x92, 0x38, 0x69, 0x84, 0xc6, 0x38,
    0x58, 0xda, 0xd2, 0x38, 0x88, 0x24, 0x18, 0x39, 0x4c, 0x66, 0x0c, 0x39,
    0x48, 0xc5, 0xe1, 0x38, 0xec, 0xd0, 0x9f, 0x38, 0x1a, 0xc3, 0xce, 0x38,
    0xc0, 0x00, 0x00, 0x00, 0x6c, 0x65, 0x77, 0x69, 0x73, 0x5f, 0x62, 0x61,
    0x63, 0x6b, 0x62, 0x6f, 0x6e, 0x65, 0x5f, 0x31, 0x2f, 0x63, 0x6f, 0x6e,
    0x76, 0x31, 0x64, 0x5f, 0x33, 0x5f, 0x31, 0x2f, 0x52, 0x65, 0x6c, 0x75,
    0x3b, 0x6c, 0x65, 0x77, 0x69, 0x73, 0x5f, 0x62, 0x61, 0x63, 0x6b, 0x62,
    0x6f, 0x6e, 0x65, 0x5f, 0x31, 0x2f, 0x63, 0x6f, 0x6e, 0x76, 0x31, 0x64,
    0x5f, 0x33, 0x5f, 0x31, 0x2f, 0x42, 0x69, 0x61, 0x73, 0x41, 0x64, 0x64,
    0x3b, 0x6c, 0x65, 0x77, 0x69, 0x73, 0x5f, 0x62, 0x61, 0x63, 0x6b, 0x62,
    0x6f, 0x6e, 0x65, 0x5f, 0x31, 0x2f, 0x63, 0x6f, 0x6e, 0x76, 0x31, 0x64,
    0x5f, 0x33, 0x5f, 0x31, 0x2f, 0x63, 0x6f, 0x6e, 0x76, 0x6f, 0x6c, 0x75,
    0x74, 0x69, 0x6f, 0x6e, 0x2f, 0x53, 0x71, 0x75, 0x65, 0x65, 0x7a, 0x65,
    0x3b, 0x6c, 0x65, 0x77, 0x69, 0x73, 0x5f, 0x62, 0x61, 0x63, 0x6b, 0x62,
    0x6f, 0x6e, 0x65, 0x5f, 0x31, 0x2f, 0x63, 0x6f, 0x6e, 0x76, 0x31, 0x64,
    0x5f, 0x33, 0x5f, 0x31, 0x2f, 0x53, 0x71, 0x75, 0x65, 0x65, 0x7a, 0x65,
    0x3b, 0x6c, 0x65, 0x77, 0x69, 0x73, 0x5f, 0x62, 0x61, 0x63, 0x6b, 0x62,
    0x6f, 0x6e, 0x65, 0x5f, 0x31, 0x2f, 0x63, 0x6f, 0x6e, 0x76, 0x31, 0x64,
    0x5f, 0x33, 0x5f, 0x31, 0x2f, 0x63, 0x6f, 0x6e, 0x76, 0x6f, 0x6c, 0x75,
    0x74, 0x69, 0x6f, 0x6e, 0x00, 0x00, 0x00, 0x00, 0x01, 0x00, 0x00, 0x00,
    0x40, 0x00, 0x00, 0x00, 0xb2, 0xf5, 0xff, 0xff, 0x00, 0x00, 0x00, 0x01,
    0x14, 0x00, 0x00, 0x00, 0x28, 0x03, 0x00, 0x00, 0x0d, 0x00, 0x00, 0x00,
    0x00, 0x00, 0x00, 0x09, 0x44, 0x03, 0x00, 0x00, 0x34, 0xf5, 0xff, 0xff,
    0x08, 0x00, 0x00, 0x00, 0x0c, 0x02, 0x00, 0x00, 0x40, 0x00, 0x00, 0x00,
    0x00, 0x00, 0x00, 0x00, 0x00, 0x00, 0x00, 0x00, 0x00, 0x00, 0x00, 0x00,
    0x00, 0x00, 0x00, 0x00, 0x00, 0x00, 0x00, 0x00, 0x00, 0x00, 0x00, 0x00,
    0x00, 0x00, 0x00, 0x00, 0x00, 0x00, 0x00, 0x00, 0x00, 0x00, 0x00, 0x00,
    0x00, 0x00, 0x00, 0x00, 0x00, 0x00, 0x00, 0x00, 0x00, 0x00, 0x00, 0x00,
    0x00, 0x00, 0x00, 0x00, 0x00, 0x00, 0x00, 0x00, 0x00, 0x00, 0x00, 0x00,
    0x00, 0x00, 0x00, 0x00, 0x00, 0x00, 0x00, 0x00, 0x00, 0x00, 0x00, 0x00,
    0x00, 0x00, 0x00, 0x00, 0x00, 0x00, 0x00, 0x00, 0x00, 0x00, 0x00, 0x00,
    0x00, 0x00, 0x00, 0x00, 0x00, 0x00, 0x00, 0x00, 0x00, 0x00, 0x00, 0x00,
    0x00, 0x00, 0x00, 0x00, 0x00, 0x00, 0x00, 0x00, 0x00, 0x00, 0x00, 0x00,
    0x00, 0x00, 0x00, 0x00, 0x00, 0x00, 0x00, 0x00, 0x00, 0x00, 0x00, 0x00,
    0x00, 0x00, 0x00, 0x00, 0x00, 0x00, 0x00, 0x00, 0x00, 0x00, 0x00, 0x00,
    0x00, 0x00, 0x00, 0x00, 0x00, 0x00, 0x00, 0x00, 0x00, 0x00, 0x00, 0x00,
    0x00, 0x00, 0x00, 0x00, 0x00, 0x00, 0x00, 0x00, 0x00, 0x00, 0x00, 0x00,
    0x00, 0x00, 0x00, 0x00, 0x00, 0x00, 0x00, 0x00, 0x00, 0x00, 0x00, 0x00,
    0x00, 0x00, 0x00, 0x00, 0x00, 0x00, 0x00, 0x00, 0x00, 0x00, 0x00, 0x00,
    0x00, 0x00, 0x00, 0x00, 0x00, 0x00, 0x00, 0x00, 0x00, 0x00, 0x00, 0x00,
    0x00, 0x00, 0x00, 0x00, 0x00, 0x00, 0x00, 0x00, 0x00, 0x00, 0x00, 0x00,
    0x00, 0x00, 0x00, 0x00, 0x00, 0x00, 0x00, 0x00, 0x00, 0x00, 0x00, 0x00,
    0x00, 0x00, 0x00, 0x00, 0x00, 0x00, 0x00, 0x00, 0x00, 0x00, 0x00, 0x00,
    0x00, 0x00, 0x00, 0x00, 0x00, 0x00, 0x00, 0x00, 0x00, 0x00, 0x00, 0x00,
    0x00, 0x00, 0x00, 0x00, 0x00, 0x00, 0x00, 0x00, 0x00, 0x00, 0x00, 0x00,
    0x00, 0x00, 0x00, 0x00, 0x00, 0x00, 0x00, 0x00, 0x00, 0x00, 0x00, 0x00,
    0x00, 0x00, 0x00, 0x00, 0x00, 0x00, 0x00, 0x00, 0x00, 0x00, 0x00, 0x00,
    0x00, 0x00, 0x00, 0x00, 0x00, 0x00, 0x00, 0x00, 0x00, 0x00, 0x00, 0x00,
    0x00, 0x00, 0x00, 0x00, 0x00, 0x00, 0x00, 0x00, 0x00, 0x00, 0x00, 0x00,
    0x00, 0x00, 0x00, 0x00, 0x00, 0x00, 0x00, 0x00, 0x00, 0x00, 0x00, 0x00,
    0x00, 0x00, 0x00, 0x00, 0x00, 0x00, 0x00, 0x00, 0x00, 0x00, 0x00, 0x00,
    0x00, 0x00, 0x00, 0x00, 0x00, 0x00, 0x00, 0x00, 0x00, 0x00, 0x00, 0x00,
    0x00, 0x00, 0x00, 0x00, 0x00, 0x00, 0x00, 0x00, 0x00, 0x00, 0x00, 0x00,
    0x00, 0x00, 0x00, 0x00, 0x00, 0x00, 0x00, 0x00, 0x00, 0x00, 0x00, 0x00,
    0x00, 0x00, 0x00, 0x00, 0x00, 0x00, 0x00, 0x00, 0x00, 0x00, 0x00, 0x00,
    0x00, 0x00, 0x00, 0x00, 0x00, 0x00, 0x00, 0x00, 0x00, 0x00, 0x00, 0x00,
    0x00, 0x00, 0x00, 0x00, 0x00, 0x00, 0x00, 0x00, 0x00, 0x00, 0x00, 0x00,
    0x00, 0x00, 0x00, 0x00, 0x00, 0x00, 0x00, 0x00, 0x00, 0x00, 0x00, 0x00,
    0x00, 0x00, 0x00, 0x00, 0x00, 0x00, 0x00, 0x00, 0x00, 0x00, 0x00, 0x00,
    0x00, 0x00, 0x00, 0x00, 0x00, 0x00, 0x00, 0x00, 0x00, 0x00, 0x00, 0x00,
    0x00, 0x00, 0x00, 0x00, 0x00, 0x00, 0x00, 0x00, 0x00, 0x00, 0x00, 0x00,
    0x00, 0x00, 0x00, 0x00, 0x00, 0x00, 0x00, 0x00, 0x00, 0x00, 0x00, 0x00,
    0x00, 0x00, 0x00, 0x00, 0x00, 0x00, 0x00, 0x00, 0x00, 0x00, 0x00, 0x00,
    0x00, 0x00, 0x00, 0x00, 0x00, 0x00, 0x00, 0x00, 0x00, 0x00, 0x00, 0x00,
    0x00, 0x00, 0x00, 0x00, 0x00, 0x00, 0x00, 0x00, 0x00, 0x00, 0x00, 0x00,
    0x00, 0x00, 0x00, 0x00, 0x00, 0x00, 0x00, 0x00, 0x00, 0x00, 0x00, 0x00,
    0x00, 0x00, 0x00, 0x00, 0x00, 0x00, 0x00, 0x00, 0x00, 0x00, 0x00, 0x00,
    0x40, 0x00, 0x00, 0x00, 0x1c, 0x14, 0x17, 0x3b, 0x1f, 0x3e, 0x18, 0x3b,
    0xe2, 0xdb, 0x2f, 0x3b, 0xcd, 0x62, 0x9a, 0x3b, 0xf0, 0xeb, 0xf8, 0x3a,
    0x04, 0xf8, 0xe6, 0x3a, 0xf8, 0xdd, 0xfd, 0x3a, 0xb2, 0x9d, 0x15, 0x3b,
    0x3a, 0x27, 0x17, 0x3b, 0xff, 0xb3, 0x18, 0x3b, 0x0a, 0xc0, 0x51, 0x3b,
    0x5a, 0xb1, 0x18, 0x3b, 0x11, 0xea, 0x44, 0x3b, 0x67, 0xc3, 0xf9, 0x3a,
    0x1d, 0x93, 0x23, 0x3b, 0xa0, 0x2d, 0x0a, 0x3b, 0x94, 0x4b, 0x28, 0x3b,
    0xcf, 0x34, 0x74, 0x3b, 0x55, 0xa5, 0x2f, 0x3b, 0x0a, 0x1a, 0xf5, 0x3a,
    0x10, 0xe1, 0x0e, 0x3b, 0xd1, 0x2f, 0xb7, 0x3b, 0x64, 0xfd, 0x02, 0x3b,
    0x1b, 0x73, 0xdb, 0x3a, 0xef, 0x77, 0x2a, 0x3b, 0x7b, 0xe1, 0x45, 0x3b,
    0x54, 0x84, 0xd8, 0x3a, 0xd6, 0xd7, 0x72, 0x3b, 0xa3, 0x09, 0x0a, 0x3b,
    0xe5, 0x37, 0x04, 0x3b, 0x01, 0xda, 0xe4, 0x3a, 0x58, 0x40, 0xf3, 0x3a,
    0xef, 0x10, 0x06, 0x3b, 0x45, 0xe0, 0x71, 0x3b, 0xfa, 0x4b, 0x26, 0x3b,
    0x1b, 0xe0, 0xec, 0x3a, 0x1b, 0x5d, 0xe1, 0x3a, 0xef, 0xd1, 0xf3, 0x3a,
    0xd7, 0x2c, 0x12, 0x3b, 0x0e, 0x24, 0x14, 0x3b, 0xa9, 0xe3, 0xd7, 0x3a,
    0x68, 0x6a, 0xea, 0x3a, 0x17, 0xbb, 0x5b, 0x3b, 0x7d, 0x8e, 0x13, 0x3b,
    0x0c, 0xa4, 0x2a, 0x3b, 0x0e, 0xa7, 0x12, 0x3b, 0xd2, 0xc6, 0x1b, 0x3b,
    0x02, 0xe0, 0x04, 0x3b, 0x6d, 0xdd, 0x13, 0x3b, 0x92, 0x8b, 0x08, 0x3b,
    0x22, 0xf1, 0x2b, 0x3b, 0xea, 0xe3, 0xea, 0x3a, 0x1d, 0xf6, 0x42, 0x3b,
    0x36, 0xbf, 0x24, 0x3b, 0xa4, 0x24, 0xf4, 0x3a, 0x58, 0x66, 0xfc, 0x3a,
    0x5a, 0x1e, 0x43, 0x3b, 0x5c, 0xa1, 0xd9, 0x3a, 0x09, 0xac, 0x06, 0x3b,
    0x5a, 0xbe, 0xe9, 0x3a, 0x37, 0x89, 0x66, 0x3b, 0x1a, 0x19, 0xf7, 0x3a,
    0x8f, 0x25, 0x24, 0x3b, 0x43, 0x58, 0x23, 0x3b, 0x23, 0x00, 0x00, 0x00,
    0x6c, 0x65, 0x77, 0x69, 0x73, 0x5f, 0x62, 0x61, 0x63, 0x6b, 0x62, 0x6f,
    0x6e, 0x65, 0x5f, 0x31, 0x2f, 0x65, 0x6d, 0x62, 0x65, 0x64, 0x64, 0x69,
    0x6e, 0x67, 0x5f, 0x31, 0x2f, 0x4d, 0x61, 0x74, 0x4d, 0x75, 0x6c, 0x00,
    0x02, 0x00, 0x00, 0x00, 0x40, 0x00, 0x00, 0x00, 0x40, 0x00, 0x00, 0x00,
    0x1a, 0xf9, 0xff, 0xff, 0x00, 0x00, 0x00, 0x01, 0x14, 0x00, 0x00, 0x00,
    0x28, 0x03, 0x00, 0x00, 0x0c, 0x00, 0x00, 0x00, 0x00, 0x00, 0x00, 0x02,
    0x68, 0x03, 0x00, 0x00, 0x9c, 0xf8, 0xff, 0xff, 0x08, 0x00, 0x00, 0x00,
    0x0c, 0x02, 0x00, 0x00, 0x40, 0x00, 0x00, 0x00, 0x00, 0x00, 0x00, 0x00,
    0x00, 0x00, 0x00, 0x00, 0x00, 0x00, 0x00, 0x00, 0x00, 0x00, 0x00, 0x00,
    0x00, 0x00, 0x00, 0x00, 0x00, 0x00, 0x00, 0x00, 0x00, 0x00, 0x00, 0x00,
    0x00, 0x00, 0x00, 0x00, 0x00, 0x00, 0x00, 0x00, 0x00, 0x00, 0x00, 0x00,
    0x00, 0x00, 0x00, 0x00, 0x00, 0x00, 0x00, 0x00, 0x00, 0x00, 0x00, 0x00,
    0x00, 0x00, 0x00, 0x00, 0x00, 0x00, 0x00, 0x00, 0x00, 0x00, 0x00, 0x00,
    0x00, 0x00, 0x00, 0x00, 0x00, 0x00, 0x00, 0x00, 0x00, 0x00, 0x00, 0x00,
    0x00, 0x00, 0x00, 0x00, 0x00, 0x00, 0x00, 0x00, 0x00, 0x00, 0x00, 0x00,
    0x00, 0x00, 0x00, 0x00, 0x00, 0x00, 0x00, 0x00, 0x00, 0x00, 0x00, 0x00,
    0x00, 0x00, 0x00, 0x00, 0x00, 0x00, 0x00, 0x00, 0x00, 0x00, 0x00, 0x00,
    0x00, 0x00, 0x00, 0x00, 0x00, 0x00, 0x00, 0x00, 0x00, 0x00, 0x00, 0x00,
    0x00, 0x00, 0x00, 0x00, 0x00, 0x00, 0x00, 0x00, 0x00, 0x00, 0x00, 0x00,
    0x00, 0x00, 0x00, 0x00, 0x00, 0x00, 0x00, 0x00, 0x00, 0x00, 0x00, 0x00,
    0x00, 0x00, 0x00, 0x00, 0x00, 0x00, 0x00, 0x00, 0x00, 0x00, 0x00, 0x00,
    0x00, 0x00, 0x00, 0x00, 0x00, 0x00, 0x00, 0x00, 0x00, 0x00, 0x00, 0x00,
    0x00, 0x00, 0x00, 0x00, 0x00, 0x00, 0x00, 0x00, 0x00, 0x00, 0x00, 0x00,
    0x00, 0x00, 0x00, 0x00, 0x00, 0x00, 0x00, 0x00, 0x00, 0x00, 0x00, 0x00,
    0x00, 0x00, 0x00, 0x00, 0x00, 0x00, 0x00, 0x00, 0x00, 0x00, 0x00, 0x00,
    0x00, 0x00, 0x00, 0x00, 0x00, 0x00, 0x00, 0x00, 0x00, 0x00, 0x00, 0x00,
    0x00, 0x00, 0x00, 0x00, 0x00, 0x00, 0x00, 0x00, 0x00, 0x00, 0x00, 0x00,
    0x00, 0x00, 0x00, 0x00, 0x00, 0x00, 0x00, 0x00, 0x00, 0x00, 0x00, 0x00,
    0x00, 0x00, 0x00, 0x00, 0x00, 0x00, 0x00, 0x00, 0x00, 0x00, 0x00, 0x00,
    0x00, 0x00, 0x00, 0x00, 0x00, 0x00, 0x00, 0x00, 0x00, 0x00, 0x00, 0x00,
    0x00, 0x00, 0x00, 0x00, 0x00, 0x00, 0x00, 0x00, 0x00, 0x00, 0x00, 0x00,
    0x00, 0x00, 0x00, 0x00, 0x00, 0x00, 0x00, 0x00, 0x00, 0x00, 0x00, 0x00,
    0x00, 0x00, 0x00, 0x00, 0x00, 0x00, 0x00, 0x00, 0x00, 0x00, 0x00, 0x00,
    0x00, 0x00, 0x00, 0x00, 0x00, 0x00, 0x00, 0x00, 0x00, 0x00, 0x00, 0x00,
    0x00, 0x00, 0x00, 0x00, 0x00, 0x00, 0x00, 0x00, 0x00, 0x00, 0x00, 0x00,
    0x00, 0x00, 0x00, 0x00, 0x00, 0x00, 0x00, 0x00, 0x00, 0x00, 0x00, 0x00,
    0x00, 0x00, 0x00, 0x00, 0x00, 0x00, 0x00, 0x00, 0x00, 0x00, 0x00, 0x00,
    0x00, 0x00, 0x00, 0x00, 0x00, 0x00, 0x00, 0x00, 0x00, 0x00, 0x00, 0x00,
    0x00, 0x00, 0x00, 0x00, 0x00, 0x00, 0x00, 0x00, 0x00, 0x00, 0x00, 0x00,
    0x00, 0x00, 0x00, 0x00, 0x00, 0x00, 0x00, 0x00, 0x00, 0x00, 0x00, 0x00,
    0x00, 0x00, 0x00, 0x00, 0x00, 0x00, 0x00, 0x00, 0x00, 0x00, 0x00, 0x00,
    0x00, 0x00, 0x00, 0x00, 0x00, 0x00, 0x00, 0x00, 0x00, 0x00, 0x00, 0x00,
    0x00, 0x00, 0x00, 0x00, 0x00, 0x00, 0x00, 0x00, 0x00, 0x00, 0x00, 0x00,
    0x00, 0x00, 0x00, 0x00, 0x00, 0x00, 0x00, 0x00, 0x00, 0x00, 0x00, 0x00,
    0x00, 0x00, 0x00, 0x00, 0x00, 0x00, 0x00, 0x00, 0x00, 0x00, 0x00, 0x00,
    0x00, 0x00, 0x00, 0x00, 0x00, 0x00, 0x00, 0x00, 0x00, 0x00, 0x00, 0x00,
    0x00, 0x00, 0x00, 0x00, 0x00, 0x00, 0x00, 0x00, 0x00, 0x00, 0x00, 0x00,
    0x00, 0x00, 0x00, 0x00, 0x00, 0x00, 0x00, 0x00, 0x00, 0x00, 0x00, 0x00,
    0x00, 0x00, 0x00, 0x00, 0x00, 0x00, 0x00, 0x00, 0x00, 0x00, 0x00, 0x00,
    0x00, 0x00, 0x00, 0x00, 0x00, 0x00, 0x00, 0x00, 0x00, 0x00, 0x00, 0x00,
    0x00, 0x00, 0x00, 0x00, 0x00, 0x00, 0x00, 0x00, 0x40, 0x00, 0x00, 0x00,
    0x76, 0xf2, 0xb6, 0x37, 0x56, 0x5b, 0xb8, 0x37, 0x65, 0xf4, 0xd4, 0x37,
    0xc1, 0xf3, 0x3a, 0x38, 0xf2, 0xb6, 0x96, 0x37, 0x40, 0xd8, 0x8b, 0x37,
    0x7d, 0xb5, 0x99, 0x37, 0x12, 0x2d, 0xb5, 0x37, 0x9d, 0x09, 0xb7, 0x37,
    0x13, 0xea, 0xb8, 0x37, 0xb3, 0xfe, 0xfd, 0x37, 0xe0, 0xe6, 0xb8, 0x37,
    0x96, 0x73, 0xee, 0x37, 0x67, 0x39, 0x97, 0x37, 0x44, 0x14, 0xc6, 0x37,
    0x5a, 0x53, 0xa7, 0x37, 0xa5, 0xcb, 0xcb, 0x37, 0x10, 0xdc, 0x13, 0x38,
    0x56, 0xb2, 0xd4, 0x37, 0xdb, 0x66, 0x94, 0x37, 0xa4, 0x04, 0xad, 0x37,
    0x09, 0xd4, 0x5d, 0x38, 0xf0, 0x9e, 0x9e, 0x37, 0xc6, 0xde, 0x84, 0x37,
    0x5b, 0x6d, 0xce, 0x37, 0x30, 0x9f, 0xef, 0x37, 0x33, 0x18, 0x83, 0x37,
    0xc5, 0x08, 0x13, 0x38, 0xc5, 0x27, 0xa7, 0x37, 0xc8, 0x1b, 0xa0, 0x37,
    0x14, 0x90, 0x8a, 0x37, 0x0c, 0x48, 0x93, 0x37, 0x9b, 0x58, 0xa2, 0x37,
    0xe0, 0x72, 0x12, 0x38, 0x20, 0x60, 0xc9, 0x37, 0xc7, 0x6b, 0x8f, 0x37,
    0x74, 0x73, 0x88, 0x37, 0x33, 0xa0, 0x93, 0x37, 0x68, 0x02, 0xb1, 0x37,
    0xc5, 0x63, 0xb3, 0x37, 0xec, 0xb6, 0x82, 0x37, 0x83, 0xee, 0x8d, 0x37,
    0x5c, 0x0a, 0x05, 0x38, 0xa7, 0xae, 0xb2, 0x37, 0xc7, 0xa2, 0xce, 0x37,
    0x66, 0x96, 0xb1, 0x37, 0xe0, 0xa2, 0xbc, 0x37, 0x5b, 0xe7, 0xa0, 0x37,
    0x3e, 0x0e, 0xb3, 0x37, 0x1c, 0x59, 0xa5, 0x37, 0x1f, 0x36, 0xd0, 0x37,
    0x15, 0x38, 0x8e, 0x37, 0x2c, 0x16, 0xec, 0x37, 0xaa, 0x7f, 0xc7, 0x37,
    0x46, 0xd2, 0x93, 0x37, 0x0f, 0xd2, 0x98, 0x37, 0xe6, 0x46, 0xec, 0x37,
    0xc7, 0xc4, 0x83, 0x37, 0x6c, 0x14, 0xa3, 0x37, 0x56, 0x86, 0x8d, 0x37,
    0x2a, 0x95, 0x0b, 0x38, 0x4a, 0x9c, 0x95, 0x37, 0x9a, 0xc5, 0xc6, 0x37,
    0x00, 0xcd, 0xc5, 0x37, 0x46, 0x00, 0x00, 0x00, 0x6c, 0x65, 0x77, 0x69,
    0x73, 0x5f, 0x62, 0x61, 0x63, 0x6b, 0x62, 0x6f, 0x6e, 0x65, 0x5f, 0x31,
    0x2f, 0x65, 0x6d, 0x62, 0x65, 0x64, 0x64, 0x69, 0x6e, 0x67, 0x5f, 0x31,
    0x2f, 0x52, 0x65, 0x6c, 0x75, 0x3b, 0x6c, 0x65, 0x77, 0x69, 0x73, 0x5f,
    0x62, 0x61, 0x63, 0x6b, 0x62, 0x6f, 0x6e, 0x65, 0x5f, 0x31, 0x2f, 0x65,
    0x6d, 0x62, 0x65, 0x64, 0x64, 0x69, 0x6e, 0x67, 0x5f, 0x31, 0x2f, 0x42,
    0x69, 0x61, 0x73, 0x41, 0x64, 0x64, 0x00, 0x00, 0x01, 0x00, 0x00, 0x00,
    0x40, 0x00, 0x00, 0x00, 0xa2, 0xfc, 0xff, 0xff, 0x00, 0x00, 0x00, 0x01,
    0x14, 0x00, 0x00, 0x00, 0x40, 0x00, 0x00, 0x00, 0x0b, 0x00, 0x00, 0x00,
    0x00, 0x00, 0x00, 0x09, 0x5c, 0x00, 0x00, 0x00, 0x24, 0xfc, 0xff, 0xff,
    0x08, 0x00, 0x00, 0x00, 0x1c, 0x00, 0x00, 0x00, 0x02, 0x00, 0x00, 0x00,
    0x00, 0x00, 0x00, 0x00, 0x00, 0x00, 0x00, 0x00, 0x00, 0x00, 0x00, 0x00,
    0x00, 0x00, 0x00, 0x00, 0x00, 0x00, 0x00, 0x00, 0x02, 0x00, 0x00, 0x00,
    0xfd, 0x10, 0x64, 0x3b, 0xfd, 0x3b, 0x52, 0x3b, 0x20, 0x00, 0x00, 0x00,
    0x6c, 0x65, 0x77, 0x69, 0x73, 0x5f, 0x62, 0x61, 0x63, 0x6b, 0x62, 0x6f,
    0x6e, 0x65, 0x5f, 0x31, 0x2f, 0x6f, 0x75, 0x74, 0x70, 0x75, 0x74, 0x5f,
    0x31, 0x2f, 0x4d, 0x61, 0x74, 0x4d, 0x75, 0x6c, 0x00, 0x00, 0x00, 0x00,
    0x02, 0x00, 0x00, 0x00, 0x02, 0x00, 0x00, 0x00, 0x40, 0x00, 0x00, 0x00,
    0x22, 0xfd, 0xff, 0xff, 0x00, 0x00, 0x00, 0x01, 0x14, 0x00, 0x00, 0x00,
    0x40, 0x00, 0x00, 0x00, 0x0a, 0x00, 0x00, 0x00, 0x00, 0x00, 0x00, 0x02,
    0x5c, 0x00, 0x00, 0x00, 0xa4, 0xfc, 0xff, 0xff, 0x08, 0x00, 0x00, 0x00,
    0x1c, 0x00, 0x00, 0x00, 0x02, 0x00, 0x00, 0x00, 0x00, 0x00, 0x00, 0x00,
    0x00, 0x00, 0x00, 0x00, 0x00, 0x00, 0x00, 0x00, 0x00, 0x00, 0x00, 0x00,
    0x00, 0x00, 0x00, 0x00, 0x02, 0x00, 0x00, 0x00, 0xc4, 0x74, 0x82, 0x37,
    0x15, 0x83, 0x70, 0x37, 0x21, 0x00, 0x00, 0x00, 0x6c, 0x65, 0x77, 0x69,
    0x73, 0x5f, 0x62, 0x61, 0x63, 0x6b, 0x62, 0x6f, 0x6e, 0x65, 0x5f, 0x31,
    0x2f, 0x6f, 0x75, 0x74, 0x70, 0x75, 0x74, 0x5f, 0x31, 0x2f, 0x42, 0x69,
    0x61, 0x73, 0x41, 0x64, 0x64, 0x00, 0x00, 0x00, 0x01, 0x00, 0x00, 0x00,
    0x02, 0x00, 0x00, 0x00, 0x9e, 0xfd, 0xff, 0xff, 0x00, 0x00, 0x00, 0x01,
    0x14, 0x00, 0x00, 0x00, 0x14, 0x00, 0x00, 0x00, 0x09, 0x00, 0x00, 0x00,
    0x00, 0x00, 0x00, 0x02, 0x3c, 0x00, 0x00, 0x00, 0x88, 0xfd, 0xff, 0xff,
    0x2e, 0x00, 0x00, 0x00, 0x6c, 0x65, 0x77, 0x69, 0x73, 0x5f, 0x62, 0x61,
    0x63, 0x6b, 0x62, 0x6f, 0x6e, 0x65, 0x5f, 0x31, 0x2f, 0x6d, 0x61, 0x78,
    0x70, 0x6f, 0x6f, 0x6c, 0x5f, 0x33, 0x5f, 0x31, 0x2f, 0x4d, 0x61, 0x78,
    0x50, 0x6f, 0x6f, 0x6c, 0x31, 0x64, 0x2f, 0x53, 0x71, 0x75, 0x65, 0x65,
    0x7a, 0x65, 0x00, 0x00, 0x01, 0x00, 0x00, 0x00, 0x03, 0x00, 0x00, 0x00,
    0xfa, 0xfd, 0xff, 0xff, 0x00, 0x00, 0x00, 0x01, 0x14, 0x00, 0x00, 0x00,
    0x14, 0x00, 0x00, 0x00, 0x08, 0x00, 0x00, 0x00, 0x00, 0x00, 0x00, 0x02,
    0x3c, 0x00, 0x00, 0x00, 0xe4, 0xfd, 0xff, 0xff, 0x2f, 0x00, 0x00, 0x00,
    0x6c, 0x65, 0x77, 0x69, 0x73, 0x5f, 0x62, 0x61, 0x63, 0x6b, 0x62, 0x6f,
    0x6e, 0x65, 0x5f, 0x31, 0x2f, 0x63, 0x6f, 0x6e, 0x76, 0x31, 0x64, 0x5f,
    0x33, 0x5f, 0x31, 0x2f, 0x63, 0x6f, 0x6e, 0x76, 0x6f, 0x6c, 0x75, 0x74,
    0x69, 0x6f, 0x6e, 0x2f, 0x53, 0x71, 0x75, 0x65, 0x65, 0x7a, 0x65, 0x00,
    0x01, 0x00, 0x00, 0x00, 0x03, 0x00, 0x00, 0x00, 0x56, 0xfe, 0xff, 0xff,
    0x00, 0x00, 0x00, 0x01, 0x14, 0x00, 0x00, 0x00, 0x14, 0x00, 0x00, 0x00,
    0x07, 0x00, 0x00, 0x00, 0x00, 0x00, 0x00, 0x02, 0x3c, 0x00, 0x00, 0x00,
    0x40, 0xfe, 0xff, 0xff, 0x2e, 0x00, 0x00, 0x00, 0x6c, 0x65, 0x77, 0x69,
    0x73, 0x5f, 0x62, 0x61, 0x63, 0x6b, 0x62, 0x6f, 0x6e, 0x65, 0x5f, 0x31,
    0x2f, 0x6d, 0x61, 0x78, 0x70, 0x6f, 0x6f, 0x6c, 0x5f, 0x32, 0x5f, 0x31,
    0x2f, 0x4d, 0x61, 0x78, 0x50, 0x6f, 0x6f, 0x6c, 0x31, 0x64, 0x2f, 0x53,
    0x71, 0x75, 0x65, 0x65, 0x7a, 0x65, 0x00, 0x00, 0x01, 0x00, 0x00, 0x00,
    0x03, 0x00, 0x00, 0x00, 0xb2, 0xfe, 0xff, 0xff, 0x00, 0x00, 0x00, 0x01,
    0x14, 0x00, 0x00, 0x00, 0x14, 0x00, 0x00, 0x00, 0x06, 0x00, 0x00, 0x00,
    0x00, 0x00, 0x00, 0x02, 0x3c, 0x00, 0x00, 0x00, 0x9c, 0xfe, 0xff, 0xff,
    0x2f, 0x00, 0x00, 0x00, 0x6c, 0x65, 0x77, 0x69, 0x73, 0x5f, 0x62, 0x61,
    0x63, 0x6b, 0x62, 0x6f, 0x6e, 0x65, 0x5f, 0x31, 0x2f, 0x63, 0x6f, 0x6e,
    0x76, 0x31, 0x64, 0x5f, 0x32, 0x5f, 0x31, 0x2f, 0x63, 0x6f, 0x6e, 0x76,
    0x6f, 0x6c, 0x75, 0x74, 0x69, 0x6f, 0x6e, 0x2f, 0x53, 0x71, 0x75, 0x65,
    0x65, 0x7a, 0x65, 0x00, 0x01, 0x00, 0x00, 0x00, 0x03, 0x00, 0x00, 0x00,
    0x0e, 0xff, 0xff, 0xff, 0x00, 0x00, 0x00, 0x01, 0x14, 0x00, 0x00, 0x00,
    0x14, 0x00, 0x00, 0x00, 0x05, 0x00, 0x00, 0x00, 0x00, 0x00, 0x00, 0x02,
    0x3c, 0x00, 0x00, 0x00, 0xf8, 0xfe, 0xff, 0xff, 0x2e, 0x00, 0x00, 0x00,
    0x6c, 0x65, 0x77, 0x69, 0x73, 0x5f, 0x62, 0x61, 0x63, 0x6b, 0x62, 0x6f,
    0x6e, 0x65, 0x5f, 0x31, 0x2f, 0x6d, 0x61, 0x78, 0x70, 0x6f, 0x6f, 0x6c,
    0x5f, 0x31, 0x5f, 0x31, 0x2f, 0x4d, 0x61, 0x78, 0x50, 0x6f, 0x6f, 0x6c,
    0x31, 0x64, 0x2f, 0x53, 0x71, 0x75, 0x65, 0x65, 0x7a, 0x65, 0x00, 0x00,
    0x01, 0x00, 0x00, 0x00, 0x03, 0x00, 0x00, 0x00, 0x6a, 0xff, 0xff, 0xff,
    0x00, 0x00, 0x00, 0x01, 0x14, 0x00, 0x00, 0x00, 0x14, 0x00, 0x00, 0x00,
    0x04, 0x00, 0x00, 0x00, 0x00, 0x00, 0x00, 0x02, 0x1c, 0x00, 0x00, 0x00,
    0x54, 0xff, 0xff, 0xff, 0x0e, 0x00, 0x00, 0x00, 0x61, 0x72, 0x69, 0x74,
    0x68, 0x2e, 0x63, 0x6f, 0x6e, 0x73, 0x74, 0x61, 0x6e, 0x74, 0x00, 0x00,
    0x00, 0x00, 0x00, 0x00, 0xa2, 0xff, 0xff, 0xff, 0x00, 0x00, 0x00, 0x01,
    0x14, 0x00, 0x00, 0x00, 0x14, 0x00, 0x00, 0x00, 0x03, 0x00, 0x00, 0x00,
    0x00, 0x00, 0x00, 0x02, 0x3c, 0x00, 0x00, 0x00, 0x8c, 0xff, 0xff, 0xff,
    0x2f, 0x00, 0x00, 0x00, 0x6c, 0x65, 0x77, 0x69, 0x73, 0x5f, 0x62, 0x61,
    0x63, 0x6b, 0x62, 0x6f, 0x6e, 0x65, 0x5f, 0x31, 0x2f, 0x63, 0x6f, 0x6e,
    0x76, 0x31, 0x64, 0x5f, 0x31, 0x5f, 0x31, 0x2f, 0x63, 0x6f, 0x6e, 0x76,
    0x6f, 0x6c, 0x75, 0x74, 0x69, 0x6f, 0x6e, 0x2f, 0x53, 0x71, 0x75, 0x65,
    0x65, 0x7a, 0x65, 0x00, 0x01, 0x00, 0x00, 0x00, 0x03, 0x00, 0x00, 0x00,
    0x00, 0x00, 0x16, 0x00, 0x1c, 0x00, 0x18, 0x00, 0x17, 0x00, 0x10, 0x00,
    0x0c, 0x00, 0x08, 0x00, 0x00, 0x00, 0x00, 0x00, 0x00, 0x00, 0x07, 0x00,
    0x16, 0x00, 0x00, 0x00, 0x00, 0x00, 0x00, 0x01, 0x18, 0x00, 0x00, 0x00,
    0x18, 0x00, 0x00, 0x00, 0x02, 0x00, 0x00, 0x00, 0x00, 0x00, 0x00, 0x02,
    0x20, 0x00, 0x00, 0x00, 0x04, 0x00, 0x04, 0x00, 0x04, 0x00, 0x00, 0x00,
    0x0f, 0x00, 0x00, 0x00, 0x61, 0x72, 0x69, 0x74, 0x68, 0x2e, 0x63, 0x6f,
    0x6e, 0x73, 0x74, 0x61, 0x6e, 0x74, 0x31, 0x00, 0x00, 0x00, 0x00, 0x00,
    0x00, 0x00, 0x16, 0x00, 0x20, 0x00, 0x1c, 0x00, 0x1b, 0x00, 0x14, 0x00,
    0x10, 0x00, 0x0c, 0x00, 0x00, 0x00, 0x00, 0x00, 0x08, 0x00, 0x07, 0x00,
    0x16, 0x00, 0x00, 0x00, 0x00, 0x00, 0x00, 0x01, 0x18, 0x00, 0x00, 0x00,
    0x30, 0x00, 0x00, 0x00, 0x50, 0x00, 0x00, 0x00, 0x01, 0x00, 0x00, 0x00,
    0x00, 0x00, 0x00, 0x09, 0x60, 0x00, 0x00, 0x00, 0x03, 0x00, 0x00, 0x00,
    0xff, 0xff, 0xff, 0xff, 0xf4, 0x01, 0x00, 0x00, 0x01, 0x00, 0x00, 0x00,
    0x0c, 0x00, 0x0c, 0x00, 0x00, 0x00, 0x00, 0x00, 0x08, 0x00, 0x04, 0x00,
    0x0c, 0x00, 0x00, 0x00, 0x08, 0x00, 0x00, 0x00, 0x14, 0x00, 0x00, 0x00,
    0x01, 0x00, 0x00, 0x00, 0xfa, 0xff, 0xff, 0xff, 0xff, 0xff, 0xff, 0xff,
    0x00, 0x00, 0x00, 0x00, 0x01, 0x00, 0x00, 0x00, 0x93, 0x94, 0x99, 0x3d,
    0x17, 0x00, 0x00, 0x00, 0x73, 0x65, 0x72, 0x76, 0x69, 0x6e, 0x67, 0x5f,
    0x64, 0x65, 0x66, 0x61, 0x75, 0x6c, 0x74, 0x5f, 0x69, 0x6e, 0x70, 0x75,
    0x74, 0x3a, 0x30, 0x00, 0x03, 0x00, 0x00, 0x00, 0x01, 0x00, 0x00, 0x00,
    0xf4, 0x01, 0x00, 0x00, 0x01, 0x00, 0x00, 0x00, 0x07, 0x00, 0x00, 0x00,
    0x90, 0x00, 0x00, 0x00, 0x70, 0x00, 0x00, 0x00, 0x54, 0x00, 0x00, 0x00,
    0x40, 0x00, 0x00, 0x00, 0x2c, 0x00, 0x00, 0x00, 0x18, 0x00, 0x00, 0x00,
    0x04, 0x00, 0x00, 0x00, 0xb4, 0xff, 0xff, 0xff, 0x19, 0x00, 0x00, 0x00,
    0x02, 0x00, 0x00, 0x00, 0x00, 0x00, 0x00, 0x19, 0xc4, 0xff, 0xff, 0xff,
    0x09, 0x00, 0x00, 0x00, 0x04, 0x00, 0x00, 0x00, 0x00, 0x00, 0x00, 0x09,
    0xd4, 0xff, 0xff, 0xff, 0x28, 0x00, 0x00, 0x00, 0x02, 0x00, 0x00, 0x00,
    0x00, 0x00, 0x00, 0x28, 0xe4, 0xff, 0xff, 0xff, 0x11, 0x00, 0x00, 0x00,
    0x02, 0x00, 0x00, 0x00, 0x00, 0x00, 0x00, 0x11, 0xd8, 0xff, 0xff, 0xff,
    0x16, 0x00, 0x00, 0x00, 0x00, 0x00, 0x00, 0x16, 0x0c, 0x00, 0x10, 0x00,
    0x0f, 0x00, 0x00, 0x00, 0x08, 0x00, 0x04, 0x00, 0x0c, 0x00, 0x00, 0x00,
    0x03, 0x00, 0x00, 0x00, 0x03, 0x00, 0x00, 0x00, 0x00, 0x00, 0x00, 0x03,
    0x0c, 0x00, 0x0c, 0x00, 0x0b, 0x00, 0x00, 0x00, 0x00, 0x00, 0x04, 0x00,
    0x0c, 0x00, 0x00, 0x00, 0x46, 0x00, 0x00, 0x00, 0x00, 0x00, 0x00, 0x46,
};

static const unsigned int stage1_int8_v2_0_len = 27264;

#ifdef __cplusplus
}
#endif

#endif /* STAGE1_INT8_V2_0_TFLITE_H */
